============================================================
  Generated by:           Genus(TM) Synthesis Solution 23.10-p004_1
  Generated on:           May 11 2026  10:26:50 pm
  Module:                 uart_top
  Library domain:         slow
    Domain index:         0
    Technology libraries: sky130_ss_1.62_125 1.0
                          physical_cells 
  Library domain:         fast
    Domain index:         1
    Technology libraries: sky130_ff_1.98_0 1.0
                          physical_cells 
  Library domain:         typ
    Domain index:         2
    Technology libraries: sky130_tt_1.8_25 1.0
                          physical_cells 
  Operating conditions:   ss_1.62_125 
  Operating conditions:   ff_1.98_0 
  Operating conditions:   tt_1.8_25 
  Interconnect mode:      global
  Area mode:              physical library
============================================================

path   1:

            Pin                        Type          Fanout Load Slew  Delay Arrival   Location    
                                      (Domain)              (fF) (ps)  (ps)    (ps)       (x,   y) 
---------------------------------------------------------------------------------------------------
(clock sys_clk)                   launch                                           0 R             
(constraint.sdc_line_16_2_1)      ext delay                           +33000   33000 R             
rx_read_en                   (u)  in port                 1  5.6   55    +32   33032 R             
rx_inst/read_en 
  fifo_inst/rd_en 
    read_pointer_inst/rd_en 
      g52/in_0                                                            +0   33032               
      g52/z                  (u)  unmapped_complex2       4 22.4    0   +221   33253 F             
      g53/in_0                                                            +0   33253               
      g53/z                  (u)  unmapped_not           16 89.6    0   +359   33612 R             
    read_pointer_inst/can_read 
    memory_inst/can_read 
      g2421/in_1                                                          +0   33612               
      g2421/z                (u)  unmapped_complex2       4 22.4    0   +221   33833 F             
      g2402/in_1                                                          +0   33833               
      g2402/z                (u)  unmapped_or2            8 44.8    0   +314   34148 F             
      g2352/in_1                                                          +0   34148               
      g2352/z                (u)  unmapped_complex2       1  5.6    0   +118   34265 F             
      g2188/in_1                                                          +0   34265               
      g2188/z                (u)  unmapped_nand2          1  5.6    0   +118   34383 R             
      g2163/in_0                                                          +0   34383               
      g2163/z                (u)  unmapped_complex2       1  5.6    0   +118   34501 R             
      g2137/in_1                                                          +0   34501               
      g2137/z                (u)  unmapped_or2            1  5.6    0   +118   34618 R             
      g2131/in_1                                                          +0   34618               
      g2131/z                (u)  unmapped_or2            1  5.6    0   +118   34736 R             
      g2119/in_1                                                          +0   34736               
      g2119/z                (u)  unmapped_or2            1  5.6    0   +118   34854 R             
      dout_reg[7]/d               unmapped_d_flop                         +0   34854               
      dout_reg[7]/clk             setup                             0   +194   35048 R             
- - - - - - - - - - - - - - - - - - - - - - - - - - - - - - - - - - - - - - - - - - - - - - - - - -
(clock sys_clk)                   capture                                      83330 R             
                                  uncertainty                          -2000   81330 R             
---------------------------------------------------------------------------------------------------
Cost Group   : 'sys_clk' (path_group 'sys_clk')
Timing slack :   46282ps 
Start-point  : rx_read_en
End-point    : rx_inst/fifo_inst/memory_inst/dout_reg[7]/d

(u) : Net has unmapped pin(s).

path   2:

            Pin                        Type          Fanout Load Slew  Delay Arrival   Location    
                                      (Domain)              (fF) (ps)  (ps)    (ps)       (x,   y) 
---------------------------------------------------------------------------------------------------
(clock sys_clk)                   launch                                           0 R             
(constraint.sdc_line_16_2_1)      ext delay                           +33000   33000 R             
rx_read_en                   (u)  in port                 1  5.6   55    +32   33032 R             
rx_inst/read_en 
  fifo_inst/rd_en 
    read_pointer_inst/rd_en 
      g52/in_0                                                            +0   33032               
      g52/z                  (u)  unmapped_complex2       4 22.4    0   +221   33253 F             
      g53/in_0                                                            +0   33253               
      g53/z                  (u)  unmapped_not           16 89.6    0   +359   33612 R             
    read_pointer_inst/can_read 
    memory_inst/can_read 
      g2420/in_1                                                          +0   33612               
      g2420/z                (u)  unmapped_complex2       4 22.4    0   +221   33833 F             
      g2419/in_1                                                          +0   33833               
      g2419/z                (u)  unmapped_or2            8 44.8    0   +314   34148 F             
      g2371/in_1                                                          +0   34148               
      g2371/z                (u)  unmapped_complex2       1  5.6    0   +118   34265 F             
      g2243/in_1                                                          +0   34265               
      g2243/z                (u)  unmapped_nand2          1  5.6    0   +118   34383 R             
      g2151/in_0                                                          +0   34383               
      g2151/z                (u)  unmapped_complex2       1  5.6    0   +118   34501 R             
      g2145/in_1                                                          +0   34501               
      g2145/z                (u)  unmapped_or2            1  5.6    0   +118   34618 R             
      g2129/in_1                                                          +0   34618               
      g2129/z                (u)  unmapped_or2            1  5.6    0   +118   34736 R             
      g2116/in_1                                                          +0   34736               
      g2116/z                (u)  unmapped_or2            1  5.6    0   +118   34854 R             
      dout_reg[6]/d               unmapped_d_flop                         +0   34854               
      dout_reg[6]/clk             setup                             0   +194   35048 R             
- - - - - - - - - - - - - - - - - - - - - - - - - - - - - - - - - - - - - - - - - - - - - - - - - -
(clock sys_clk)                   capture                                      83330 R             
                                  uncertainty                          -2000   81330 R             
---------------------------------------------------------------------------------------------------
Cost Group   : 'sys_clk' (path_group 'sys_clk')
Timing slack :   46282ps 
Start-point  : rx_read_en
End-point    : rx_inst/fifo_inst/memory_inst/dout_reg[6]/d

(u) : Net has unmapped pin(s).

path   3:

            Pin                        Type          Fanout Load Slew  Delay Arrival   Location    
                                      (Domain)              (fF) (ps)  (ps)    (ps)       (x,   y) 
---------------------------------------------------------------------------------------------------
(clock sys_clk)                   launch                                           0 R             
(constraint.sdc_line_16_2_1)      ext delay                           +33000   33000 R             
rx_read_en                   (u)  in port                 1  5.6   55    +32   33032 R             
rx_inst/read_en 
  fifo_inst/rd_en 
    read_pointer_inst/rd_en 
      g52/in_0                                                            +0   33032               
      g52/z                  (u)  unmapped_complex2       4 22.4    0   +221   33253 F             
      g53/in_0                                                            +0   33253               
      g53/z                  (u)  unmapped_not           16 89.6    0   +359   33612 R             
    read_pointer_inst/can_read 
    memory_inst/can_read 
      g2420/in_1                                                          +0   33612               
      g2420/z                (u)  unmapped_complex2       4 22.4    0   +221   33833 F             
      g2419/in_1                                                          +0   33833               
      g2419/z                (u)  unmapped_or2            8 44.8    0   +314   34148 F             
      g2263/in_1                                                          +0   34148               
      g2263/z                (u)  unmapped_complex2       1  5.6    0   +118   34265 F             
      g2187/in_1                                                          +0   34265               
      g2187/z                (u)  unmapped_nand2          1  5.6    0   +118   34383 R             
      g2179/in_0                                                          +0   34383               
      g2179/z                (u)  unmapped_complex2       1  5.6    0   +118   34501 R             
      g2134/in_1                                                          +0   34501               
      g2134/z                (u)  unmapped_or2            1  5.6    0   +118   34618 R             
      g2125/in_1                                                          +0   34618               
      g2125/z                (u)  unmapped_or2            1  5.6    0   +118   34736 R             
      g2117/in_1                                                          +0   34736               
      g2117/z                (u)  unmapped_or2            1  5.6    0   +118   34854 R             
      dout_reg[5]/d               unmapped_d_flop                         +0   34854               
      dout_reg[5]/clk             setup                             0   +194   35048 R             
- - - - - - - - - - - - - - - - - - - - - - - - - - - - - - - - - - - - - - - - - - - - - - - - - -
(clock sys_clk)                   capture                                      83330 R             
                                  uncertainty                          -2000   81330 R             
---------------------------------------------------------------------------------------------------
Cost Group   : 'sys_clk' (path_group 'sys_clk')
Timing slack :   46282ps 
Start-point  : rx_read_en
End-point    : rx_inst/fifo_inst/memory_inst/dout_reg[5]/d

(u) : Net has unmapped pin(s).

path   4:

            Pin                        Type          Fanout Load Slew  Delay Arrival   Location    
                                      (Domain)              (fF) (ps)  (ps)    (ps)       (x,   y) 
---------------------------------------------------------------------------------------------------
(clock sys_clk)                   launch                                           0 R             
(constraint.sdc_line_16_2_1)      ext delay                           +33000   33000 R             
rx_read_en                   (u)  in port                 1  5.6   55    +32   33032 R             
rx_inst/read_en 
  fifo_inst/rd_en 
    read_pointer_inst/rd_en 
      g52/in_0                                                            +0   33032               
      g52/z                  (u)  unmapped_complex2       4 22.4    0   +221   33253 F             
      g53/in_0                                                            +0   33253               
      g53/z                  (u)  unmapped_not           16 89.6    0   +359   33612 R             
    read_pointer_inst/can_read 
    memory_inst/can_read 
      g2420/in_1                                                          +0   33612               
      g2420/z                (u)  unmapped_complex2       4 22.4    0   +221   33833 F             
      g2419/in_1                                                          +0   33833               
      g2419/z                (u)  unmapped_or2            8 44.8    0   +314   34148 F             
      g2338/in_1                                                          +0   34148               
      g2338/z                (u)  unmapped_complex2       1  5.6    0   +118   34265 F             
      g2200/in_1                                                          +0   34265               
      g2200/z                (u)  unmapped_nand2          1  5.6    0   +118   34383 R             
      g2166/in_0                                                          +0   34383               
      g2166/z                (u)  unmapped_complex2       1  5.6    0   +118   34501 R             
      g2143/in_1                                                          +0   34501               
      g2143/z                (u)  unmapped_or2            1  5.6    0   +118   34618 R             
      g2126/in_1                                                          +0   34618               
      g2126/z                (u)  unmapped_or2            1  5.6    0   +118   34736 R             
      g2118/in_1                                                          +0   34736               
      g2118/z                (u)  unmapped_or2            1  5.6    0   +118   34854 R             
      dout_reg[4]/d               unmapped_d_flop                         +0   34854               
      dout_reg[4]/clk             setup                             0   +194   35048 R             
- - - - - - - - - - - - - - - - - - - - - - - - - - - - - - - - - - - - - - - - - - - - - - - - - -
(clock sys_clk)                   capture                                      83330 R             
                                  uncertainty                          -2000   81330 R             
---------------------------------------------------------------------------------------------------
Cost Group   : 'sys_clk' (path_group 'sys_clk')
Timing slack :   46282ps 
Start-point  : rx_read_en
End-point    : rx_inst/fifo_inst/memory_inst/dout_reg[4]/d

(u) : Net has unmapped pin(s).

path   5:

            Pin                        Type          Fanout Load Slew  Delay Arrival   Location    
                                      (Domain)              (fF) (ps)  (ps)    (ps)       (x,   y) 
---------------------------------------------------------------------------------------------------
(clock sys_clk)                   launch                                           0 R             
(constraint.sdc_line_16_2_1)      ext delay                           +33000   33000 R             
rx_read_en                   (u)  in port                 1  5.6   55    +32   33032 R             
rx_inst/read_en 
  fifo_inst/rd_en 
    read_pointer_inst/rd_en 
      g52/in_0                                                            +0   33032               
      g52/z                  (u)  unmapped_complex2       4 22.4    0   +221   33253 F             
      g53/in_0                                                            +0   33253               
      g53/z                  (u)  unmapped_not           16 89.6    0   +359   33612 R             
    read_pointer_inst/can_read 
    memory_inst/can_read 
      g2420/in_1                                                          +0   33612               
      g2420/z                (u)  unmapped_complex2       4 22.4    0   +221   33833 F             
      g2419/in_1                                                          +0   33833               
      g2419/z                (u)  unmapped_or2            8 44.8    0   +314   34148 F             
      g2367/in_1                                                          +0   34148               
      g2367/z                (u)  unmapped_complex2       1  5.6    0   +118   34265 F             
      g2229/in_1                                                          +0   34265               
      g2229/z                (u)  unmapped_nand2          1  5.6    0   +118   34383 R             
      g2173/in_0                                                          +0   34383               
      g2173/z                (u)  unmapped_complex2       1  5.6    0   +118   34501 R             
      g2139/in_1                                                          +0   34501               
      g2139/z                (u)  unmapped_or2            1  5.6    0   +118   34618 R             
      g2124/in_1                                                          +0   34618               
      g2124/z                (u)  unmapped_or2            1  5.6    0   +118   34736 R             
      g2120/in_1                                                          +0   34736               
      g2120/z                (u)  unmapped_or2            1  5.6    0   +118   34854 R             
      dout_reg[3]/d               unmapped_d_flop                         +0   34854               
      dout_reg[3]/clk             setup                             0   +194   35048 R             
- - - - - - - - - - - - - - - - - - - - - - - - - - - - - - - - - - - - - - - - - - - - - - - - - -
(clock sys_clk)                   capture                                      83330 R             
                                  uncertainty                          -2000   81330 R             
---------------------------------------------------------------------------------------------------
Cost Group   : 'sys_clk' (path_group 'sys_clk')
Timing slack :   46282ps 
Start-point  : rx_read_en
End-point    : rx_inst/fifo_inst/memory_inst/dout_reg[3]/d

(u) : Net has unmapped pin(s).

path   6:

            Pin                        Type          Fanout Load Slew  Delay Arrival   Location    
                                      (Domain)              (fF) (ps)  (ps)    (ps)       (x,   y) 
---------------------------------------------------------------------------------------------------
(clock sys_clk)                   launch                                           0 R             
(constraint.sdc_line_16_2_1)      ext delay                           +33000   33000 R             
rx_read_en                   (u)  in port                 1  5.6   55    +32   33032 R             
rx_inst/read_en 
  fifo_inst/rd_en 
    read_pointer_inst/rd_en 
      g52/in_0                                                            +0   33032               
      g52/z                  (u)  unmapped_complex2       4 22.4    0   +221   33253 F             
      g53/in_0                                                            +0   33253               
      g53/z                  (u)  unmapped_not           16 89.6    0   +359   33612 R             
    read_pointer_inst/can_read 
    memory_inst/can_read 
      g2420/in_1                                                          +0   33612               
      g2420/z                (u)  unmapped_complex2       4 22.4    0   +221   33833 F             
      g2419/in_1                                                          +0   33833               
      g2419/z                (u)  unmapped_or2            8 44.8    0   +314   34148 F             
      g2362/in_1                                                          +0   34148               
      g2362/z                (u)  unmapped_complex2       1  5.6    0   +118   34265 F             
      g2224/in_1                                                          +0   34265               
      g2224/z                (u)  unmapped_nand2          1  5.6    0   +118   34383 R             
      g2155/in_0                                                          +0   34383               
      g2155/z                (u)  unmapped_complex2       1  5.6    0   +118   34501 R             
      g2132/in_1                                                          +0   34501               
      g2132/z                (u)  unmapped_or2            1  5.6    0   +118   34618 R             
      g2127/in_1                                                          +0   34618               
      g2127/z                (u)  unmapped_or2            1  5.6    0   +118   34736 R             
      g2121/in_1                                                          +0   34736               
      g2121/z                (u)  unmapped_or2            1  5.6    0   +118   34854 R             
      dout_reg[2]/d               unmapped_d_flop                         +0   34854               
      dout_reg[2]/clk             setup                             0   +194   35048 R             
- - - - - - - - - - - - - - - - - - - - - - - - - - - - - - - - - - - - - - - - - - - - - - - - - -
(clock sys_clk)                   capture                                      83330 R             
                                  uncertainty                          -2000   81330 R             
---------------------------------------------------------------------------------------------------
Cost Group   : 'sys_clk' (path_group 'sys_clk')
Timing slack :   46282ps 
Start-point  : rx_read_en
End-point    : rx_inst/fifo_inst/memory_inst/dout_reg[2]/d

(u) : Net has unmapped pin(s).

path   7:

            Pin                        Type          Fanout Load Slew  Delay Arrival   Location    
                                      (Domain)              (fF) (ps)  (ps)    (ps)       (x,   y) 
---------------------------------------------------------------------------------------------------
(clock sys_clk)                   launch                                           0 R             
(constraint.sdc_line_16_2_1)      ext delay                           +33000   33000 R             
rx_read_en                   (u)  in port                 1  5.6   55    +32   33032 R             
rx_inst/read_en 
  fifo_inst/rd_en 
    read_pointer_inst/rd_en 
      g52/in_0                                                            +0   33032               
      g52/z                  (u)  unmapped_complex2       4 22.4    0   +221   33253 F             
      g53/in_0                                                            +0   33253               
      g53/z                  (u)  unmapped_not           16 89.6    0   +359   33612 R             
    read_pointer_inst/can_read 
    memory_inst/can_read 
      g2422/in_1                                                          +0   33612               
      g2422/z                (u)  unmapped_complex2       4 22.4    0   +221   33833 F             
      g2390/in_1                                                          +0   33833               
      g2390/z                (u)  unmapped_or2            8 44.8    0   +314   34148 F             
      g2357/in_1                                                          +0   34148               
      g2357/z                (u)  unmapped_complex2       1  5.6    0   +118   34265 F             
      g2197/in_1                                                          +0   34265               
      g2197/z                (u)  unmapped_nand2          1  5.6    0   +118   34383 R             
      g2169/in_0                                                          +0   34383               
      g2169/z                (u)  unmapped_complex2       1  5.6    0   +118   34501 R             
      g2133/in_1                                                          +0   34501               
      g2133/z                (u)  unmapped_or2            1  5.6    0   +118   34618 R             
      g2130/in_1                                                          +0   34618               
      g2130/z                (u)  unmapped_or2            1  5.6    0   +118   34736 R             
      g2122/in_1                                                          +0   34736               
      g2122/z                (u)  unmapped_or2            1  5.6    0   +118   34854 R             
      dout_reg[1]/d               unmapped_d_flop                         +0   34854               
      dout_reg[1]/clk             setup                             0   +194   35048 R             
- - - - - - - - - - - - - - - - - - - - - - - - - - - - - - - - - - - - - - - - - - - - - - - - - -
(clock sys_clk)                   capture                                      83330 R             
                                  uncertainty                          -2000   81330 R             
---------------------------------------------------------------------------------------------------
Cost Group   : 'sys_clk' (path_group 'sys_clk')
Timing slack :   46282ps 
Start-point  : rx_read_en
End-point    : rx_inst/fifo_inst/memory_inst/dout_reg[1]/d

(u) : Net has unmapped pin(s).

path   8:

            Pin                        Type          Fanout Load Slew  Delay Arrival   Location    
                                      (Domain)              (fF) (ps)  (ps)    (ps)       (x,   y) 
---------------------------------------------------------------------------------------------------
(clock sys_clk)                   launch                                           0 R             
(constraint.sdc_line_16_2_1)      ext delay                           +33000   33000 R             
rx_read_en                   (u)  in port                 1  5.6   55    +32   33032 R             
rx_inst/read_en 
  fifo_inst/rd_en 
    read_pointer_inst/rd_en 
      g52/in_0                                                            +0   33032               
      g52/z                  (u)  unmapped_complex2       4 22.4    0   +221   33253 F             
      g53/in_0                                                            +0   33253               
      g53/z                  (u)  unmapped_not           16 89.6    0   +359   33612 R             
    read_pointer_inst/can_read 
    memory_inst/can_read 
      g2421/in_1                                                          +0   33612               
      g2421/z                (u)  unmapped_complex2       4 22.4    0   +221   33833 F             
      g2402/in_1                                                          +0   33833               
      g2402/z                (u)  unmapped_or2            8 44.8    0   +314   34148 F             
      g2347/in_1                                                          +0   34148               
      g2347/z                (u)  unmapped_complex2       1  5.6    0   +118   34265 F             
      g2226/in_1                                                          +0   34265               
      g2226/z                (u)  unmapped_nand2          1  5.6    0   +118   34383 R             
      g2164/in_0                                                          +0   34383               
      g2164/z                (u)  unmapped_complex2       1  5.6    0   +118   34501 R             
      g2136/in_1                                                          +0   34501               
      g2136/z                (u)  unmapped_or2            1  5.6    0   +118   34618 R             
      g2128/in_1                                                          +0   34618               
      g2128/z                (u)  unmapped_or2            1  5.6    0   +118   34736 R             
      g2123/in_1                                                          +0   34736               
      g2123/z                (u)  unmapped_or2            1  5.6    0   +118   34854 R             
      dout_reg[0]/d               unmapped_d_flop                         +0   34854               
      dout_reg[0]/clk             setup                             0   +194   35048 R             
- - - - - - - - - - - - - - - - - - - - - - - - - - - - - - - - - - - - - - - - - - - - - - - - - -
(clock sys_clk)                   capture                                      83330 R             
                                  uncertainty                          -2000   81330 R             
---------------------------------------------------------------------------------------------------
Cost Group   : 'sys_clk' (path_group 'sys_clk')
Timing slack :   46282ps 
Start-point  : rx_read_en
End-point    : rx_inst/fifo_inst/memory_inst/dout_reg[0]/d

(u) : Net has unmapped pin(s).

path   9:

            Pin                        Type          Fanout Load Slew  Delay Arrival   Location    
                                      (Domain)              (fF) (ps)  (ps)    (ps)       (x,   y) 
---------------------------------------------------------------------------------------------------
(clock sys_clk)                   launch                                           0 R             
(constraint.sdc_line_16_3_1)      ext delay                           +33000   33000 R             
tx_wr_en                     (u)  in port                 1  5.6   55    +32   33032 R             
tx_inst/wr_en 
  fifo_inst/wr_en 
    write_pointer_inst/wr_en 
      g52/in_0                                                            +0   33032               
      g52/z                  (u)  unmapped_complex2       4 22.4    0   +221   33253 F             
      g53/in_0                                                            +0   33253               
      g53/z                  (u)  unmapped_not            5 28.0    0   +214   33467 R             
    write_pointer_inst/can_write 
    memory_inst/can_write 
      g2448/in_0                                                          +0   33467               
      g2448/z                (u)  unmapped_nand2          2 11.2    0   +154   33622 F             
      g2425/in_0                                                          +0   33622               
      g2425/z                (u)  unmapped_complex2       4 22.4    0   +221   33843 F             
      g2463/in_1                                                          +0   33843               
      g2463/z                (u)  unmapped_nor2           8 89.6    0   +390   34233 R             
      mem_reg[15][7]/sena         unmapped_d_flop                         +0   34233               
      mem_reg[15][7]/clk          setup                             0   +432   34665 R             
- - - - - - - - - - - - - - - - - - - - - - - - - - - - - - - - - - - - - - - - - - - - - - - - - -
(clock sys_clk)                   capture                                      83330 R             
                                  uncertainty                          -2000   81330 R             
---------------------------------------------------------------------------------------------------
Cost Group   : 'sys_clk' (path_group 'sys_clk')
Timing slack :   46665ps 
Start-point  : tx_wr_en
End-point    : tx_inst/fifo_inst/memory_inst/mem_reg[15][7]/sena

(u) : Net has unmapped pin(s).

path  10:

            Pin                        Type          Fanout Load Slew  Delay Arrival   Location    
                                      (Domain)              (fF) (ps)  (ps)    (ps)       (x,   y) 
---------------------------------------------------------------------------------------------------
(clock sys_clk)                   launch                                           0 R             
(constraint.sdc_line_16_3_1)      ext delay                           +33000   33000 R             
tx_wr_en                     (u)  in port                 1  5.6   55    +32   33032 R             
tx_inst/wr_en 
  fifo_inst/wr_en 
    write_pointer_inst/wr_en 
      g52/in_0                                                            +0   33032               
      g52/z                  (u)  unmapped_complex2       4 22.4    0   +221   33253 F             
      g53/in_0                                                            +0   33253               
      g53/z                  (u)  unmapped_not            5 28.0    0   +214   33467 R             
    write_pointer_inst/can_write 
    memory_inst/can_write 
      g2448/in_0                                                          +0   33467               
      g2448/z                (u)  unmapped_nand2          2 11.2    0   +154   33622 F             
      g2425/in_0                                                          +0   33622               
      g2425/z                (u)  unmapped_complex2       4 22.4    0   +221   33843 F             
      g2463/in_1                                                          +0   33843               
      g2463/z                (u)  unmapped_nor2           8 89.6    0   +390   34233 R             
      mem_reg[15][6]/sena         unmapped_d_flop                         +0   34233               
      mem_reg[15][6]/clk          setup                             0   +432   34665 R             
- - - - - - - - - - - - - - - - - - - - - - - - - - - - - - - - - - - - - - - - - - - - - - - - - -
(clock sys_clk)                   capture                                      83330 R             
                                  uncertainty                          -2000   81330 R             
---------------------------------------------------------------------------------------------------
Cost Group   : 'sys_clk' (path_group 'sys_clk')
Timing slack :   46665ps 
Start-point  : tx_wr_en
End-point    : tx_inst/fifo_inst/memory_inst/mem_reg[15][6]/sena

(u) : Net has unmapped pin(s).

path  11:

            Pin                        Type          Fanout Load Slew  Delay Arrival   Location    
                                      (Domain)              (fF) (ps)  (ps)    (ps)       (x,   y) 
---------------------------------------------------------------------------------------------------
(clock sys_clk)                   launch                                           0 R             
(constraint.sdc_line_16_3_1)      ext delay                           +33000   33000 R             
tx_wr_en                     (u)  in port                 1  5.6   55    +32   33032 R             
tx_inst/wr_en 
  fifo_inst/wr_en 
    write_pointer_inst/wr_en 
      g52/in_0                                                            +0   33032               
      g52/z                  (u)  unmapped_complex2       4 22.4    0   +221   33253 F             
      g53/in_0                                                            +0   33253               
      g53/z                  (u)  unmapped_not            5 28.0    0   +214   33467 R             
    write_pointer_inst/can_write 
    memory_inst/can_write 
      g2448/in_0                                                          +0   33467               
      g2448/z                (u)  unmapped_nand2          2 11.2    0   +154   33622 F             
      g2425/in_0                                                          +0   33622               
      g2425/z                (u)  unmapped_complex2       4 22.4    0   +221   33843 F             
      g2463/in_1                                                          +0   33843               
      g2463/z                (u)  unmapped_nor2           8 89.6    0   +390   34233 R             
      mem_reg[15][5]/sena         unmapped_d_flop                         +0   34233               
      mem_reg[15][5]/clk          setup                             0   +432   34665 R             
- - - - - - - - - - - - - - - - - - - - - - - - - - - - - - - - - - - - - - - - - - - - - - - - - -
(clock sys_clk)                   capture                                      83330 R             
                                  uncertainty                          -2000   81330 R             
---------------------------------------------------------------------------------------------------
Cost Group   : 'sys_clk' (path_group 'sys_clk')
Timing slack :   46665ps 
Start-point  : tx_wr_en
End-point    : tx_inst/fifo_inst/memory_inst/mem_reg[15][5]/sena

(u) : Net has unmapped pin(s).

path  12:

            Pin                        Type          Fanout Load Slew  Delay Arrival   Location    
                                      (Domain)              (fF) (ps)  (ps)    (ps)       (x,   y) 
---------------------------------------------------------------------------------------------------
(clock sys_clk)                   launch                                           0 R             
(constraint.sdc_line_16_3_1)      ext delay                           +33000   33000 R             
tx_wr_en                     (u)  in port                 1  5.6   55    +32   33032 R             
tx_inst/wr_en 
  fifo_inst/wr_en 
    write_pointer_inst/wr_en 
      g52/in_0                                                            +0   33032               
      g52/z                  (u)  unmapped_complex2       4 22.4    0   +221   33253 F             
      g53/in_0                                                            +0   33253               
      g53/z                  (u)  unmapped_not            5 28.0    0   +214   33467 R             
    write_pointer_inst/can_write 
    memory_inst/can_write 
      g2448/in_0                                                          +0   33467               
      g2448/z                (u)  unmapped_nand2          2 11.2    0   +154   33622 F             
      g2425/in_0                                                          +0   33622               
      g2425/z                (u)  unmapped_complex2       4 22.4    0   +221   33843 F             
      g2463/in_1                                                          +0   33843               
      g2463/z                (u)  unmapped_nor2           8 89.6    0   +390   34233 R             
      mem_reg[15][4]/sena         unmapped_d_flop                         +0   34233               
      mem_reg[15][4]/clk          setup                             0   +432   34665 R             
- - - - - - - - - - - - - - - - - - - - - - - - - - - - - - - - - - - - - - - - - - - - - - - - - -
(clock sys_clk)                   capture                                      83330 R             
                                  uncertainty                          -2000   81330 R             
---------------------------------------------------------------------------------------------------
Cost Group   : 'sys_clk' (path_group 'sys_clk')
Timing slack :   46665ps 
Start-point  : tx_wr_en
End-point    : tx_inst/fifo_inst/memory_inst/mem_reg[15][4]/sena

(u) : Net has unmapped pin(s).

path  13:

            Pin                        Type          Fanout Load Slew  Delay Arrival   Location    
                                      (Domain)              (fF) (ps)  (ps)    (ps)       (x,   y) 
---------------------------------------------------------------------------------------------------
(clock sys_clk)                   launch                                           0 R             
(constraint.sdc_line_16_3_1)      ext delay                           +33000   33000 R             
tx_wr_en                     (u)  in port                 1  5.6   55    +32   33032 R             
tx_inst/wr_en 
  fifo_inst/wr_en 
    write_pointer_inst/wr_en 
      g52/in_0                                                            +0   33032               
      g52/z                  (u)  unmapped_complex2       4 22.4    0   +221   33253 F             
      g53/in_0                                                            +0   33253               
      g53/z                  (u)  unmapped_not            5 28.0    0   +214   33467 R             
    write_pointer_inst/can_write 
    memory_inst/can_write 
      g2448/in_0                                                          +0   33467               
      g2448/z                (u)  unmapped_nand2          2 11.2    0   +154   33622 F             
      g2425/in_0                                                          +0   33622               
      g2425/z                (u)  unmapped_complex2       4 22.4    0   +221   33843 F             
      g2463/in_1                                                          +0   33843               
      g2463/z                (u)  unmapped_nor2           8 89.6    0   +390   34233 R             
      mem_reg[15][3]/sena         unmapped_d_flop                         +0   34233               
      mem_reg[15][3]/clk          setup                             0   +432   34665 R             
- - - - - - - - - - - - - - - - - - - - - - - - - - - - - - - - - - - - - - - - - - - - - - - - - -
(clock sys_clk)                   capture                                      83330 R             
                                  uncertainty                          -2000   81330 R             
---------------------------------------------------------------------------------------------------
Cost Group   : 'sys_clk' (path_group 'sys_clk')
Timing slack :   46665ps 
Start-point  : tx_wr_en
End-point    : tx_inst/fifo_inst/memory_inst/mem_reg[15][3]/sena

(u) : Net has unmapped pin(s).

path  14:

            Pin                        Type          Fanout Load Slew  Delay Arrival   Location    
                                      (Domain)              (fF) (ps)  (ps)    (ps)       (x,   y) 
---------------------------------------------------------------------------------------------------
(clock sys_clk)                   launch                                           0 R             
(constraint.sdc_line_16_3_1)      ext delay                           +33000   33000 R             
tx_wr_en                     (u)  in port                 1  5.6   55    +32   33032 R             
tx_inst/wr_en 
  fifo_inst/wr_en 
    write_pointer_inst/wr_en 
      g52/in_0                                                            +0   33032               
      g52/z                  (u)  unmapped_complex2       4 22.4    0   +221   33253 F             
      g53/in_0                                                            +0   33253               
      g53/z                  (u)  unmapped_not            5 28.0    0   +214   33467 R             
    write_pointer_inst/can_write 
    memory_inst/can_write 
      g2448/in_0                                                          +0   33467               
      g2448/z                (u)  unmapped_nand2          2 11.2    0   +154   33622 F             
      g2425/in_0                                                          +0   33622               
      g2425/z                (u)  unmapped_complex2       4 22.4    0   +221   33843 F             
      g2463/in_1                                                          +0   33843               
      g2463/z                (u)  unmapped_nor2           8 89.6    0   +390   34233 R             
      mem_reg[15][2]/sena         unmapped_d_flop                         +0   34233               
      mem_reg[15][2]/clk          setup                             0   +432   34665 R             
- - - - - - - - - - - - - - - - - - - - - - - - - - - - - - - - - - - - - - - - - - - - - - - - - -
(clock sys_clk)                   capture                                      83330 R             
                                  uncertainty                          -2000   81330 R             
---------------------------------------------------------------------------------------------------
Cost Group   : 'sys_clk' (path_group 'sys_clk')
Timing slack :   46665ps 
Start-point  : tx_wr_en
End-point    : tx_inst/fifo_inst/memory_inst/mem_reg[15][2]/sena

(u) : Net has unmapped pin(s).

path  15:

            Pin                        Type          Fanout Load Slew  Delay Arrival   Location    
                                      (Domain)              (fF) (ps)  (ps)    (ps)       (x,   y) 
---------------------------------------------------------------------------------------------------
(clock sys_clk)                   launch                                           0 R             
(constraint.sdc_line_16_3_1)      ext delay                           +33000   33000 R             
tx_wr_en                     (u)  in port                 1  5.6   55    +32   33032 R             
tx_inst/wr_en 
  fifo_inst/wr_en 
    write_pointer_inst/wr_en 
      g52/in_0                                                            +0   33032               
      g52/z                  (u)  unmapped_complex2       4 22.4    0   +221   33253 F             
      g53/in_0                                                            +0   33253               
      g53/z                  (u)  unmapped_not            5 28.0    0   +214   33467 R             
    write_pointer_inst/can_write 
    memory_inst/can_write 
      g2448/in_0                                                          +0   33467               
      g2448/z                (u)  unmapped_nand2          2 11.2    0   +154   33622 F             
      g2425/in_0                                                          +0   33622               
      g2425/z                (u)  unmapped_complex2       4 22.4    0   +221   33843 F             
      g2463/in_1                                                          +0   33843               
      g2463/z                (u)  unmapped_nor2           8 89.6    0   +390   34233 R             
      mem_reg[15][1]/sena         unmapped_d_flop                         +0   34233               
      mem_reg[15][1]/clk          setup                             0   +432   34665 R             
- - - - - - - - - - - - - - - - - - - - - - - - - - - - - - - - - - - - - - - - - - - - - - - - - -
(clock sys_clk)                   capture                                      83330 R             
                                  uncertainty                          -2000   81330 R             
---------------------------------------------------------------------------------------------------
Cost Group   : 'sys_clk' (path_group 'sys_clk')
Timing slack :   46665ps 
Start-point  : tx_wr_en
End-point    : tx_inst/fifo_inst/memory_inst/mem_reg[15][1]/sena

(u) : Net has unmapped pin(s).

path  16:

            Pin                        Type          Fanout Load Slew  Delay Arrival   Location    
                                      (Domain)              (fF) (ps)  (ps)    (ps)       (x,   y) 
---------------------------------------------------------------------------------------------------
(clock sys_clk)                   launch                                           0 R             
(constraint.sdc_line_16_3_1)      ext delay                           +33000   33000 R             
tx_wr_en                     (u)  in port                 1  5.6   55    +32   33032 R             
tx_inst/wr_en 
  fifo_inst/wr_en 
    write_pointer_inst/wr_en 
      g52/in_0                                                            +0   33032               
      g52/z                  (u)  unmapped_complex2       4 22.4    0   +221   33253 F             
      g53/in_0                                                            +0   33253               
      g53/z                  (u)  unmapped_not            5 28.0    0   +214   33467 R             
    write_pointer_inst/can_write 
    memory_inst/can_write 
      g2448/in_0                                                          +0   33467               
      g2448/z                (u)  unmapped_nand2          2 11.2    0   +154   33622 F             
      g2425/in_0                                                          +0   33622               
      g2425/z                (u)  unmapped_complex2       4 22.4    0   +221   33843 F             
      g2463/in_1                                                          +0   33843               
      g2463/z                (u)  unmapped_nor2           8 89.6    0   +390   34233 R             
      mem_reg[15][0]/sena         unmapped_d_flop                         +0   34233               
      mem_reg[15][0]/clk          setup                             0   +432   34665 R             
- - - - - - - - - - - - - - - - - - - - - - - - - - - - - - - - - - - - - - - - - - - - - - - - - -
(clock sys_clk)                   capture                                      83330 R             
                                  uncertainty                          -2000   81330 R             
---------------------------------------------------------------------------------------------------
Cost Group   : 'sys_clk' (path_group 'sys_clk')
Timing slack :   46665ps 
Start-point  : tx_wr_en
End-point    : tx_inst/fifo_inst/memory_inst/mem_reg[15][0]/sena

(u) : Net has unmapped pin(s).

path  17:

            Pin                        Type          Fanout Load Slew  Delay Arrival   Location    
                                      (Domain)              (fF) (ps)  (ps)    (ps)       (x,   y) 
---------------------------------------------------------------------------------------------------
(clock sys_clk)                   launch                                           0 R             
(constraint.sdc_line_16_3_1)      ext delay                           +33000   33000 R             
tx_wr_en                     (u)  in port                 1  5.6   55    +32   33032 R             
tx_inst/wr_en 
  fifo_inst/wr_en 
    write_pointer_inst/wr_en 
      g52/in_0                                                            +0   33032               
      g52/z                  (u)  unmapped_complex2       4 22.4    0   +221   33253 F             
      g53/in_0                                                            +0   33253               
      g53/z                  (u)  unmapped_not            5 28.0    0   +214   33467 R             
    write_pointer_inst/can_write 
    memory_inst/can_write 
      g2448/in_0                                                          +0   33467               
      g2448/z                (u)  unmapped_nand2          2 11.2    0   +154   33622 F             
      g2427/in_0                                                          +0   33622               
      g2427/z                (u)  unmapped_or2            4 22.4    0   +221   33843 F             
      g2459/in_1                                                          +0   33843               
      g2459/z                (u)  unmapped_nor2           8 89.6    0   +390   34233 R             
      mem_reg[14][7]/sena         unmapped_d_flop                         +0   34233               
      mem_reg[14][7]/clk          setup                             0   +432   34665 R             
- - - - - - - - - - - - - - - - - - - - - - - - - - - - - - - - - - - - - - - - - - - - - - - - - -
(clock sys_clk)                   capture                                      83330 R             
                                  uncertainty                          -2000   81330 R             
---------------------------------------------------------------------------------------------------
Cost Group   : 'sys_clk' (path_group 'sys_clk')
Timing slack :   46665ps 
Start-point  : tx_wr_en
End-point    : tx_inst/fifo_inst/memory_inst/mem_reg[14][7]/sena

(u) : Net has unmapped pin(s).

path  18:

            Pin                        Type          Fanout Load Slew  Delay Arrival   Location    
                                      (Domain)              (fF) (ps)  (ps)    (ps)       (x,   y) 
---------------------------------------------------------------------------------------------------
(clock sys_clk)                   launch                                           0 R             
(constraint.sdc_line_16_3_1)      ext delay                           +33000   33000 R             
tx_wr_en                     (u)  in port                 1  5.6   55    +32   33032 R             
tx_inst/wr_en 
  fifo_inst/wr_en 
    write_pointer_inst/wr_en 
      g52/in_0                                                            +0   33032               
      g52/z                  (u)  unmapped_complex2       4 22.4    0   +221   33253 F             
      g53/in_0                                                            +0   33253               
      g53/z                  (u)  unmapped_not            5 28.0    0   +214   33467 R             
    write_pointer_inst/can_write 
    memory_inst/can_write 
      g2448/in_0                                                          +0   33467               
      g2448/z                (u)  unmapped_nand2          2 11.2    0   +154   33622 F             
      g2427/in_0                                                          +0   33622               
      g2427/z                (u)  unmapped_or2            4 22.4    0   +221   33843 F             
      g2459/in_1                                                          +0   33843               
      g2459/z                (u)  unmapped_nor2           8 89.6    0   +390   34233 R             
      mem_reg[14][6]/sena         unmapped_d_flop                         +0   34233               
      mem_reg[14][6]/clk          setup                             0   +432   34665 R             
- - - - - - - - - - - - - - - - - - - - - - - - - - - - - - - - - - - - - - - - - - - - - - - - - -
(clock sys_clk)                   capture                                      83330 R             
                                  uncertainty                          -2000   81330 R             
---------------------------------------------------------------------------------------------------
Cost Group   : 'sys_clk' (path_group 'sys_clk')
Timing slack :   46665ps 
Start-point  : tx_wr_en
End-point    : tx_inst/fifo_inst/memory_inst/mem_reg[14][6]/sena

(u) : Net has unmapped pin(s).

path  19:

            Pin                        Type          Fanout Load Slew  Delay Arrival   Location    
                                      (Domain)              (fF) (ps)  (ps)    (ps)       (x,   y) 
---------------------------------------------------------------------------------------------------
(clock sys_clk)                   launch                                           0 R             
(constraint.sdc_line_16_3_1)      ext delay                           +33000   33000 R             
tx_wr_en                     (u)  in port                 1  5.6   55    +32   33032 R             
tx_inst/wr_en 
  fifo_inst/wr_en 
    write_pointer_inst/wr_en 
      g52/in_0                                                            +0   33032               
      g52/z                  (u)  unmapped_complex2       4 22.4    0   +221   33253 F             
      g53/in_0                                                            +0   33253               
      g53/z                  (u)  unmapped_not            5 28.0    0   +214   33467 R             
    write_pointer_inst/can_write 
    memory_inst/can_write 
      g2448/in_0                                                          +0   33467               
      g2448/z                (u)  unmapped_nand2          2 11.2    0   +154   33622 F             
      g2427/in_0                                                          +0   33622               
      g2427/z                (u)  unmapped_or2            4 22.4    0   +221   33843 F             
      g2459/in_1                                                          +0   33843               
      g2459/z                (u)  unmapped_nor2           8 89.6    0   +390   34233 R             
      mem_reg[14][5]/sena         unmapped_d_flop                         +0   34233               
      mem_reg[14][5]/clk          setup                             0   +432   34665 R             
- - - - - - - - - - - - - - - - - - - - - - - - - - - - - - - - - - - - - - - - - - - - - - - - - -
(clock sys_clk)                   capture                                      83330 R             
                                  uncertainty                          -2000   81330 R             
---------------------------------------------------------------------------------------------------
Cost Group   : 'sys_clk' (path_group 'sys_clk')
Timing slack :   46665ps 
Start-point  : tx_wr_en
End-point    : tx_inst/fifo_inst/memory_inst/mem_reg[14][5]/sena

(u) : Net has unmapped pin(s).

path  20:

            Pin                        Type          Fanout Load Slew  Delay Arrival   Location    
                                      (Domain)              (fF) (ps)  (ps)    (ps)       (x,   y) 
---------------------------------------------------------------------------------------------------
(clock sys_clk)                   launch                                           0 R             
(constraint.sdc_line_16_3_1)      ext delay                           +33000   33000 R             
tx_wr_en                     (u)  in port                 1  5.6   55    +32   33032 R             
tx_inst/wr_en 
  fifo_inst/wr_en 
    write_pointer_inst/wr_en 
      g52/in_0                                                            +0   33032               
      g52/z                  (u)  unmapped_complex2       4 22.4    0   +221   33253 F             
      g53/in_0                                                            +0   33253               
      g53/z                  (u)  unmapped_not            5 28.0    0   +214   33467 R             
    write_pointer_inst/can_write 
    memory_inst/can_write 
      g2448/in_0                                                          +0   33467               
      g2448/z                (u)  unmapped_nand2          2 11.2    0   +154   33622 F             
      g2427/in_0                                                          +0   33622               
      g2427/z                (u)  unmapped_or2            4 22.4    0   +221   33843 F             
      g2459/in_1                                                          +0   33843               
      g2459/z                (u)  unmapped_nor2           8 89.6    0   +390   34233 R             
      mem_reg[14][4]/sena         unmapped_d_flop                         +0   34233               
      mem_reg[14][4]/clk          setup                             0   +432   34665 R             
- - - - - - - - - - - - - - - - - - - - - - - - - - - - - - - - - - - - - - - - - - - - - - - - - -
(clock sys_clk)                   capture                                      83330 R             
                                  uncertainty                          -2000   81330 R             
---------------------------------------------------------------------------------------------------
Cost Group   : 'sys_clk' (path_group 'sys_clk')
Timing slack :   46665ps 
Start-point  : tx_wr_en
End-point    : tx_inst/fifo_inst/memory_inst/mem_reg[14][4]/sena

(u) : Net has unmapped pin(s).

path  21:

            Pin                        Type          Fanout Load Slew  Delay Arrival   Location    
                                      (Domain)              (fF) (ps)  (ps)    (ps)       (x,   y) 
---------------------------------------------------------------------------------------------------
(clock sys_clk)                   launch                                           0 R             
(constraint.sdc_line_16_3_1)      ext delay                           +33000   33000 R             
tx_wr_en                     (u)  in port                 1  5.6   55    +32   33032 R             
tx_inst/wr_en 
  fifo_inst/wr_en 
    write_pointer_inst/wr_en 
      g52/in_0                                                            +0   33032               
      g52/z                  (u)  unmapped_complex2       4 22.4    0   +221   33253 F             
      g53/in_0                                                            +0   33253               
      g53/z                  (u)  unmapped_not            5 28.0    0   +214   33467 R             
    write_pointer_inst/can_write 
    memory_inst/can_write 
      g2448/in_0                                                          +0   33467               
      g2448/z                (u)  unmapped_nand2          2 11.2    0   +154   33622 F             
      g2427/in_0                                                          +0   33622               
      g2427/z                (u)  unmapped_or2            4 22.4    0   +221   33843 F             
      g2459/in_1                                                          +0   33843               
      g2459/z                (u)  unmapped_nor2           8 89.6    0   +390   34233 R             
      mem_reg[14][3]/sena         unmapped_d_flop                         +0   34233               
      mem_reg[14][3]/clk          setup                             0   +432   34665 R             
- - - - - - - - - - - - - - - - - - - - - - - - - - - - - - - - - - - - - - - - - - - - - - - - - -
(clock sys_clk)                   capture                                      83330 R             
                                  uncertainty                          -2000   81330 R             
---------------------------------------------------------------------------------------------------
Cost Group   : 'sys_clk' (path_group 'sys_clk')
Timing slack :   46665ps 
Start-point  : tx_wr_en
End-point    : tx_inst/fifo_inst/memory_inst/mem_reg[14][3]/sena

(u) : Net has unmapped pin(s).

path  22:

            Pin                        Type          Fanout Load Slew  Delay Arrival   Location    
                                      (Domain)              (fF) (ps)  (ps)    (ps)       (x,   y) 
---------------------------------------------------------------------------------------------------
(clock sys_clk)                   launch                                           0 R             
(constraint.sdc_line_16_3_1)      ext delay                           +33000   33000 R             
tx_wr_en                     (u)  in port                 1  5.6   55    +32   33032 R             
tx_inst/wr_en 
  fifo_inst/wr_en 
    write_pointer_inst/wr_en 
      g52/in_0                                                            +0   33032               
      g52/z                  (u)  unmapped_complex2       4 22.4    0   +221   33253 F             
      g53/in_0                                                            +0   33253               
      g53/z                  (u)  unmapped_not            5 28.0    0   +214   33467 R             
    write_pointer_inst/can_write 
    memory_inst/can_write 
      g2448/in_0                                                          +0   33467               
      g2448/z                (u)  unmapped_nand2          2 11.2    0   +154   33622 F             
      g2427/in_0                                                          +0   33622               
      g2427/z                (u)  unmapped_or2            4 22.4    0   +221   33843 F             
      g2459/in_1                                                          +0   33843               
      g2459/z                (u)  unmapped_nor2           8 89.6    0   +390   34233 R             
      mem_reg[14][2]/sena         unmapped_d_flop                         +0   34233               
      mem_reg[14][2]/clk          setup                             0   +432   34665 R             
- - - - - - - - - - - - - - - - - - - - - - - - - - - - - - - - - - - - - - - - - - - - - - - - - -
(clock sys_clk)                   capture                                      83330 R             
                                  uncertainty                          -2000   81330 R             
---------------------------------------------------------------------------------------------------
Cost Group   : 'sys_clk' (path_group 'sys_clk')
Timing slack :   46665ps 
Start-point  : tx_wr_en
End-point    : tx_inst/fifo_inst/memory_inst/mem_reg[14][2]/sena

(u) : Net has unmapped pin(s).

path  23:

            Pin                        Type          Fanout Load Slew  Delay Arrival   Location    
                                      (Domain)              (fF) (ps)  (ps)    (ps)       (x,   y) 
---------------------------------------------------------------------------------------------------
(clock sys_clk)                   launch                                           0 R             
(constraint.sdc_line_16_3_1)      ext delay                           +33000   33000 R             
tx_wr_en                     (u)  in port                 1  5.6   55    +32   33032 R             
tx_inst/wr_en 
  fifo_inst/wr_en 
    write_pointer_inst/wr_en 
      g52/in_0                                                            +0   33032               
      g52/z                  (u)  unmapped_complex2       4 22.4    0   +221   33253 F             
      g53/in_0                                                            +0   33253               
      g53/z                  (u)  unmapped_not            5 28.0    0   +214   33467 R             
    write_pointer_inst/can_write 
    memory_inst/can_write 
      g2448/in_0                                                          +0   33467               
      g2448/z                (u)  unmapped_nand2          2 11.2    0   +154   33622 F             
      g2427/in_0                                                          +0   33622               
      g2427/z                (u)  unmapped_or2            4 22.4    0   +221   33843 F             
      g2459/in_1                                                          +0   33843               
      g2459/z                (u)  unmapped_nor2           8 89.6    0   +390   34233 R             
      mem_reg[14][1]/sena         unmapped_d_flop                         +0   34233               
      mem_reg[14][1]/clk          setup                             0   +432   34665 R             
- - - - - - - - - - - - - - - - - - - - - - - - - - - - - - - - - - - - - - - - - - - - - - - - - -
(clock sys_clk)                   capture                                      83330 R             
                                  uncertainty                          -2000   81330 R             
---------------------------------------------------------------------------------------------------
Cost Group   : 'sys_clk' (path_group 'sys_clk')
Timing slack :   46665ps 
Start-point  : tx_wr_en
End-point    : tx_inst/fifo_inst/memory_inst/mem_reg[14][1]/sena

(u) : Net has unmapped pin(s).

path  24:

            Pin                        Type          Fanout Load Slew  Delay Arrival   Location    
                                      (Domain)              (fF) (ps)  (ps)    (ps)       (x,   y) 
---------------------------------------------------------------------------------------------------
(clock sys_clk)                   launch                                           0 R             
(constraint.sdc_line_16_3_1)      ext delay                           +33000   33000 R             
tx_wr_en                     (u)  in port                 1  5.6   55    +32   33032 R             
tx_inst/wr_en 
  fifo_inst/wr_en 
    write_pointer_inst/wr_en 
      g52/in_0                                                            +0   33032               
      g52/z                  (u)  unmapped_complex2       4 22.4    0   +221   33253 F             
      g53/in_0                                                            +0   33253               
      g53/z                  (u)  unmapped_not            5 28.0    0   +214   33467 R             
    write_pointer_inst/can_write 
    memory_inst/can_write 
      g2448/in_0                                                          +0   33467               
      g2448/z                (u)  unmapped_nand2          2 11.2    0   +154   33622 F             
      g2427/in_0                                                          +0   33622               
      g2427/z                (u)  unmapped_or2            4 22.4    0   +221   33843 F             
      g2459/in_1                                                          +0   33843               
      g2459/z                (u)  unmapped_nor2           8 89.6    0   +390   34233 R             
      mem_reg[14][0]/sena         unmapped_d_flop                         +0   34233               
      mem_reg[14][0]/clk          setup                             0   +432   34665 R             
- - - - - - - - - - - - - - - - - - - - - - - - - - - - - - - - - - - - - - - - - - - - - - - - - -
(clock sys_clk)                   capture                                      83330 R             
                                  uncertainty                          -2000   81330 R             
---------------------------------------------------------------------------------------------------
Cost Group   : 'sys_clk' (path_group 'sys_clk')
Timing slack :   46665ps 
Start-point  : tx_wr_en
End-point    : tx_inst/fifo_inst/memory_inst/mem_reg[14][0]/sena

(u) : Net has unmapped pin(s).

path  25:

            Pin                        Type          Fanout Load Slew  Delay Arrival   Location    
                                      (Domain)              (fF) (ps)  (ps)    (ps)       (x,   y) 
---------------------------------------------------------------------------------------------------
(clock sys_clk)                   launch                                           0 R             
(constraint.sdc_line_16_3_1)      ext delay                           +33000   33000 R             
tx_wr_en                     (u)  in port                 1  5.6   55    +32   33032 R             
tx_inst/wr_en 
  fifo_inst/wr_en 
    write_pointer_inst/wr_en 
      g52/in_0                                                            +0   33032               
      g52/z                  (u)  unmapped_complex2       4 22.4    0   +221   33253 F             
      g53/in_0                                                            +0   33253               
      g53/z                  (u)  unmapped_not            5 28.0    0   +214   33467 R             
    write_pointer_inst/can_write 
    memory_inst/can_write 
      g2445/in_0                                                          +0   33467               
      g2445/z                (u)  unmapped_complex2       2 11.2    0   +154   33622 F             
      g2424/in_0                                                          +0   33622               
      g2424/z                (u)  unmapped_complex2       4 22.4    0   +221   33843 F             
      g2451/in_1                                                          +0   33843               
      g2451/z                (u)  unmapped_nor2           8 89.6    0   +390   34233 R             
      mem_reg[13][7]/sena         unmapped_d_flop                         +0   34233               
      mem_reg[13][7]/clk          setup                             0   +432   34665 R             
- - - - - - - - - - - - - - - - - - - - - - - - - - - - - - - - - - - - - - - - - - - - - - - - - -
(clock sys_clk)                   capture                                      83330 R             
                                  uncertainty                          -2000   81330 R             
---------------------------------------------------------------------------------------------------
Cost Group   : 'sys_clk' (path_group 'sys_clk')
Timing slack :   46665ps 
Start-point  : tx_wr_en
End-point    : tx_inst/fifo_inst/memory_inst/mem_reg[13][7]/sena

(u) : Net has unmapped pin(s).

path  26:

            Pin                        Type          Fanout Load Slew  Delay Arrival   Location    
                                      (Domain)              (fF) (ps)  (ps)    (ps)       (x,   y) 
---------------------------------------------------------------------------------------------------
(clock sys_clk)                   launch                                           0 R             
(constraint.sdc_line_16_3_1)      ext delay                           +33000   33000 R             
tx_wr_en                     (u)  in port                 1  5.6   55    +32   33032 R             
tx_inst/wr_en 
  fifo_inst/wr_en 
    write_pointer_inst/wr_en 
      g52/in_0                                                            +0   33032               
      g52/z                  (u)  unmapped_complex2       4 22.4    0   +221   33253 F             
      g53/in_0                                                            +0   33253               
      g53/z                  (u)  unmapped_not            5 28.0    0   +214   33467 R             
    write_pointer_inst/can_write 
    memory_inst/can_write 
      g2445/in_0                                                          +0   33467               
      g2445/z                (u)  unmapped_complex2       2 11.2    0   +154   33622 F             
      g2424/in_0                                                          +0   33622               
      g2424/z                (u)  unmapped_complex2       4 22.4    0   +221   33843 F             
      g2451/in_1                                                          +0   33843               
      g2451/z                (u)  unmapped_nor2           8 89.6    0   +390   34233 R             
      mem_reg[13][6]/sena         unmapped_d_flop                         +0   34233               
      mem_reg[13][6]/clk          setup                             0   +432   34665 R             
- - - - - - - - - - - - - - - - - - - - - - - - - - - - - - - - - - - - - - - - - - - - - - - - - -
(clock sys_clk)                   capture                                      83330 R             
                                  uncertainty                          -2000   81330 R             
---------------------------------------------------------------------------------------------------
Cost Group   : 'sys_clk' (path_group 'sys_clk')
Timing slack :   46665ps 
Start-point  : tx_wr_en
End-point    : tx_inst/fifo_inst/memory_inst/mem_reg[13][6]/sena

(u) : Net has unmapped pin(s).

path  27:

            Pin                        Type          Fanout Load Slew  Delay Arrival   Location    
                                      (Domain)              (fF) (ps)  (ps)    (ps)       (x,   y) 
---------------------------------------------------------------------------------------------------
(clock sys_clk)                   launch                                           0 R             
(constraint.sdc_line_16_3_1)      ext delay                           +33000   33000 R             
tx_wr_en                     (u)  in port                 1  5.6   55    +32   33032 R             
tx_inst/wr_en 
  fifo_inst/wr_en 
    write_pointer_inst/wr_en 
      g52/in_0                                                            +0   33032               
      g52/z                  (u)  unmapped_complex2       4 22.4    0   +221   33253 F             
      g53/in_0                                                            +0   33253               
      g53/z                  (u)  unmapped_not            5 28.0    0   +214   33467 R             
    write_pointer_inst/can_write 
    memory_inst/can_write 
      g2445/in_0                                                          +0   33467               
      g2445/z                (u)  unmapped_complex2       2 11.2    0   +154   33622 F             
      g2424/in_0                                                          +0   33622               
      g2424/z                (u)  unmapped_complex2       4 22.4    0   +221   33843 F             
      g2451/in_1                                                          +0   33843               
      g2451/z                (u)  unmapped_nor2           8 89.6    0   +390   34233 R             
      mem_reg[13][5]/sena         unmapped_d_flop                         +0   34233               
      mem_reg[13][5]/clk          setup                             0   +432   34665 R             
- - - - - - - - - - - - - - - - - - - - - - - - - - - - - - - - - - - - - - - - - - - - - - - - - -
(clock sys_clk)                   capture                                      83330 R             
                                  uncertainty                          -2000   81330 R             
---------------------------------------------------------------------------------------------------
Cost Group   : 'sys_clk' (path_group 'sys_clk')
Timing slack :   46665ps 
Start-point  : tx_wr_en
End-point    : tx_inst/fifo_inst/memory_inst/mem_reg[13][5]/sena

(u) : Net has unmapped pin(s).

path  28:

            Pin                        Type          Fanout Load Slew  Delay Arrival   Location    
                                      (Domain)              (fF) (ps)  (ps)    (ps)       (x,   y) 
---------------------------------------------------------------------------------------------------
(clock sys_clk)                   launch                                           0 R             
(constraint.sdc_line_16_3_1)      ext delay                           +33000   33000 R             
tx_wr_en                     (u)  in port                 1  5.6   55    +32   33032 R             
tx_inst/wr_en 
  fifo_inst/wr_en 
    write_pointer_inst/wr_en 
      g52/in_0                                                            +0   33032               
      g52/z                  (u)  unmapped_complex2       4 22.4    0   +221   33253 F             
      g53/in_0                                                            +0   33253               
      g53/z                  (u)  unmapped_not            5 28.0    0   +214   33467 R             
    write_pointer_inst/can_write 
    memory_inst/can_write 
      g2445/in_0                                                          +0   33467               
      g2445/z                (u)  unmapped_complex2       2 11.2    0   +154   33622 F             
      g2424/in_0                                                          +0   33622               
      g2424/z                (u)  unmapped_complex2       4 22.4    0   +221   33843 F             
      g2451/in_1                                                          +0   33843               
      g2451/z                (u)  unmapped_nor2           8 89.6    0   +390   34233 R             
      mem_reg[13][4]/sena         unmapped_d_flop                         +0   34233               
      mem_reg[13][4]/clk          setup                             0   +432   34665 R             
- - - - - - - - - - - - - - - - - - - - - - - - - - - - - - - - - - - - - - - - - - - - - - - - - -
(clock sys_clk)                   capture                                      83330 R             
                                  uncertainty                          -2000   81330 R             
---------------------------------------------------------------------------------------------------
Cost Group   : 'sys_clk' (path_group 'sys_clk')
Timing slack :   46665ps 
Start-point  : tx_wr_en
End-point    : tx_inst/fifo_inst/memory_inst/mem_reg[13][4]/sena

(u) : Net has unmapped pin(s).

path  29:

            Pin                        Type          Fanout Load Slew  Delay Arrival   Location    
                                      (Domain)              (fF) (ps)  (ps)    (ps)       (x,   y) 
---------------------------------------------------------------------------------------------------
(clock sys_clk)                   launch                                           0 R             
(constraint.sdc_line_16_3_1)      ext delay                           +33000   33000 R             
tx_wr_en                     (u)  in port                 1  5.6   55    +32   33032 R             
tx_inst/wr_en 
  fifo_inst/wr_en 
    write_pointer_inst/wr_en 
      g52/in_0                                                            +0   33032               
      g52/z                  (u)  unmapped_complex2       4 22.4    0   +221   33253 F             
      g53/in_0                                                            +0   33253               
      g53/z                  (u)  unmapped_not            5 28.0    0   +214   33467 R             
    write_pointer_inst/can_write 
    memory_inst/can_write 
      g2445/in_0                                                          +0   33467               
      g2445/z                (u)  unmapped_complex2       2 11.2    0   +154   33622 F             
      g2424/in_0                                                          +0   33622               
      g2424/z                (u)  unmapped_complex2       4 22.4    0   +221   33843 F             
      g2451/in_1                                                          +0   33843               
      g2451/z                (u)  unmapped_nor2           8 89.6    0   +390   34233 R             
      mem_reg[13][3]/sena         unmapped_d_flop                         +0   34233               
      mem_reg[13][3]/clk          setup                             0   +432   34665 R             
- - - - - - - - - - - - - - - - - - - - - - - - - - - - - - - - - - - - - - - - - - - - - - - - - -
(clock sys_clk)                   capture                                      83330 R             
                                  uncertainty                          -2000   81330 R             
---------------------------------------------------------------------------------------------------
Cost Group   : 'sys_clk' (path_group 'sys_clk')
Timing slack :   46665ps 
Start-point  : tx_wr_en
End-point    : tx_inst/fifo_inst/memory_inst/mem_reg[13][3]/sena

(u) : Net has unmapped pin(s).

path  30:

            Pin                        Type          Fanout Load Slew  Delay Arrival   Location    
                                      (Domain)              (fF) (ps)  (ps)    (ps)       (x,   y) 
---------------------------------------------------------------------------------------------------
(clock sys_clk)                   launch                                           0 R             
(constraint.sdc_line_16_3_1)      ext delay                           +33000   33000 R             
tx_wr_en                     (u)  in port                 1  5.6   55    +32   33032 R             
tx_inst/wr_en 
  fifo_inst/wr_en 
    write_pointer_inst/wr_en 
      g52/in_0                                                            +0   33032               
      g52/z                  (u)  unmapped_complex2       4 22.4    0   +221   33253 F             
      g53/in_0                                                            +0   33253               
      g53/z                  (u)  unmapped_not            5 28.0    0   +214   33467 R             
    write_pointer_inst/can_write 
    memory_inst/can_write 
      g2445/in_0                                                          +0   33467               
      g2445/z                (u)  unmapped_complex2       2 11.2    0   +154   33622 F             
      g2424/in_0                                                          +0   33622               
      g2424/z                (u)  unmapped_complex2       4 22.4    0   +221   33843 F             
      g2451/in_1                                                          +0   33843               
      g2451/z                (u)  unmapped_nor2           8 89.6    0   +390   34233 R             
      mem_reg[13][2]/sena         unmapped_d_flop                         +0   34233               
      mem_reg[13][2]/clk          setup                             0   +432   34665 R             
- - - - - - - - - - - - - - - - - - - - - - - - - - - - - - - - - - - - - - - - - - - - - - - - - -
(clock sys_clk)                   capture                                      83330 R             
                                  uncertainty                          -2000   81330 R             
---------------------------------------------------------------------------------------------------
Cost Group   : 'sys_clk' (path_group 'sys_clk')
Timing slack :   46665ps 
Start-point  : tx_wr_en
End-point    : tx_inst/fifo_inst/memory_inst/mem_reg[13][2]/sena

(u) : Net has unmapped pin(s).

path  31:

            Pin                        Type          Fanout Load Slew  Delay Arrival   Location    
                                      (Domain)              (fF) (ps)  (ps)    (ps)       (x,   y) 
---------------------------------------------------------------------------------------------------
(clock sys_clk)                   launch                                           0 R             
(constraint.sdc_line_16_3_1)      ext delay                           +33000   33000 R             
tx_wr_en                     (u)  in port                 1  5.6   55    +32   33032 R             
tx_inst/wr_en 
  fifo_inst/wr_en 
    write_pointer_inst/wr_en 
      g52/in_0                                                            +0   33032               
      g52/z                  (u)  unmapped_complex2       4 22.4    0   +221   33253 F             
      g53/in_0                                                            +0   33253               
      g53/z                  (u)  unmapped_not            5 28.0    0   +214   33467 R             
    write_pointer_inst/can_write 
    memory_inst/can_write 
      g2445/in_0                                                          +0   33467               
      g2445/z                (u)  unmapped_complex2       2 11.2    0   +154   33622 F             
      g2424/in_0                                                          +0   33622               
      g2424/z                (u)  unmapped_complex2       4 22.4    0   +221   33843 F             
      g2451/in_1                                                          +0   33843               
      g2451/z                (u)  unmapped_nor2           8 89.6    0   +390   34233 R             
      mem_reg[13][1]/sena         unmapped_d_flop                         +0   34233               
      mem_reg[13][1]/clk          setup                             0   +432   34665 R             
- - - - - - - - - - - - - - - - - - - - - - - - - - - - - - - - - - - - - - - - - - - - - - - - - -
(clock sys_clk)                   capture                                      83330 R             
                                  uncertainty                          -2000   81330 R             
---------------------------------------------------------------------------------------------------
Cost Group   : 'sys_clk' (path_group 'sys_clk')
Timing slack :   46665ps 
Start-point  : tx_wr_en
End-point    : tx_inst/fifo_inst/memory_inst/mem_reg[13][1]/sena

(u) : Net has unmapped pin(s).

path  32:

            Pin                        Type          Fanout Load Slew  Delay Arrival   Location    
                                      (Domain)              (fF) (ps)  (ps)    (ps)       (x,   y) 
---------------------------------------------------------------------------------------------------
(clock sys_clk)                   launch                                           0 R             
(constraint.sdc_line_16_3_1)      ext delay                           +33000   33000 R             
tx_wr_en                     (u)  in port                 1  5.6   55    +32   33032 R             
tx_inst/wr_en 
  fifo_inst/wr_en 
    write_pointer_inst/wr_en 
      g52/in_0                                                            +0   33032               
      g52/z                  (u)  unmapped_complex2       4 22.4    0   +221   33253 F             
      g53/in_0                                                            +0   33253               
      g53/z                  (u)  unmapped_not            5 28.0    0   +214   33467 R             
    write_pointer_inst/can_write 
    memory_inst/can_write 
      g2445/in_0                                                          +0   33467               
      g2445/z                (u)  unmapped_complex2       2 11.2    0   +154   33622 F             
      g2424/in_0                                                          +0   33622               
      g2424/z                (u)  unmapped_complex2       4 22.4    0   +221   33843 F             
      g2451/in_1                                                          +0   33843               
      g2451/z                (u)  unmapped_nor2           8 89.6    0   +390   34233 R             
      mem_reg[13][0]/sena         unmapped_d_flop                         +0   34233               
      mem_reg[13][0]/clk          setup                             0   +432   34665 R             
- - - - - - - - - - - - - - - - - - - - - - - - - - - - - - - - - - - - - - - - - - - - - - - - - -
(clock sys_clk)                   capture                                      83330 R             
                                  uncertainty                          -2000   81330 R             
---------------------------------------------------------------------------------------------------
Cost Group   : 'sys_clk' (path_group 'sys_clk')
Timing slack :   46665ps 
Start-point  : tx_wr_en
End-point    : tx_inst/fifo_inst/memory_inst/mem_reg[13][0]/sena

(u) : Net has unmapped pin(s).

path  33:

            Pin                        Type          Fanout Load Slew  Delay Arrival   Location    
                                      (Domain)              (fF) (ps)  (ps)    (ps)       (x,   y) 
---------------------------------------------------------------------------------------------------
(clock sys_clk)                   launch                                           0 R             
(constraint.sdc_line_16_3_1)      ext delay                           +33000   33000 R             
tx_wr_en                     (u)  in port                 1  5.6   55    +32   33032 R             
tx_inst/wr_en 
  fifo_inst/wr_en 
    write_pointer_inst/wr_en 
      g52/in_0                                                            +0   33032               
      g52/z                  (u)  unmapped_complex2       4 22.4    0   +221   33253 F             
      g53/in_0                                                            +0   33253               
      g53/z                  (u)  unmapped_not            5 28.0    0   +214   33467 R             
    write_pointer_inst/can_write 
    memory_inst/can_write 
      g2445/in_0                                                          +0   33467               
      g2445/z                (u)  unmapped_complex2       2 11.2    0   +154   33622 F             
      g2426/in_0                                                          +0   33622               
      g2426/z                (u)  unmapped_or2            4 22.4    0   +221   33843 F             
      g2453/in_1                                                          +0   33843               
      g2453/z                (u)  unmapped_nor2           8 89.6    0   +390   34233 R             
      mem_reg[12][7]/sena         unmapped_d_flop                         +0   34233               
      mem_reg[12][7]/clk          setup                             0   +432   34665 R             
- - - - - - - - - - - - - - - - - - - - - - - - - - - - - - - - - - - - - - - - - - - - - - - - - -
(clock sys_clk)                   capture                                      83330 R             
                                  uncertainty                          -2000   81330 R             
---------------------------------------------------------------------------------------------------
Cost Group   : 'sys_clk' (path_group 'sys_clk')
Timing slack :   46665ps 
Start-point  : tx_wr_en
End-point    : tx_inst/fifo_inst/memory_inst/mem_reg[12][7]/sena

(u) : Net has unmapped pin(s).

path  34:

            Pin                        Type          Fanout Load Slew  Delay Arrival   Location    
                                      (Domain)              (fF) (ps)  (ps)    (ps)       (x,   y) 
---------------------------------------------------------------------------------------------------
(clock sys_clk)                   launch                                           0 R             
(constraint.sdc_line_16_3_1)      ext delay                           +33000   33000 R             
tx_wr_en                     (u)  in port                 1  5.6   55    +32   33032 R             
tx_inst/wr_en 
  fifo_inst/wr_en 
    write_pointer_inst/wr_en 
      g52/in_0                                                            +0   33032               
      g52/z                  (u)  unmapped_complex2       4 22.4    0   +221   33253 F             
      g53/in_0                                                            +0   33253               
      g53/z                  (u)  unmapped_not            5 28.0    0   +214   33467 R             
    write_pointer_inst/can_write 
    memory_inst/can_write 
      g2445/in_0                                                          +0   33467               
      g2445/z                (u)  unmapped_complex2       2 11.2    0   +154   33622 F             
      g2426/in_0                                                          +0   33622               
      g2426/z                (u)  unmapped_or2            4 22.4    0   +221   33843 F             
      g2453/in_1                                                          +0   33843               
      g2453/z                (u)  unmapped_nor2           8 89.6    0   +390   34233 R             
      mem_reg[12][6]/sena         unmapped_d_flop                         +0   34233               
      mem_reg[12][6]/clk          setup                             0   +432   34665 R             
- - - - - - - - - - - - - - - - - - - - - - - - - - - - - - - - - - - - - - - - - - - - - - - - - -
(clock sys_clk)                   capture                                      83330 R             
                                  uncertainty                          -2000   81330 R             
---------------------------------------------------------------------------------------------------
Cost Group   : 'sys_clk' (path_group 'sys_clk')
Timing slack :   46665ps 
Start-point  : tx_wr_en
End-point    : tx_inst/fifo_inst/memory_inst/mem_reg[12][6]/sena

(u) : Net has unmapped pin(s).

path  35:

            Pin                        Type          Fanout Load Slew  Delay Arrival   Location    
                                      (Domain)              (fF) (ps)  (ps)    (ps)       (x,   y) 
---------------------------------------------------------------------------------------------------
(clock sys_clk)                   launch                                           0 R             
(constraint.sdc_line_16_3_1)      ext delay                           +33000   33000 R             
tx_wr_en                     (u)  in port                 1  5.6   55    +32   33032 R             
tx_inst/wr_en 
  fifo_inst/wr_en 
    write_pointer_inst/wr_en 
      g52/in_0                                                            +0   33032               
      g52/z                  (u)  unmapped_complex2       4 22.4    0   +221   33253 F             
      g53/in_0                                                            +0   33253               
      g53/z                  (u)  unmapped_not            5 28.0    0   +214   33467 R             
    write_pointer_inst/can_write 
    memory_inst/can_write 
      g2445/in_0                                                          +0   33467               
      g2445/z                (u)  unmapped_complex2       2 11.2    0   +154   33622 F             
      g2426/in_0                                                          +0   33622               
      g2426/z                (u)  unmapped_or2            4 22.4    0   +221   33843 F             
      g2453/in_1                                                          +0   33843               
      g2453/z                (u)  unmapped_nor2           8 89.6    0   +390   34233 R             
      mem_reg[12][5]/sena         unmapped_d_flop                         +0   34233               
      mem_reg[12][5]/clk          setup                             0   +432   34665 R             
- - - - - - - - - - - - - - - - - - - - - - - - - - - - - - - - - - - - - - - - - - - - - - - - - -
(clock sys_clk)                   capture                                      83330 R             
                                  uncertainty                          -2000   81330 R             
---------------------------------------------------------------------------------------------------
Cost Group   : 'sys_clk' (path_group 'sys_clk')
Timing slack :   46665ps 
Start-point  : tx_wr_en
End-point    : tx_inst/fifo_inst/memory_inst/mem_reg[12][5]/sena

(u) : Net has unmapped pin(s).

path  36:

            Pin                        Type          Fanout Load Slew  Delay Arrival   Location    
                                      (Domain)              (fF) (ps)  (ps)    (ps)       (x,   y) 
---------------------------------------------------------------------------------------------------
(clock sys_clk)                   launch                                           0 R             
(constraint.sdc_line_16_3_1)      ext delay                           +33000   33000 R             
tx_wr_en                     (u)  in port                 1  5.6   55    +32   33032 R             
tx_inst/wr_en 
  fifo_inst/wr_en 
    write_pointer_inst/wr_en 
      g52/in_0                                                            +0   33032               
      g52/z                  (u)  unmapped_complex2       4 22.4    0   +221   33253 F             
      g53/in_0                                                            +0   33253               
      g53/z                  (u)  unmapped_not            5 28.0    0   +214   33467 R             
    write_pointer_inst/can_write 
    memory_inst/can_write 
      g2445/in_0                                                          +0   33467               
      g2445/z                (u)  unmapped_complex2       2 11.2    0   +154   33622 F             
      g2426/in_0                                                          +0   33622               
      g2426/z                (u)  unmapped_or2            4 22.4    0   +221   33843 F             
      g2453/in_1                                                          +0   33843               
      g2453/z                (u)  unmapped_nor2           8 89.6    0   +390   34233 R             
      mem_reg[12][4]/sena         unmapped_d_flop                         +0   34233               
      mem_reg[12][4]/clk          setup                             0   +432   34665 R             
- - - - - - - - - - - - - - - - - - - - - - - - - - - - - - - - - - - - - - - - - - - - - - - - - -
(clock sys_clk)                   capture                                      83330 R             
                                  uncertainty                          -2000   81330 R             
---------------------------------------------------------------------------------------------------
Cost Group   : 'sys_clk' (path_group 'sys_clk')
Timing slack :   46665ps 
Start-point  : tx_wr_en
End-point    : tx_inst/fifo_inst/memory_inst/mem_reg[12][4]/sena

(u) : Net has unmapped pin(s).

path  37:

            Pin                        Type          Fanout Load Slew  Delay Arrival   Location    
                                      (Domain)              (fF) (ps)  (ps)    (ps)       (x,   y) 
---------------------------------------------------------------------------------------------------
(clock sys_clk)                   launch                                           0 R             
(constraint.sdc_line_16_3_1)      ext delay                           +33000   33000 R             
tx_wr_en                     (u)  in port                 1  5.6   55    +32   33032 R             
tx_inst/wr_en 
  fifo_inst/wr_en 
    write_pointer_inst/wr_en 
      g52/in_0                                                            +0   33032               
      g52/z                  (u)  unmapped_complex2       4 22.4    0   +221   33253 F             
      g53/in_0                                                            +0   33253               
      g53/z                  (u)  unmapped_not            5 28.0    0   +214   33467 R             
    write_pointer_inst/can_write 
    memory_inst/can_write 
      g2445/in_0                                                          +0   33467               
      g2445/z                (u)  unmapped_complex2       2 11.2    0   +154   33622 F             
      g2426/in_0                                                          +0   33622               
      g2426/z                (u)  unmapped_or2            4 22.4    0   +221   33843 F             
      g2453/in_1                                                          +0   33843               
      g2453/z                (u)  unmapped_nor2           8 89.6    0   +390   34233 R             
      mem_reg[12][3]/sena         unmapped_d_flop                         +0   34233               
      mem_reg[12][3]/clk          setup                             0   +432   34665 R             
- - - - - - - - - - - - - - - - - - - - - - - - - - - - - - - - - - - - - - - - - - - - - - - - - -
(clock sys_clk)                   capture                                      83330 R             
                                  uncertainty                          -2000   81330 R             
---------------------------------------------------------------------------------------------------
Cost Group   : 'sys_clk' (path_group 'sys_clk')
Timing slack :   46665ps 
Start-point  : tx_wr_en
End-point    : tx_inst/fifo_inst/memory_inst/mem_reg[12][3]/sena

(u) : Net has unmapped pin(s).

path  38:

            Pin                        Type          Fanout Load Slew  Delay Arrival   Location    
                                      (Domain)              (fF) (ps)  (ps)    (ps)       (x,   y) 
---------------------------------------------------------------------------------------------------
(clock sys_clk)                   launch                                           0 R             
(constraint.sdc_line_16_3_1)      ext delay                           +33000   33000 R             
tx_wr_en                     (u)  in port                 1  5.6   55    +32   33032 R             
tx_inst/wr_en 
  fifo_inst/wr_en 
    write_pointer_inst/wr_en 
      g52/in_0                                                            +0   33032               
      g52/z                  (u)  unmapped_complex2       4 22.4    0   +221   33253 F             
      g53/in_0                                                            +0   33253               
      g53/z                  (u)  unmapped_not            5 28.0    0   +214   33467 R             
    write_pointer_inst/can_write 
    memory_inst/can_write 
      g2445/in_0                                                          +0   33467               
      g2445/z                (u)  unmapped_complex2       2 11.2    0   +154   33622 F             
      g2426/in_0                                                          +0   33622               
      g2426/z                (u)  unmapped_or2            4 22.4    0   +221   33843 F             
      g2453/in_1                                                          +0   33843               
      g2453/z                (u)  unmapped_nor2           8 89.6    0   +390   34233 R             
      mem_reg[12][2]/sena         unmapped_d_flop                         +0   34233               
      mem_reg[12][2]/clk          setup                             0   +432   34665 R             
- - - - - - - - - - - - - - - - - - - - - - - - - - - - - - - - - - - - - - - - - - - - - - - - - -
(clock sys_clk)                   capture                                      83330 R             
                                  uncertainty                          -2000   81330 R             
---------------------------------------------------------------------------------------------------
Cost Group   : 'sys_clk' (path_group 'sys_clk')
Timing slack :   46665ps 
Start-point  : tx_wr_en
End-point    : tx_inst/fifo_inst/memory_inst/mem_reg[12][2]/sena

(u) : Net has unmapped pin(s).

path  39:

            Pin                        Type          Fanout Load Slew  Delay Arrival   Location    
                                      (Domain)              (fF) (ps)  (ps)    (ps)       (x,   y) 
---------------------------------------------------------------------------------------------------
(clock sys_clk)                   launch                                           0 R             
(constraint.sdc_line_16_3_1)      ext delay                           +33000   33000 R             
tx_wr_en                     (u)  in port                 1  5.6   55    +32   33032 R             
tx_inst/wr_en 
  fifo_inst/wr_en 
    write_pointer_inst/wr_en 
      g52/in_0                                                            +0   33032               
      g52/z                  (u)  unmapped_complex2       4 22.4    0   +221   33253 F             
      g53/in_0                                                            +0   33253               
      g53/z                  (u)  unmapped_not            5 28.0    0   +214   33467 R             
    write_pointer_inst/can_write 
    memory_inst/can_write 
      g2445/in_0                                                          +0   33467               
      g2445/z                (u)  unmapped_complex2       2 11.2    0   +154   33622 F             
      g2426/in_0                                                          +0   33622               
      g2426/z                (u)  unmapped_or2            4 22.4    0   +221   33843 F             
      g2453/in_1                                                          +0   33843               
      g2453/z                (u)  unmapped_nor2           8 89.6    0   +390   34233 R             
      mem_reg[12][1]/sena         unmapped_d_flop                         +0   34233               
      mem_reg[12][1]/clk          setup                             0   +432   34665 R             
- - - - - - - - - - - - - - - - - - - - - - - - - - - - - - - - - - - - - - - - - - - - - - - - - -
(clock sys_clk)                   capture                                      83330 R             
                                  uncertainty                          -2000   81330 R             
---------------------------------------------------------------------------------------------------
Cost Group   : 'sys_clk' (path_group 'sys_clk')
Timing slack :   46665ps 
Start-point  : tx_wr_en
End-point    : tx_inst/fifo_inst/memory_inst/mem_reg[12][1]/sena

(u) : Net has unmapped pin(s).

path  40:

            Pin                        Type          Fanout Load Slew  Delay Arrival   Location    
                                      (Domain)              (fF) (ps)  (ps)    (ps)       (x,   y) 
---------------------------------------------------------------------------------------------------
(clock sys_clk)                   launch                                           0 R             
(constraint.sdc_line_16_3_1)      ext delay                           +33000   33000 R             
tx_wr_en                     (u)  in port                 1  5.6   55    +32   33032 R             
tx_inst/wr_en 
  fifo_inst/wr_en 
    write_pointer_inst/wr_en 
      g52/in_0                                                            +0   33032               
      g52/z                  (u)  unmapped_complex2       4 22.4    0   +221   33253 F             
      g53/in_0                                                            +0   33253               
      g53/z                  (u)  unmapped_not            5 28.0    0   +214   33467 R             
    write_pointer_inst/can_write 
    memory_inst/can_write 
      g2445/in_0                                                          +0   33467               
      g2445/z                (u)  unmapped_complex2       2 11.2    0   +154   33622 F             
      g2426/in_0                                                          +0   33622               
      g2426/z                (u)  unmapped_or2            4 22.4    0   +221   33843 F             
      g2453/in_1                                                          +0   33843               
      g2453/z                (u)  unmapped_nor2           8 89.6    0   +390   34233 R             
      mem_reg[12][0]/sena         unmapped_d_flop                         +0   34233               
      mem_reg[12][0]/clk          setup                             0   +432   34665 R             
- - - - - - - - - - - - - - - - - - - - - - - - - - - - - - - - - - - - - - - - - - - - - - - - - -
(clock sys_clk)                   capture                                      83330 R             
                                  uncertainty                          -2000   81330 R             
---------------------------------------------------------------------------------------------------
Cost Group   : 'sys_clk' (path_group 'sys_clk')
Timing slack :   46665ps 
Start-point  : tx_wr_en
End-point    : tx_inst/fifo_inst/memory_inst/mem_reg[12][0]/sena

(u) : Net has unmapped pin(s).

path  41:

            Pin                        Type          Fanout Load Slew  Delay Arrival   Location    
                                      (Domain)              (fF) (ps)  (ps)    (ps)       (x,   y) 
---------------------------------------------------------------------------------------------------
(clock sys_clk)                   launch                                           0 R             
(constraint.sdc_line_16_3_1)      ext delay                           +33000   33000 R             
tx_wr_en                     (u)  in port                 1  5.6   55    +32   33032 R             
tx_inst/wr_en 
  fifo_inst/wr_en 
    write_pointer_inst/wr_en 
      g52/in_0                                                            +0   33032               
      g52/z                  (u)  unmapped_complex2       4 22.4    0   +221   33253 F             
      g53/in_0                                                            +0   33253               
      g53/z                  (u)  unmapped_not            5 28.0    0   +214   33467 R             
    write_pointer_inst/can_write 
    memory_inst/can_write 
      g2448/in_0                                                          +0   33467               
      g2448/z                (u)  unmapped_nand2          2 11.2    0   +154   33622 F             
      g2425/in_0                                                          +0   33622               
      g2425/z                (u)  unmapped_complex2       4 22.4    0   +221   33843 F             
      g2458/in_0                                                          +0   33843               
      g2458/z                (u)  unmapped_nor2           8 89.6    0   +390   34233 R             
      mem_reg[11][7]/sena         unmapped_d_flop                         +0   34233               
      mem_reg[11][7]/clk          setup                             0   +432   34665 R             
- - - - - - - - - - - - - - - - - - - - - - - - - - - - - - - - - - - - - - - - - - - - - - - - - -
(clock sys_clk)                   capture                                      83330 R             
                                  uncertainty                          -2000   81330 R             
---------------------------------------------------------------------------------------------------
Cost Group   : 'sys_clk' (path_group 'sys_clk')
Timing slack :   46665ps 
Start-point  : tx_wr_en
End-point    : tx_inst/fifo_inst/memory_inst/mem_reg[11][7]/sena

(u) : Net has unmapped pin(s).

path  42:

            Pin                        Type          Fanout Load Slew  Delay Arrival   Location    
                                      (Domain)              (fF) (ps)  (ps)    (ps)       (x,   y) 
---------------------------------------------------------------------------------------------------
(clock sys_clk)                   launch                                           0 R             
(constraint.sdc_line_16_3_1)      ext delay                           +33000   33000 R             
tx_wr_en                     (u)  in port                 1  5.6   55    +32   33032 R             
tx_inst/wr_en 
  fifo_inst/wr_en 
    write_pointer_inst/wr_en 
      g52/in_0                                                            +0   33032               
      g52/z                  (u)  unmapped_complex2       4 22.4    0   +221   33253 F             
      g53/in_0                                                            +0   33253               
      g53/z                  (u)  unmapped_not            5 28.0    0   +214   33467 R             
    write_pointer_inst/can_write 
    memory_inst/can_write 
      g2448/in_0                                                          +0   33467               
      g2448/z                (u)  unmapped_nand2          2 11.2    0   +154   33622 F             
      g2425/in_0                                                          +0   33622               
      g2425/z                (u)  unmapped_complex2       4 22.4    0   +221   33843 F             
      g2458/in_0                                                          +0   33843               
      g2458/z                (u)  unmapped_nor2           8 89.6    0   +390   34233 R             
      mem_reg[11][6]/sena         unmapped_d_flop                         +0   34233               
      mem_reg[11][6]/clk          setup                             0   +432   34665 R             
- - - - - - - - - - - - - - - - - - - - - - - - - - - - - - - - - - - - - - - - - - - - - - - - - -
(clock sys_clk)                   capture                                      83330 R             
                                  uncertainty                          -2000   81330 R             
---------------------------------------------------------------------------------------------------
Cost Group   : 'sys_clk' (path_group 'sys_clk')
Timing slack :   46665ps 
Start-point  : tx_wr_en
End-point    : tx_inst/fifo_inst/memory_inst/mem_reg[11][6]/sena

(u) : Net has unmapped pin(s).

path  43:

            Pin                        Type          Fanout Load Slew  Delay Arrival   Location    
                                      (Domain)              (fF) (ps)  (ps)    (ps)       (x,   y) 
---------------------------------------------------------------------------------------------------
(clock sys_clk)                   launch                                           0 R             
(constraint.sdc_line_16_3_1)      ext delay                           +33000   33000 R             
tx_wr_en                     (u)  in port                 1  5.6   55    +32   33032 R             
tx_inst/wr_en 
  fifo_inst/wr_en 
    write_pointer_inst/wr_en 
      g52/in_0                                                            +0   33032               
      g52/z                  (u)  unmapped_complex2       4 22.4    0   +221   33253 F             
      g53/in_0                                                            +0   33253               
      g53/z                  (u)  unmapped_not            5 28.0    0   +214   33467 R             
    write_pointer_inst/can_write 
    memory_inst/can_write 
      g2448/in_0                                                          +0   33467               
      g2448/z                (u)  unmapped_nand2          2 11.2    0   +154   33622 F             
      g2425/in_0                                                          +0   33622               
      g2425/z                (u)  unmapped_complex2       4 22.4    0   +221   33843 F             
      g2458/in_0                                                          +0   33843               
      g2458/z                (u)  unmapped_nor2           8 89.6    0   +390   34233 R             
      mem_reg[11][5]/sena         unmapped_d_flop                         +0   34233               
      mem_reg[11][5]/clk          setup                             0   +432   34665 R             
- - - - - - - - - - - - - - - - - - - - - - - - - - - - - - - - - - - - - - - - - - - - - - - - - -
(clock sys_clk)                   capture                                      83330 R             
                                  uncertainty                          -2000   81330 R             
---------------------------------------------------------------------------------------------------
Cost Group   : 'sys_clk' (path_group 'sys_clk')
Timing slack :   46665ps 
Start-point  : tx_wr_en
End-point    : tx_inst/fifo_inst/memory_inst/mem_reg[11][5]/sena

(u) : Net has unmapped pin(s).

path  44:

            Pin                        Type          Fanout Load Slew  Delay Arrival   Location    
                                      (Domain)              (fF) (ps)  (ps)    (ps)       (x,   y) 
---------------------------------------------------------------------------------------------------
(clock sys_clk)                   launch                                           0 R             
(constraint.sdc_line_16_3_1)      ext delay                           +33000   33000 R             
tx_wr_en                     (u)  in port                 1  5.6   55    +32   33032 R             
tx_inst/wr_en 
  fifo_inst/wr_en 
    write_pointer_inst/wr_en 
      g52/in_0                                                            +0   33032               
      g52/z                  (u)  unmapped_complex2       4 22.4    0   +221   33253 F             
      g53/in_0                                                            +0   33253               
      g53/z                  (u)  unmapped_not            5 28.0    0   +214   33467 R             
    write_pointer_inst/can_write 
    memory_inst/can_write 
      g2448/in_0                                                          +0   33467               
      g2448/z                (u)  unmapped_nand2          2 11.2    0   +154   33622 F             
      g2425/in_0                                                          +0   33622               
      g2425/z                (u)  unmapped_complex2       4 22.4    0   +221   33843 F             
      g2458/in_0                                                          +0   33843               
      g2458/z                (u)  unmapped_nor2           8 89.6    0   +390   34233 R             
      mem_reg[11][4]/sena         unmapped_d_flop                         +0   34233               
      mem_reg[11][4]/clk          setup                             0   +432   34665 R             
- - - - - - - - - - - - - - - - - - - - - - - - - - - - - - - - - - - - - - - - - - - - - - - - - -
(clock sys_clk)                   capture                                      83330 R             
                                  uncertainty                          -2000   81330 R             
---------------------------------------------------------------------------------------------------
Cost Group   : 'sys_clk' (path_group 'sys_clk')
Timing slack :   46665ps 
Start-point  : tx_wr_en
End-point    : tx_inst/fifo_inst/memory_inst/mem_reg[11][4]/sena

(u) : Net has unmapped pin(s).

path  45:

            Pin                        Type          Fanout Load Slew  Delay Arrival   Location    
                                      (Domain)              (fF) (ps)  (ps)    (ps)       (x,   y) 
---------------------------------------------------------------------------------------------------
(clock sys_clk)                   launch                                           0 R             
(constraint.sdc_line_16_3_1)      ext delay                           +33000   33000 R             
tx_wr_en                     (u)  in port                 1  5.6   55    +32   33032 R             
tx_inst/wr_en 
  fifo_inst/wr_en 
    write_pointer_inst/wr_en 
      g52/in_0                                                            +0   33032               
      g52/z                  (u)  unmapped_complex2       4 22.4    0   +221   33253 F             
      g53/in_0                                                            +0   33253               
      g53/z                  (u)  unmapped_not            5 28.0    0   +214   33467 R             
    write_pointer_inst/can_write 
    memory_inst/can_write 
      g2448/in_0                                                          +0   33467               
      g2448/z                (u)  unmapped_nand2          2 11.2    0   +154   33622 F             
      g2425/in_0                                                          +0   33622               
      g2425/z                (u)  unmapped_complex2       4 22.4    0   +221   33843 F             
      g2458/in_0                                                          +0   33843               
      g2458/z                (u)  unmapped_nor2           8 89.6    0   +390   34233 R             
      mem_reg[11][3]/sena         unmapped_d_flop                         +0   34233               
      mem_reg[11][3]/clk          setup                             0   +432   34665 R             
- - - - - - - - - - - - - - - - - - - - - - - - - - - - - - - - - - - - - - - - - - - - - - - - - -
(clock sys_clk)                   capture                                      83330 R             
                                  uncertainty                          -2000   81330 R             
---------------------------------------------------------------------------------------------------
Cost Group   : 'sys_clk' (path_group 'sys_clk')
Timing slack :   46665ps 
Start-point  : tx_wr_en
End-point    : tx_inst/fifo_inst/memory_inst/mem_reg[11][3]/sena

(u) : Net has unmapped pin(s).

path  46:

            Pin                        Type          Fanout Load Slew  Delay Arrival   Location    
                                      (Domain)              (fF) (ps)  (ps)    (ps)       (x,   y) 
---------------------------------------------------------------------------------------------------
(clock sys_clk)                   launch                                           0 R             
(constraint.sdc_line_16_3_1)      ext delay                           +33000   33000 R             
tx_wr_en                     (u)  in port                 1  5.6   55    +32   33032 R             
tx_inst/wr_en 
  fifo_inst/wr_en 
    write_pointer_inst/wr_en 
      g52/in_0                                                            +0   33032               
      g52/z                  (u)  unmapped_complex2       4 22.4    0   +221   33253 F             
      g53/in_0                                                            +0   33253               
      g53/z                  (u)  unmapped_not            5 28.0    0   +214   33467 R             
    write_pointer_inst/can_write 
    memory_inst/can_write 
      g2448/in_0                                                          +0   33467               
      g2448/z                (u)  unmapped_nand2          2 11.2    0   +154   33622 F             
      g2425/in_0                                                          +0   33622               
      g2425/z                (u)  unmapped_complex2       4 22.4    0   +221   33843 F             
      g2458/in_0                                                          +0   33843               
      g2458/z                (u)  unmapped_nor2           8 89.6    0   +390   34233 R             
      mem_reg[11][2]/sena         unmapped_d_flop                         +0   34233               
      mem_reg[11][2]/clk          setup                             0   +432   34665 R             
- - - - - - - - - - - - - - - - - - - - - - - - - - - - - - - - - - - - - - - - - - - - - - - - - -
(clock sys_clk)                   capture                                      83330 R             
                                  uncertainty                          -2000   81330 R             
---------------------------------------------------------------------------------------------------
Cost Group   : 'sys_clk' (path_group 'sys_clk')
Timing slack :   46665ps 
Start-point  : tx_wr_en
End-point    : tx_inst/fifo_inst/memory_inst/mem_reg[11][2]/sena

(u) : Net has unmapped pin(s).

path  47:

            Pin                        Type          Fanout Load Slew  Delay Arrival   Location    
                                      (Domain)              (fF) (ps)  (ps)    (ps)       (x,   y) 
---------------------------------------------------------------------------------------------------
(clock sys_clk)                   launch                                           0 R             
(constraint.sdc_line_16_3_1)      ext delay                           +33000   33000 R             
tx_wr_en                     (u)  in port                 1  5.6   55    +32   33032 R             
tx_inst/wr_en 
  fifo_inst/wr_en 
    write_pointer_inst/wr_en 
      g52/in_0                                                            +0   33032               
      g52/z                  (u)  unmapped_complex2       4 22.4    0   +221   33253 F             
      g53/in_0                                                            +0   33253               
      g53/z                  (u)  unmapped_not            5 28.0    0   +214   33467 R             
    write_pointer_inst/can_write 
    memory_inst/can_write 
      g2448/in_0                                                          +0   33467               
      g2448/z                (u)  unmapped_nand2          2 11.2    0   +154   33622 F             
      g2425/in_0                                                          +0   33622               
      g2425/z                (u)  unmapped_complex2       4 22.4    0   +221   33843 F             
      g2458/in_0                                                          +0   33843               
      g2458/z                (u)  unmapped_nor2           8 89.6    0   +390   34233 R             
      mem_reg[11][1]/sena         unmapped_d_flop                         +0   34233               
      mem_reg[11][1]/clk          setup                             0   +432   34665 R             
- - - - - - - - - - - - - - - - - - - - - - - - - - - - - - - - - - - - - - - - - - - - - - - - - -
(clock sys_clk)                   capture                                      83330 R             
                                  uncertainty                          -2000   81330 R             
---------------------------------------------------------------------------------------------------
Cost Group   : 'sys_clk' (path_group 'sys_clk')
Timing slack :   46665ps 
Start-point  : tx_wr_en
End-point    : tx_inst/fifo_inst/memory_inst/mem_reg[11][1]/sena

(u) : Net has unmapped pin(s).

path  48:

            Pin                        Type          Fanout Load Slew  Delay Arrival   Location    
                                      (Domain)              (fF) (ps)  (ps)    (ps)       (x,   y) 
---------------------------------------------------------------------------------------------------
(clock sys_clk)                   launch                                           0 R             
(constraint.sdc_line_16_3_1)      ext delay                           +33000   33000 R             
tx_wr_en                     (u)  in port                 1  5.6   55    +32   33032 R             
tx_inst/wr_en 
  fifo_inst/wr_en 
    write_pointer_inst/wr_en 
      g52/in_0                                                            +0   33032               
      g52/z                  (u)  unmapped_complex2       4 22.4    0   +221   33253 F             
      g53/in_0                                                            +0   33253               
      g53/z                  (u)  unmapped_not            5 28.0    0   +214   33467 R             
    write_pointer_inst/can_write 
    memory_inst/can_write 
      g2448/in_0                                                          +0   33467               
      g2448/z                (u)  unmapped_nand2          2 11.2    0   +154   33622 F             
      g2425/in_0                                                          +0   33622               
      g2425/z                (u)  unmapped_complex2       4 22.4    0   +221   33843 F             
      g2458/in_0                                                          +0   33843               
      g2458/z                (u)  unmapped_nor2           8 89.6    0   +390   34233 R             
      mem_reg[11][0]/sena         unmapped_d_flop                         +0   34233               
      mem_reg[11][0]/clk          setup                             0   +432   34665 R             
- - - - - - - - - - - - - - - - - - - - - - - - - - - - - - - - - - - - - - - - - - - - - - - - - -
(clock sys_clk)                   capture                                      83330 R             
                                  uncertainty                          -2000   81330 R             
---------------------------------------------------------------------------------------------------
Cost Group   : 'sys_clk' (path_group 'sys_clk')
Timing slack :   46665ps 
Start-point  : tx_wr_en
End-point    : tx_inst/fifo_inst/memory_inst/mem_reg[11][0]/sena

(u) : Net has unmapped pin(s).

path  49:

            Pin                        Type          Fanout Load Slew  Delay Arrival   Location    
                                      (Domain)              (fF) (ps)  (ps)    (ps)       (x,   y) 
---------------------------------------------------------------------------------------------------
(clock sys_clk)                   launch                                           0 R             
(constraint.sdc_line_16_3_1)      ext delay                           +33000   33000 R             
tx_wr_en                     (u)  in port                 1  5.6   55    +32   33032 R             
tx_inst/wr_en 
  fifo_inst/wr_en 
    write_pointer_inst/wr_en 
      g52/in_0                                                            +0   33032               
      g52/z                  (u)  unmapped_complex2       4 22.4    0   +221   33253 F             
      g53/in_0                                                            +0   33253               
      g53/z                  (u)  unmapped_not            5 28.0    0   +214   33467 R             
    write_pointer_inst/can_write 
    memory_inst/can_write 
      g2448/in_0                                                          +0   33467               
      g2448/z                (u)  unmapped_nand2          2 11.2    0   +154   33622 F             
      g2427/in_0                                                          +0   33622               
      g2427/z                (u)  unmapped_or2            4 22.4    0   +221   33843 F             
      g2465/in_1                                                          +0   33843               
      g2465/z                (u)  unmapped_nor2           8 89.6    0   +390   34233 R             
      mem_reg[10][7]/sena         unmapped_d_flop                         +0   34233               
      mem_reg[10][7]/clk          setup                             0   +432   34665 R             
- - - - - - - - - - - - - - - - - - - - - - - - - - - - - - - - - - - - - - - - - - - - - - - - - -
(clock sys_clk)                   capture                                      83330 R             
                                  uncertainty                          -2000   81330 R             
---------------------------------------------------------------------------------------------------
Cost Group   : 'sys_clk' (path_group 'sys_clk')
Timing slack :   46665ps 
Start-point  : tx_wr_en
End-point    : tx_inst/fifo_inst/memory_inst/mem_reg[10][7]/sena

(u) : Net has unmapped pin(s).

path  50:

            Pin                        Type          Fanout Load Slew  Delay Arrival   Location    
                                      (Domain)              (fF) (ps)  (ps)    (ps)       (x,   y) 
---------------------------------------------------------------------------------------------------
(clock sys_clk)                   launch                                           0 R             
(constraint.sdc_line_16_3_1)      ext delay                           +33000   33000 R             
tx_wr_en                     (u)  in port                 1  5.6   55    +32   33032 R             
tx_inst/wr_en 
  fifo_inst/wr_en 
    write_pointer_inst/wr_en 
      g52/in_0                                                            +0   33032               
      g52/z                  (u)  unmapped_complex2       4 22.4    0   +221   33253 F             
      g53/in_0                                                            +0   33253               
      g53/z                  (u)  unmapped_not            5 28.0    0   +214   33467 R             
    write_pointer_inst/can_write 
    memory_inst/can_write 
      g2448/in_0                                                          +0   33467               
      g2448/z                (u)  unmapped_nand2          2 11.2    0   +154   33622 F             
      g2427/in_0                                                          +0   33622               
      g2427/z                (u)  unmapped_or2            4 22.4    0   +221   33843 F             
      g2465/in_1                                                          +0   33843               
      g2465/z                (u)  unmapped_nor2           8 89.6    0   +390   34233 R             
      mem_reg[10][6]/sena         unmapped_d_flop                         +0   34233               
      mem_reg[10][6]/clk          setup                             0   +432   34665 R             
- - - - - - - - - - - - - - - - - - - - - - - - - - - - - - - - - - - - - - - - - - - - - - - - - -
(clock sys_clk)                   capture                                      83330 R             
                                  uncertainty                          -2000   81330 R             
---------------------------------------------------------------------------------------------------
Cost Group   : 'sys_clk' (path_group 'sys_clk')
Timing slack :   46665ps 
Start-point  : tx_wr_en
End-point    : tx_inst/fifo_inst/memory_inst/mem_reg[10][6]/sena

(u) : Net has unmapped pin(s).

