============================================================
  Generated by:           Genus(TM) Synthesis Solution 23.10-p004_1
  Generated on:           May 11 2026  10:27:03 pm
  Module:                 uart_top
  Library domain:         slow
    Domain index:         0
    Technology libraries: sky130_ss_1.62_125 1.0
                          physical_cells 
  Library domain:         fast
    Domain index:         1
    Technology libraries: sky130_ff_1.98_0 1.0
                          physical_cells 
  Library domain:         typ
    Domain index:         2
    Technology libraries: sky130_tt_1.8_25 1.0
                          physical_cells 
  Operating conditions:   ss_1.62_125 
  Operating conditions:   ff_1.98_0 
  Operating conditions:   tt_1.8_25 
  Interconnect mode:      global
  Area mode:              physical library
============================================================

path   1:

            Pin                    Type        Fanout Load Slew  Delay Arrival   Location    
                                  (Domain)            (fF) (ps)  (ps)    (ps)       (x,   y) 
---------------------------------------------------------------------------------------------
(clock sys_clk)                launch                                        0 R             
(constraint.sdc_line_16_2_1)   ext delay                        +33000   33000 R             
rx_read_en                     in port              1 11.0   82    +55   33055 R             
rx_inst/read_en 
  fifo_inst/rd_en 
    read_pointer_inst/rd_en 
      g54__3680/B                                                   +0   33055               
      g54__3680/Y              NAND2X1(slow)        2 23.2  273   +255   33310 F             
      g55/A                                                         +0   33310               
      g55/Y                    INVX2(slow)          8 62.5  364   +384   33694 R             
    read_pointer_inst/can_read 
    memory_inst/can_read 
      g4595/A                                                       +0   33694               
      g4595/Y                  CLKINVX2(slow)       9 67.1  251   +358   34052 F             
      g4571__2346/C                                                 +0   34052               
      g4571__2346/Y            NOR3X1(slow)         3 24.9  882   +724   34776 R             
      g4568/A                                                       +0   34776               
      g4568/Y                  CLKINVX2(slow)       2 17.8  211   +298   35074 F             
      g4551__3680/B                                                 +0   35074               
      g4551__3680/Y            NOR2X1(slow)         8 59.6 1296  +1018   36092 R             
      g4525__2802/A1                                                +0   36092               
      g4525__2802/Y            AOI22X1(slow)        1 10.8  400   +580   36672 F             
      g4343__6161/A                                                 +0   36672               
      g4343__6161/Y            NAND3X1(slow)        1 11.0  226   +297   36968 R             
      g4325__5107/C0                                                +0   36968               
      g4325__5107/Y            AOI221X1(slow)       1 10.9  417   +176   37144 F             
      g4320__1666/D                                                 +0   37144               
      g4320__1666/Y            NAND4X1(slow)        1  9.6  222   +262   37406 R             
      dout_reg[7]/D            DFFX1(slow)                          +0   37406               
      dout_reg[7]/CK           setup                          0   +277   37683 R             
- - - - - - - - - - - - - - - - - - - - - - - - - - - - - - - - - - - - - - - - - - - - - - -
(clock sys_clk)                capture                                   83330 R             
                               uncertainty                       -2000   81330 R             
---------------------------------------------------------------------------------------------
Cost Group   : 'sys_clk' (path_group 'sys_clk')
Timing slack :   43647ps 
Start-point  : rx_read_en
End-point    : rx_inst/fifo_inst/memory_inst/dout_reg[7]/D

path   2:

            Pin                    Type        Fanout Load Slew  Delay Arrival   Location    
                                  (Domain)            (fF) (ps)  (ps)    (ps)       (x,   y) 
---------------------------------------------------------------------------------------------
(clock sys_clk)                launch                                        0 R             
(constraint.sdc_line_16_2_1)   ext delay                        +33000   33000 R             
rx_read_en                     in port              1 11.0   82    +55   33055 R             
rx_inst/read_en 
  fifo_inst/rd_en 
    read_pointer_inst/rd_en 
      g54__3680/B                                                   +0   33055               
      g54__3680/Y              NAND2X1(slow)        2 23.2  273   +255   33310 F             
      g55/A                                                         +0   33310               
      g55/Y                    INVX2(slow)          8 62.5  364   +384   33694 R             
    read_pointer_inst/can_read 
    memory_inst/can_read 
      g4595/A                                                       +0   33694               
      g4595/Y                  CLKINVX2(slow)       9 67.1  251   +358   34052 F             
      g4571__2346/C                                                 +0   34052               
      g4571__2346/Y            NOR3X1(slow)         3 24.9  882   +724   34776 R             
      g4568/A                                                       +0   34776               
      g4568/Y                  CLKINVX2(slow)       2 17.8  211   +298   35074 F             
      g4549__5526/B                                                 +0   35074               
      g4549__5526/Y            NOR2X1(slow)         8 59.8 1302  +1021   36095 R             
      g4507__6161/A1                                                +0   36095               
      g4507__6161/Y            AOI22X1(slow)        1 10.8  401   +581   36676 F             
      g4339__1881/B                                                 +0   36676               
      g4339__1881/Y            NAND3X1(slow)        1 11.0  227   +283   36958 R             
      g4321__7410/C0                                                +0   36959               
      g4321__7410/Y            AOI221X1(slow)       1 10.9  416   +176   37135 F             
      g4319__2346/D                                                 +0   37135               
      g4319__2346/Y            NAND4X1(slow)        1  9.6  219   +261   37396 R             
      dout_reg[0]/D            DFFX1(slow)                          +0   37396               
      dout_reg[0]/CK           setup                          0   +275   37671 R             
- - - - - - - - - - - - - - - - - - - - - - - - - - - - - - - - - - - - - - - - - - - - - - -
(clock sys_clk)                capture                                   83330 R             
                               uncertainty                       -2000   81330 R             
---------------------------------------------------------------------------------------------
Cost Group   : 'sys_clk' (path_group 'sys_clk')
Timing slack :   43659ps 
Start-point  : rx_read_en
End-point    : rx_inst/fifo_inst/memory_inst/dout_reg[0]/D

path   3:

            Pin                    Type        Fanout Load Slew  Delay Arrival   Location    
                                  (Domain)            (fF) (ps)  (ps)    (ps)       (x,   y) 
---------------------------------------------------------------------------------------------
(clock sys_clk)                launch                                        0 R             
(constraint.sdc_line_16_2_1)   ext delay                        +33000   33000 R             
rx_read_en                     in port              1 11.0   82    +55   33055 R             
rx_inst/read_en 
  fifo_inst/rd_en 
    read_pointer_inst/rd_en 
      g54__3680/B                                                   +0   33055               
      g54__3680/Y              NAND2X1(slow)        2 23.2  273   +255   33310 F             
      g55/A                                                         +0   33310               
      g55/Y                    INVX2(slow)          8 62.5  364   +384   33694 R             
    read_pointer_inst/can_read 
    memory_inst/can_read 
      g4595/A                                                       +0   33694               
      g4595/Y                  CLKINVX2(slow)       9 67.1  251   +358   34052 F             
      g4571__2346/C                                                 +0   34052               
      g4571__2346/Y            NOR3X1(slow)         3 24.9  882   +724   34776 R             
      g4568/A                                                       +0   34776               
      g4568/Y                  CLKINVX2(slow)       2 17.8  211   +298   35074 F             
      g4551__3680/B                                                 +0   35074               
      g4551__3680/Y            NOR2X1(slow)         8 59.6 1296  +1018   36092 R             
      g4491__4319/A1                                                +0   36092               
      g4491__4319/Y            AOI22X1(slow)        1 10.8  400   +580   36672 F             
      g4341__7482/B                                                 +0   36672               
      g4341__7482/Y            NAND3X1(slow)        1 11.0  226   +282   36954 R             
      g4323__5477/C0                                                +0   36954               
      g4323__5477/Y            AOI221X1(slow)       1 10.9  418   +176   37130 F             
      g4318__2883/D                                                 +0   37130               
      g4318__2883/Y            NAND4X1(slow)        1  9.6  222   +262   37392 R             
      dout_reg[1]/D            DFFX1(slow)                          +0   37392               
      dout_reg[1]/CK           setup                          0   +277   37669 R             
- - - - - - - - - - - - - - - - - - - - - - - - - - - - - - - - - - - - - - - - - - - - - - -
(clock sys_clk)                capture                                   83330 R             
                               uncertainty                       -2000   81330 R             
---------------------------------------------------------------------------------------------
Cost Group   : 'sys_clk' (path_group 'sys_clk')
Timing slack :   43661ps 
Start-point  : rx_read_en
End-point    : rx_inst/fifo_inst/memory_inst/dout_reg[1]/D

path   4:

            Pin                    Type        Fanout Load Slew  Delay Arrival   Location    
                                  (Domain)            (fF) (ps)  (ps)    (ps)       (x,   y) 
---------------------------------------------------------------------------------------------
(clock sys_clk)                launch                                        0 R             
(constraint.sdc_line_16_2_1)   ext delay                        +33000   33000 R             
rx_read_en                     in port              1 11.0   82    +55   33055 R             
rx_inst/read_en 
  fifo_inst/rd_en 
    read_pointer_inst/rd_en 
      g54__3680/B                                                   +0   33055               
      g54__3680/Y              NAND2X1(slow)        2 23.2  273   +255   33310 F             
      g55/A                                                         +0   33310               
      g55/Y                    INVX2(slow)          8 62.5  364   +384   33694 R             
    read_pointer_inst/can_read 
    memory_inst/can_read 
      g4595/A                                                       +0   33694               
      g4595/Y                  CLKINVX2(slow)       9 67.1  251   +358   34052 F             
      g4571__2346/C                                                 +0   34052               
      g4571__2346/Y            NOR3X1(slow)         3 24.9  882   +724   34776 R             
      g4568/A                                                       +0   34776               
      g4568/Y                  CLKINVX2(slow)       2 17.8  211   +298   35074 F             
      g4549__5526/B                                                 +0   35074               
      g4549__5526/Y            NOR2X1(slow)         8 59.8 1302  +1021   36095 R             
      g4492__8428/B1                                                +0   36095               
      g4492__8428/Y            AOI22X1(slow)        1 10.8  386   +490   36585 F             
      g4338__6131/A                                                 +0   36585               
      g4338__6131/Y            NAND3X1(slow)        1 11.0  223   +293   36878 R             
      g4322__6417/C0                                                +0   36878               
      g4322__6417/Y            AOI221X1(slow)       1 10.9  416   +174   37053 F             
      g4314__4733/D                                                 +0   37053               
      g4314__4733/Y            NAND4X1(slow)        1  9.6  222   +261   37314 R             
      dout_reg[4]/D            DFFX1(slow)                          +0   37314               
      dout_reg[4]/CK           setup                          0   +277   37591 R             
- - - - - - - - - - - - - - - - - - - - - - - - - - - - - - - - - - - - - - - - - - - - - - -
(clock sys_clk)                capture                                   83330 R             
                               uncertainty                       -2000   81330 R             
---------------------------------------------------------------------------------------------
Cost Group   : 'sys_clk' (path_group 'sys_clk')
Timing slack :   43739ps 
Start-point  : rx_read_en
End-point    : rx_inst/fifo_inst/memory_inst/dout_reg[4]/D

path   5:

            Pin                    Type        Fanout Load Slew  Delay Arrival   Location    
                                  (Domain)            (fF) (ps)  (ps)    (ps)       (x,   y) 
---------------------------------------------------------------------------------------------
(clock sys_clk)                launch                                        0 R             
(constraint.sdc_line_16_2_1)   ext delay                        +33000   33000 R             
rx_read_en                     in port              1 11.0   82    +55   33055 R             
rx_inst/read_en 
  fifo_inst/rd_en 
    read_pointer_inst/rd_en 
      g54__3680/B                                                   +0   33055               
      g54__3680/Y              NAND2X1(slow)        2 23.2  273   +255   33310 F             
      g55/A                                                         +0   33310               
      g55/Y                    INVX2(slow)          8 62.5  364   +384   33694 R             
    read_pointer_inst/can_read 
    memory_inst/can_read 
      g4595/A                                                       +0   33694               
      g4595/Y                  CLKINVX2(slow)       9 67.1  251   +358   34052 F             
      g4571__2346/C                                                 +0   34052               
      g4571__2346/Y            NOR3X1(slow)         3 24.9  882   +724   34776 R             
      g4568/A                                                       +0   34776               
      g4568/Y                  CLKINVX2(slow)       2 17.8  211   +298   35074 F             
      g4549__5526/B                                                 +0   35074               
      g4549__5526/Y            NOR2X1(slow)         8 59.8 1302  +1021   36095 R             
      g4504__5115/B1                                                +0   36095               
      g4504__5115/Y            AOI22X1(slow)        1 10.8  386   +490   36585 F             
      g4340__5115/B                                                 +0   36585               
      g4340__5115/Y            NAND3X1(slow)        1 11.0  226   +279   36864 R             
      g4324__2398/C0                                                +0   36864               
      g4324__2398/Y            AOI221X1(slow)       1 10.9  416   +176   37040 F             
      g4313__7482/D                                                 +0   37040               
      g4313__7482/Y            NAND4X1(slow)        1  9.6  222   +261   37302 R             
      dout_reg[5]/D            DFFX1(slow)                          +0   37302               
      dout_reg[5]/CK           setup                          0   +277   37578 R             
- - - - - - - - - - - - - - - - - - - - - - - - - - - - - - - - - - - - - - - - - - - - - - -
(clock sys_clk)                capture                                   83330 R             
                               uncertainty                       -2000   81330 R             
---------------------------------------------------------------------------------------------
Cost Group   : 'sys_clk' (path_group 'sys_clk')
Timing slack :   43752ps 
Start-point  : rx_read_en
End-point    : rx_inst/fifo_inst/memory_inst/dout_reg[5]/D

path   6:

            Pin                    Type        Fanout Load Slew  Delay Arrival   Location    
                                  (Domain)            (fF) (ps)  (ps)    (ps)       (x,   y) 
---------------------------------------------------------------------------------------------
(clock sys_clk)                launch                                        0 R             
(constraint.sdc_line_16_2_1)   ext delay                        +33000   33000 R             
rx_read_en                     in port              1 11.0   82    +55   33055 R             
rx_inst/read_en 
  fifo_inst/rd_en 
    read_pointer_inst/rd_en 
      g54__3680/B                                                   +0   33055               
      g54__3680/Y              NAND2X1(slow)        2 23.2  273   +255   33310 F             
      g55/A                                                         +0   33310               
      g55/Y                    INVX2(slow)          8 62.5  364   +384   33694 R             
    read_pointer_inst/can_read 
    memory_inst/can_read 
      g4595/A                                                       +0   33694               
      g4595/Y                  CLKINVX2(slow)       9 67.1  251   +358   34052 F             
      g4571__2346/C                                                 +0   34052               
      g4571__2346/Y            NOR3X1(slow)         3 24.9  882   +724   34776 R             
      g4568/A                                                       +0   34776               
      g4568/Y                  CLKINVX2(slow)       2 17.8  211   +298   35074 F             
      g4551__3680/B                                                 +0   35074               
      g4551__3680/Y            NOR2X1(slow)         8 59.6 1296  +1018   36092 R             
      g4528__8246/B1                                                +0   36092               
      g4528__8246/Y            AOI22X1(slow)        1 10.8  384   +489   36581 F             
      g4344__9315/B                                                 +0   36581               
      g4344__9315/Y            NAND3X1(slow)        1 11.0  226   +279   36860 R             
      g4328__8428/C0                                                +0   36860               
      g4328__8428/Y            AOI221X1(slow)       1 10.9  399   +176   37036 F             
      g4317__9945/D                                                 +0   37036               
      g4317__9945/Y            NAND4X1(slow)        1  9.6  222   +258   37294 R             
      dout_reg[3]/D            DFFX1(slow)                          +0   37294               
      dout_reg[3]/CK           setup                          0   +277   37571 R             
- - - - - - - - - - - - - - - - - - - - - - - - - - - - - - - - - - - - - - - - - - - - - - -
(clock sys_clk)                capture                                   83330 R             
                               uncertainty                       -2000   81330 R             
---------------------------------------------------------------------------------------------
Cost Group   : 'sys_clk' (path_group 'sys_clk')
Timing slack :   43759ps 
Start-point  : rx_read_en
End-point    : rx_inst/fifo_inst/memory_inst/dout_reg[3]/D

path   7:

            Pin                    Type        Fanout Load Slew  Delay Arrival   Location    
                                  (Domain)            (fF) (ps)  (ps)    (ps)       (x,   y) 
---------------------------------------------------------------------------------------------
(clock sys_clk)                launch                                        0 R             
(constraint.sdc_line_16_2_1)   ext delay                        +33000   33000 R             
rx_read_en                     in port              1 11.0   82    +55   33055 R             
rx_inst/read_en 
  fifo_inst/rd_en 
    read_pointer_inst/rd_en 
      g54__3680/B                                                   +0   33055               
      g54__3680/Y              NAND2X1(slow)        2 23.2  273   +255   33310 F             
      g55/A                                                         +0   33310               
      g55/Y                    INVX2(slow)          8 62.5  364   +384   33694 R             
    read_pointer_inst/can_read 
    memory_inst/can_read 
      g4595/A                                                       +0   33694               
      g4595/Y                  CLKINVX2(slow)       9 67.1  251   +358   34052 F             
      g4571__2346/C                                                 +0   34052               
      g4571__2346/Y            NOR3X1(slow)         3 24.9  882   +724   34776 R             
      g4568/A                                                       +0   34776               
      g4568/Y                  CLKINVX2(slow)       2 17.8  211   +298   35074 F             
      g4549__5526/B                                                 +0   35074               
      g4549__5526/Y            NOR2X1(slow)         8 59.8 1302  +1021   36095 R             
      g4517__5107/B1                                                +0   36095               
      g4517__5107/Y            AOI22X1(slow)        1 11.0  388   +494   36589 F             
      g4337__7098/C                                                 +0   36589               
      g4337__7098/Y            NAND3X1(slow)        1 11.0  226   +264   36853 R             
      g4327__4319/C0                                                +0   36853               
      g4327__4319/Y            AOI221X1(slow)       1 10.9  416   +176   37029 F             
      g4315__6161/D                                                 +0   37029               
      g4315__6161/Y            NAND4X1(slow)        1  9.6  222   +261   37291 R             
      dout_reg[2]/D            DFFX1(slow)                          +0   37291               
      dout_reg[2]/CK           setup                          0   +277   37567 R             
- - - - - - - - - - - - - - - - - - - - - - - - - - - - - - - - - - - - - - - - - - - - - - -
(clock sys_clk)                capture                                   83330 R             
                               uncertainty                       -2000   81330 R             
---------------------------------------------------------------------------------------------
Cost Group   : 'sys_clk' (path_group 'sys_clk')
Timing slack :   43763ps 
Start-point  : rx_read_en
End-point    : rx_inst/fifo_inst/memory_inst/dout_reg[2]/D

path   8:

            Pin                    Type        Fanout Load Slew  Delay Arrival   Location    
                                  (Domain)            (fF) (ps)  (ps)    (ps)       (x,   y) 
---------------------------------------------------------------------------------------------
(clock sys_clk)                launch                                        0 R             
(constraint.sdc_line_16_2_1)   ext delay                        +33000   33000 R             
rx_read_en                     in port              1 11.0   82    +55   33055 R             
rx_inst/read_en 
  fifo_inst/rd_en 
    read_pointer_inst/rd_en 
      g54__3680/B                                                   +0   33055               
      g54__3680/Y              NAND2X1(slow)        2 23.2  273   +255   33310 F             
      g55/A                                                         +0   33310               
      g55/Y                    INVX2(slow)          8 62.5  364   +384   33694 R             
    read_pointer_inst/can_read 
    memory_inst/can_read 
      g4595/A                                                       +0   33694               
      g4595/Y                  CLKINVX2(slow)       9 67.1  251   +358   34052 F             
      g4571__2346/C                                                 +0   34052               
      g4571__2346/Y            NOR3X1(slow)         3 24.9  882   +724   34776 R             
      g4568/A                                                       +0   34776               
      g4568/Y                  CLKINVX2(slow)       2 17.8  211   +298   35074 F             
      g4551__3680/B                                                 +0   35074               
      g4551__3680/Y            NOR2X1(slow)         8 59.6 1296  +1018   36092 R             
      g4332__1617/A1                                                +0   36092               
      g4332__1617/Y            AOI221X1(slow)       1 10.9  416   +605   36697 F             
      g4316__9315/C                                                 +0   36697               
      g4316__9315/Y            NAND4X1(slow)        1  9.6  222   +278   36974 R             
      dout_reg[6]/D            DFFX1(slow)                          +0   36974               
      dout_reg[6]/CK           setup                          0   +277   37251 R             
- - - - - - - - - - - - - - - - - - - - - - - - - - - - - - - - - - - - - - - - - - - - - - -
(clock sys_clk)                capture                                   83330 R             
                               uncertainty                       -2000   81330 R             
---------------------------------------------------------------------------------------------
Cost Group   : 'sys_clk' (path_group 'sys_clk')
Timing slack :   44079ps 
Start-point  : rx_read_en
End-point    : rx_inst/fifo_inst/memory_inst/dout_reg[6]/D

path   9:

            Pin                   Type        Fanout Load Slew  Delay Arrival   Location    
                                 (Domain)            (fF) (ps)  (ps)    (ps)       (x,   y) 
--------------------------------------------------------------------------------------------
(clock sys_clk)                launch                                       0 R             
(constraint.sdc_line_16_3_1)   ext delay                       +33000   33000 R             
tx_wr_en                       in port             1 11.0   82    +55   33055 R             
tx_inst/wr_en 
  fifo_inst/wr_en 
    write_pointer_inst/wr_en 
      g54__4319/B                                                  +0   33055               
      g54__4319/Y              NAND2X1(slow)       2 23.2  273   +255   33310 F             
      g55/A                                                        +0   33310               
      g55/Y                    INVX2(slow)         4 37.6  249   +286   33596 R             
    write_pointer_inst/can_write 
    memory_inst/can_write 
      g4589/A                                                      +0   33596               
      g4589/Y                  INVX2(slow)         1 10.9   84   +132   33729 F             
      g4576__9945/B                                                +0   33729               
      g4576__9945/Y            NOR2X1(slow)        2 20.6  481   +385   34114 R             
      g4567__5115/B                                                +0   34114               
      g4567__5115/Y            NAND2X1(slow)       3 27.5  372   +471   34586 F             
      g4543__2346/B                                                +0   34586               
      g4543__2346/Y            NOR2X1(slow)        8 62.5 1358  +1126   35712 R             
      mem_reg[14][7]/SE        SDFFX1(slow)                        +0   35712               
      mem_reg[14][7]/CK        setup                         0   +768   36480 R             
- - - - - - - - - - - - - - - - - - - - - - - - - - - - - - - - - - - - - - - - - - - - - - 
(clock sys_clk)                capture                                  83330 R             
                               uncertainty                      -2000   81330 R             
--------------------------------------------------------------------------------------------
Cost Group   : 'sys_clk' (path_group 'sys_clk')
Timing slack :   44850ps 
Start-point  : tx_wr_en
End-point    : tx_inst/fifo_inst/memory_inst/mem_reg[14][7]/SE

path  10:

            Pin                   Type        Fanout Load Slew  Delay Arrival   Location    
                                 (Domain)            (fF) (ps)  (ps)    (ps)       (x,   y) 
--------------------------------------------------------------------------------------------
(clock sys_clk)                launch                                       0 R             
(constraint.sdc_line_16_3_1)   ext delay                       +33000   33000 R             
tx_wr_en                       in port             1 11.0   82    +55   33055 R             
tx_inst/wr_en 
  fifo_inst/wr_en 
    write_pointer_inst/wr_en 
      g54__4319/B                                                  +0   33055               
      g54__4319/Y              NAND2X1(slow)       2 23.2  273   +255   33310 F             
      g55/A                                                        +0   33310               
      g55/Y                    INVX2(slow)         4 37.6  249   +286   33596 R             
    write_pointer_inst/can_write 
    memory_inst/can_write 
      g4589/A                                                      +0   33596               
      g4589/Y                  INVX2(slow)         1 10.9   84   +132   33729 F             
      g4576__9945/B                                                +0   33729               
      g4576__9945/Y            NOR2X1(slow)        2 20.6  481   +385   34114 R             
      g4567__5115/B                                                +0   34114               
      g4567__5115/Y            NAND2X1(slow)       3 27.5  372   +471   34586 F             
      g4543__2346/B                                                +0   34586               
      g4543__2346/Y            NOR2X1(slow)        8 62.5 1358  +1126   35712 R             
      mem_reg[14][6]/SE        SDFFX1(slow)                        +0   35712               
      mem_reg[14][6]/CK        setup                         0   +768   36480 R             
- - - - - - - - - - - - - - - - - - - - - - - - - - - - - - - - - - - - - - - - - - - - - - 
(clock sys_clk)                capture                                  83330 R             
                               uncertainty                      -2000   81330 R             
--------------------------------------------------------------------------------------------
Cost Group   : 'sys_clk' (path_group 'sys_clk')
Timing slack :   44850ps 
Start-point  : tx_wr_en
End-point    : tx_inst/fifo_inst/memory_inst/mem_reg[14][6]/SE

path  11:

            Pin                   Type        Fanout Load Slew  Delay Arrival   Location    
                                 (Domain)            (fF) (ps)  (ps)    (ps)       (x,   y) 
--------------------------------------------------------------------------------------------
(clock sys_clk)                launch                                       0 R             
(constraint.sdc_line_16_3_1)   ext delay                       +33000   33000 R             
tx_wr_en                       in port             1 11.0   82    +55   33055 R             
tx_inst/wr_en 
  fifo_inst/wr_en 
    write_pointer_inst/wr_en 
      g54__4319/B                                                  +0   33055               
      g54__4319/Y              NAND2X1(slow)       2 23.2  273   +255   33310 F             
      g55/A                                                        +0   33310               
      g55/Y                    INVX2(slow)         4 37.6  249   +286   33596 R             
    write_pointer_inst/can_write 
    memory_inst/can_write 
      g4589/A                                                      +0   33596               
      g4589/Y                  INVX2(slow)         1 10.9   84   +132   33729 F             
      g4576__9945/B                                                +0   33729               
      g4576__9945/Y            NOR2X1(slow)        2 20.6  481   +385   34114 R             
      g4567__5115/B                                                +0   34114               
      g4567__5115/Y            NAND2X1(slow)       3 27.5  372   +471   34586 F             
      g4543__2346/B                                                +0   34586               
      g4543__2346/Y            NOR2X1(slow)        8 62.5 1358  +1126   35712 R             
      mem_reg[14][5]/SE        SDFFX1(slow)                        +0   35712               
      mem_reg[14][5]/CK        setup                         0   +768   36480 R             
- - - - - - - - - - - - - - - - - - - - - - - - - - - - - - - - - - - - - - - - - - - - - - 
(clock sys_clk)                capture                                  83330 R             
                               uncertainty                      -2000   81330 R             
--------------------------------------------------------------------------------------------
Cost Group   : 'sys_clk' (path_group 'sys_clk')
Timing slack :   44850ps 
Start-point  : tx_wr_en
End-point    : tx_inst/fifo_inst/memory_inst/mem_reg[14][5]/SE

path  12:

            Pin                   Type        Fanout Load Slew  Delay Arrival   Location    
                                 (Domain)            (fF) (ps)  (ps)    (ps)       (x,   y) 
--------------------------------------------------------------------------------------------
(clock sys_clk)                launch                                       0 R             
(constraint.sdc_line_16_3_1)   ext delay                       +33000   33000 R             
tx_wr_en                       in port             1 11.0   82    +55   33055 R             
tx_inst/wr_en 
  fifo_inst/wr_en 
    write_pointer_inst/wr_en 
      g54__4319/B                                                  +0   33055               
      g54__4319/Y              NAND2X1(slow)       2 23.2  273   +255   33310 F             
      g55/A                                                        +0   33310               
      g55/Y                    INVX2(slow)         4 37.6  249   +286   33596 R             
    write_pointer_inst/can_write 
    memory_inst/can_write 
      g4589/A                                                      +0   33596               
      g4589/Y                  INVX2(slow)         1 10.9   84   +132   33729 F             
      g4576__9945/B                                                +0   33729               
      g4576__9945/Y            NOR2X1(slow)        2 20.6  481   +385   34114 R             
      g4567__5115/B                                                +0   34114               
      g4567__5115/Y            NAND2X1(slow)       3 27.5  372   +471   34586 F             
      g4543__2346/B                                                +0   34586               
      g4543__2346/Y            NOR2X1(slow)        8 62.5 1358  +1126   35712 R             
      mem_reg[14][4]/SE        SDFFX1(slow)                        +0   35712               
      mem_reg[14][4]/CK        setup                         0   +768   36480 R             
- - - - - - - - - - - - - - - - - - - - - - - - - - - - - - - - - - - - - - - - - - - - - - 
(clock sys_clk)                capture                                  83330 R             
                               uncertainty                      -2000   81330 R             
--------------------------------------------------------------------------------------------
Cost Group   : 'sys_clk' (path_group 'sys_clk')
Timing slack :   44850ps 
Start-point  : tx_wr_en
End-point    : tx_inst/fifo_inst/memory_inst/mem_reg[14][4]/SE

path  13:

            Pin                   Type        Fanout Load Slew  Delay Arrival   Location    
                                 (Domain)            (fF) (ps)  (ps)    (ps)       (x,   y) 
--------------------------------------------------------------------------------------------
(clock sys_clk)                launch                                       0 R             
(constraint.sdc_line_16_3_1)   ext delay                       +33000   33000 R             
tx_wr_en                       in port             1 11.0   82    +55   33055 R             
tx_inst/wr_en 
  fifo_inst/wr_en 
    write_pointer_inst/wr_en 
      g54__4319/B                                                  +0   33055               
      g54__4319/Y              NAND2X1(slow)       2 23.2  273   +255   33310 F             
      g55/A                                                        +0   33310               
      g55/Y                    INVX2(slow)         4 37.6  249   +286   33596 R             
    write_pointer_inst/can_write 
    memory_inst/can_write 
      g4589/A                                                      +0   33596               
      g4589/Y                  INVX2(slow)         1 10.9   84   +132   33729 F             
      g4576__9945/B                                                +0   33729               
      g4576__9945/Y            NOR2X1(slow)        2 20.6  481   +385   34114 R             
      g4567__5115/B                                                +0   34114               
      g4567__5115/Y            NAND2X1(slow)       3 27.5  372   +471   34586 F             
      g4543__2346/B                                                +0   34586               
      g4543__2346/Y            NOR2X1(slow)        8 62.5 1358  +1126   35712 R             
      mem_reg[14][3]/SE        SDFFX1(slow)                        +0   35712               
      mem_reg[14][3]/CK        setup                         0   +768   36480 R             
- - - - - - - - - - - - - - - - - - - - - - - - - - - - - - - - - - - - - - - - - - - - - - 
(clock sys_clk)                capture                                  83330 R             
                               uncertainty                      -2000   81330 R             
--------------------------------------------------------------------------------------------
Cost Group   : 'sys_clk' (path_group 'sys_clk')
Timing slack :   44850ps 
Start-point  : tx_wr_en
End-point    : tx_inst/fifo_inst/memory_inst/mem_reg[14][3]/SE

path  14:

            Pin                   Type        Fanout Load Slew  Delay Arrival   Location    
                                 (Domain)            (fF) (ps)  (ps)    (ps)       (x,   y) 
--------------------------------------------------------------------------------------------
(clock sys_clk)                launch                                       0 R             
(constraint.sdc_line_16_3_1)   ext delay                       +33000   33000 R             
tx_wr_en                       in port             1 11.0   82    +55   33055 R             
tx_inst/wr_en 
  fifo_inst/wr_en 
    write_pointer_inst/wr_en 
      g54__4319/B                                                  +0   33055               
      g54__4319/Y              NAND2X1(slow)       2 23.2  273   +255   33310 F             
      g55/A                                                        +0   33310               
      g55/Y                    INVX2(slow)         4 37.6  249   +286   33596 R             
    write_pointer_inst/can_write 
    memory_inst/can_write 
      g4589/A                                                      +0   33596               
      g4589/Y                  INVX2(slow)         1 10.9   84   +132   33729 F             
      g4576__9945/B                                                +0   33729               
      g4576__9945/Y            NOR2X1(slow)        2 20.6  481   +385   34114 R             
      g4567__5115/B                                                +0   34114               
      g4567__5115/Y            NAND2X1(slow)       3 27.5  372   +471   34586 F             
      g4543__2346/B                                                +0   34586               
      g4543__2346/Y            NOR2X1(slow)        8 62.5 1358  +1126   35712 R             
      mem_reg[14][2]/SE        SDFFX1(slow)                        +0   35712               
      mem_reg[14][2]/CK        setup                         0   +768   36480 R             
- - - - - - - - - - - - - - - - - - - - - - - - - - - - - - - - - - - - - - - - - - - - - - 
(clock sys_clk)                capture                                  83330 R             
                               uncertainty                      -2000   81330 R             
--------------------------------------------------------------------------------------------
Cost Group   : 'sys_clk' (path_group 'sys_clk')
Timing slack :   44850ps 
Start-point  : tx_wr_en
End-point    : tx_inst/fifo_inst/memory_inst/mem_reg[14][2]/SE

path  15:

            Pin                   Type        Fanout Load Slew  Delay Arrival   Location    
                                 (Domain)            (fF) (ps)  (ps)    (ps)       (x,   y) 
--------------------------------------------------------------------------------------------
(clock sys_clk)                launch                                       0 R             
(constraint.sdc_line_16_3_1)   ext delay                       +33000   33000 R             
tx_wr_en                       in port             1 11.0   82    +55   33055 R             
tx_inst/wr_en 
  fifo_inst/wr_en 
    write_pointer_inst/wr_en 
      g54__4319/B                                                  +0   33055               
      g54__4319/Y              NAND2X1(slow)       2 23.2  273   +255   33310 F             
      g55/A                                                        +0   33310               
      g55/Y                    INVX2(slow)         4 37.6  249   +286   33596 R             
    write_pointer_inst/can_write 
    memory_inst/can_write 
      g4589/A                                                      +0   33596               
      g4589/Y                  INVX2(slow)         1 10.9   84   +132   33729 F             
      g4576__9945/B                                                +0   33729               
      g4576__9945/Y            NOR2X1(slow)        2 20.6  481   +385   34114 R             
      g4567__5115/B                                                +0   34114               
      g4567__5115/Y            NAND2X1(slow)       3 27.5  372   +471   34586 F             
      g4543__2346/B                                                +0   34586               
      g4543__2346/Y            NOR2X1(slow)        8 62.5 1358  +1126   35712 R             
      mem_reg[14][1]/SE        SDFFX1(slow)                        +0   35712               
      mem_reg[14][1]/CK        setup                         0   +768   36480 R             
- - - - - - - - - - - - - - - - - - - - - - - - - - - - - - - - - - - - - - - - - - - - - - 
(clock sys_clk)                capture                                  83330 R             
                               uncertainty                      -2000   81330 R             
--------------------------------------------------------------------------------------------
Cost Group   : 'sys_clk' (path_group 'sys_clk')
Timing slack :   44850ps 
Start-point  : tx_wr_en
End-point    : tx_inst/fifo_inst/memory_inst/mem_reg[14][1]/SE

path  16:

            Pin                   Type        Fanout Load Slew  Delay Arrival   Location    
                                 (Domain)            (fF) (ps)  (ps)    (ps)       (x,   y) 
--------------------------------------------------------------------------------------------
(clock sys_clk)                launch                                       0 R             
(constraint.sdc_line_16_3_1)   ext delay                       +33000   33000 R             
tx_wr_en                       in port             1 11.0   82    +55   33055 R             
tx_inst/wr_en 
  fifo_inst/wr_en 
    write_pointer_inst/wr_en 
      g54__4319/B                                                  +0   33055               
      g54__4319/Y              NAND2X1(slow)       2 23.2  273   +255   33310 F             
      g55/A                                                        +0   33310               
      g55/Y                    INVX2(slow)         4 37.6  249   +286   33596 R             
    write_pointer_inst/can_write 
    memory_inst/can_write 
      g4589/A                                                      +0   33596               
      g4589/Y                  INVX2(slow)         1 10.9   84   +132   33729 F             
      g4576__9945/B                                                +0   33729               
      g4576__9945/Y            NOR2X1(slow)        2 20.6  481   +385   34114 R             
      g4567__5115/B                                                +0   34114               
      g4567__5115/Y            NAND2X1(slow)       3 27.5  372   +471   34586 F             
      g4543__2346/B                                                +0   34586               
      g4543__2346/Y            NOR2X1(slow)        8 62.5 1358  +1126   35712 R             
      mem_reg[14][0]/SE        SDFFX1(slow)                        +0   35712               
      mem_reg[14][0]/CK        setup                         0   +768   36480 R             
- - - - - - - - - - - - - - - - - - - - - - - - - - - - - - - - - - - - - - - - - - - - - - 
(clock sys_clk)                capture                                  83330 R             
                               uncertainty                      -2000   81330 R             
--------------------------------------------------------------------------------------------
Cost Group   : 'sys_clk' (path_group 'sys_clk')
Timing slack :   44850ps 
Start-point  : tx_wr_en
End-point    : tx_inst/fifo_inst/memory_inst/mem_reg[14][0]/SE

path  17:

            Pin                   Type        Fanout Load Slew  Delay Arrival   Location    
                                 (Domain)            (fF) (ps)  (ps)    (ps)       (x,   y) 
--------------------------------------------------------------------------------------------
(clock sys_clk)                launch                                       0 R             
(constraint.sdc_line_16_3_1)   ext delay                       +33000   33000 R             
tx_wr_en                       in port             1 11.0   82    +55   33055 R             
tx_inst/wr_en 
  fifo_inst/wr_en 
    write_pointer_inst/wr_en 
      g54__4319/B                                                  +0   33055               
      g54__4319/Y              NAND2X1(slow)       2 23.2  273   +255   33310 F             
      g55/A                                                        +0   33310               
      g55/Y                    INVX2(slow)         4 37.6  249   +286   33596 R             
    write_pointer_inst/can_write 
    memory_inst/can_write 
      g4589/A                                                      +0   33596               
      g4589/Y                  INVX2(slow)         1 10.9   84   +132   33729 F             
      g4576__9945/B                                                +0   33729               
      g4576__9945/Y            NOR2X1(slow)        2 20.6  481   +385   34114 R             
      g4567__5115/B                                                +0   34114               
      g4567__5115/Y            NAND2X1(slow)       3 27.5  372   +471   34586 F             
      g4556__1617/B                                                +0   34586               
      g4556__1617/Y            NOR2X1(slow)        8 62.5 1355  +1126   35712 R             
      mem_reg[6][7]/SE         SDFFX1(slow)                        +0   35712               
      mem_reg[6][7]/CK         setup                         0   +767   36479 R             
- - - - - - - - - - - - - - - - - - - - - - - - - - - - - - - - - - - - - - - - - - - - - - 
(clock sys_clk)                capture                                  83330 R             
                               uncertainty                      -2000   81330 R             
--------------------------------------------------------------------------------------------
Cost Group   : 'sys_clk' (path_group 'sys_clk')
Timing slack :   44851ps 
Start-point  : tx_wr_en
End-point    : tx_inst/fifo_inst/memory_inst/mem_reg[6][7]/SE

path  18:

            Pin                   Type        Fanout Load Slew  Delay Arrival   Location    
                                 (Domain)            (fF) (ps)  (ps)    (ps)       (x,   y) 
--------------------------------------------------------------------------------------------
(clock sys_clk)                launch                                       0 R             
(constraint.sdc_line_16_3_1)   ext delay                       +33000   33000 R             
tx_wr_en                       in port             1 11.0   82    +55   33055 R             
tx_inst/wr_en 
  fifo_inst/wr_en 
    write_pointer_inst/wr_en 
      g54__4319/B                                                  +0   33055               
      g54__4319/Y              NAND2X1(slow)       2 23.2  273   +255   33310 F             
      g55/A                                                        +0   33310               
      g55/Y                    INVX2(slow)         4 37.6  249   +286   33596 R             
    write_pointer_inst/can_write 
    memory_inst/can_write 
      g4589/A                                                      +0   33596               
      g4589/Y                  INVX2(slow)         1 10.9   84   +132   33729 F             
      g4576__9945/B                                                +0   33729               
      g4576__9945/Y            NOR2X1(slow)        2 20.6  481   +385   34114 R             
      g4567__5115/B                                                +0   34114               
      g4567__5115/Y            NAND2X1(slow)       3 27.5  372   +471   34586 F             
      g4556__1617/B                                                +0   34586               
      g4556__1617/Y            NOR2X1(slow)        8 62.5 1355  +1126   35712 R             
      mem_reg[6][6]/SE         SDFFX1(slow)                        +0   35712               
      mem_reg[6][6]/CK         setup                         0   +767   36479 R             
- - - - - - - - - - - - - - - - - - - - - - - - - - - - - - - - - - - - - - - - - - - - - - 
(clock sys_clk)                capture                                  83330 R             
                               uncertainty                      -2000   81330 R             
--------------------------------------------------------------------------------------------
Cost Group   : 'sys_clk' (path_group 'sys_clk')
Timing slack :   44851ps 
Start-point  : tx_wr_en
End-point    : tx_inst/fifo_inst/memory_inst/mem_reg[6][6]/SE

path  19:

            Pin                   Type        Fanout Load Slew  Delay Arrival   Location    
                                 (Domain)            (fF) (ps)  (ps)    (ps)       (x,   y) 
--------------------------------------------------------------------------------------------
(clock sys_clk)                launch                                       0 R             
(constraint.sdc_line_16_3_1)   ext delay                       +33000   33000 R             
tx_wr_en                       in port             1 11.0   82    +55   33055 R             
tx_inst/wr_en 
  fifo_inst/wr_en 
    write_pointer_inst/wr_en 
      g54__4319/B                                                  +0   33055               
      g54__4319/Y              NAND2X1(slow)       2 23.2  273   +255   33310 F             
      g55/A                                                        +0   33310               
      g55/Y                    INVX2(slow)         4 37.6  249   +286   33596 R             
    write_pointer_inst/can_write 
    memory_inst/can_write 
      g4589/A                                                      +0   33596               
      g4589/Y                  INVX2(slow)         1 10.9   84   +132   33729 F             
      g4576__9945/B                                                +0   33729               
      g4576__9945/Y            NOR2X1(slow)        2 20.6  481   +385   34114 R             
      g4567__5115/B                                                +0   34114               
      g4567__5115/Y            NAND2X1(slow)       3 27.5  372   +471   34586 F             
      g4556__1617/B                                                +0   34586               
      g4556__1617/Y            NOR2X1(slow)        8 62.5 1355  +1126   35712 R             
      mem_reg[6][5]/SE         SDFFX1(slow)                        +0   35712               
      mem_reg[6][5]/CK         setup                         0   +767   36479 R             
- - - - - - - - - - - - - - - - - - - - - - - - - - - - - - - - - - - - - - - - - - - - - - 
(clock sys_clk)                capture                                  83330 R             
                               uncertainty                      -2000   81330 R             
--------------------------------------------------------------------------------------------
Cost Group   : 'sys_clk' (path_group 'sys_clk')
Timing slack :   44851ps 
Start-point  : tx_wr_en
End-point    : tx_inst/fifo_inst/memory_inst/mem_reg[6][5]/SE

path  20:

            Pin                   Type        Fanout Load Slew  Delay Arrival   Location    
                                 (Domain)            (fF) (ps)  (ps)    (ps)       (x,   y) 
--------------------------------------------------------------------------------------------
(clock sys_clk)                launch                                       0 R             
(constraint.sdc_line_16_3_1)   ext delay                       +33000   33000 R             
tx_wr_en                       in port             1 11.0   82    +55   33055 R             
tx_inst/wr_en 
  fifo_inst/wr_en 
    write_pointer_inst/wr_en 
      g54__4319/B                                                  +0   33055               
      g54__4319/Y              NAND2X1(slow)       2 23.2  273   +255   33310 F             
      g55/A                                                        +0   33310               
      g55/Y                    INVX2(slow)         4 37.6  249   +286   33596 R             
    write_pointer_inst/can_write 
    memory_inst/can_write 
      g4589/A                                                      +0   33596               
      g4589/Y                  INVX2(slow)         1 10.9   84   +132   33729 F             
      g4576__9945/B                                                +0   33729               
      g4576__9945/Y            NOR2X1(slow)        2 20.6  481   +385   34114 R             
      g4567__5115/B                                                +0   34114               
      g4567__5115/Y            NAND2X1(slow)       3 27.5  372   +471   34586 F             
      g4556__1617/B                                                +0   34586               
      g4556__1617/Y            NOR2X1(slow)        8 62.5 1355  +1126   35712 R             
      mem_reg[6][4]/SE         SDFFX1(slow)                        +0   35712               
      mem_reg[6][4]/CK         setup                         0   +767   36479 R             
- - - - - - - - - - - - - - - - - - - - - - - - - - - - - - - - - - - - - - - - - - - - - - 
(clock sys_clk)                capture                                  83330 R             
                               uncertainty                      -2000   81330 R             
--------------------------------------------------------------------------------------------
Cost Group   : 'sys_clk' (path_group 'sys_clk')
Timing slack :   44851ps 
Start-point  : tx_wr_en
End-point    : tx_inst/fifo_inst/memory_inst/mem_reg[6][4]/SE

path  21:

            Pin                   Type        Fanout Load Slew  Delay Arrival   Location    
                                 (Domain)            (fF) (ps)  (ps)    (ps)       (x,   y) 
--------------------------------------------------------------------------------------------
(clock sys_clk)                launch                                       0 R             
(constraint.sdc_line_16_3_1)   ext delay                       +33000   33000 R             
tx_wr_en                       in port             1 11.0   82    +55   33055 R             
tx_inst/wr_en 
  fifo_inst/wr_en 
    write_pointer_inst/wr_en 
      g54__4319/B                                                  +0   33055               
      g54__4319/Y              NAND2X1(slow)       2 23.2  273   +255   33310 F             
      g55/A                                                        +0   33310               
      g55/Y                    INVX2(slow)         4 37.6  249   +286   33596 R             
    write_pointer_inst/can_write 
    memory_inst/can_write 
      g4589/A                                                      +0   33596               
      g4589/Y                  INVX2(slow)         1 10.9   84   +132   33729 F             
      g4576__9945/B                                                +0   33729               
      g4576__9945/Y            NOR2X1(slow)        2 20.6  481   +385   34114 R             
      g4567__5115/B                                                +0   34114               
      g4567__5115/Y            NAND2X1(slow)       3 27.5  372   +471   34586 F             
      g4556__1617/B                                                +0   34586               
      g4556__1617/Y            NOR2X1(slow)        8 62.5 1355  +1126   35712 R             
      mem_reg[6][3]/SE         SDFFX1(slow)                        +0   35712               
      mem_reg[6][3]/CK         setup                         0   +767   36479 R             
- - - - - - - - - - - - - - - - - - - - - - - - - - - - - - - - - - - - - - - - - - - - - - 
(clock sys_clk)                capture                                  83330 R             
                               uncertainty                      -2000   81330 R             
--------------------------------------------------------------------------------------------
Cost Group   : 'sys_clk' (path_group 'sys_clk')
Timing slack :   44851ps 
Start-point  : tx_wr_en
End-point    : tx_inst/fifo_inst/memory_inst/mem_reg[6][3]/SE

path  22:

            Pin                   Type        Fanout Load Slew  Delay Arrival   Location    
                                 (Domain)            (fF) (ps)  (ps)    (ps)       (x,   y) 
--------------------------------------------------------------------------------------------
(clock sys_clk)                launch                                       0 R             
(constraint.sdc_line_16_3_1)   ext delay                       +33000   33000 R             
tx_wr_en                       in port             1 11.0   82    +55   33055 R             
tx_inst/wr_en 
  fifo_inst/wr_en 
    write_pointer_inst/wr_en 
      g54__4319/B                                                  +0   33055               
      g54__4319/Y              NAND2X1(slow)       2 23.2  273   +255   33310 F             
      g55/A                                                        +0   33310               
      g55/Y                    INVX2(slow)         4 37.6  249   +286   33596 R             
    write_pointer_inst/can_write 
    memory_inst/can_write 
      g4589/A                                                      +0   33596               
      g4589/Y                  INVX2(slow)         1 10.9   84   +132   33729 F             
      g4576__9945/B                                                +0   33729               
      g4576__9945/Y            NOR2X1(slow)        2 20.6  481   +385   34114 R             
      g4567__5115/B                                                +0   34114               
      g4567__5115/Y            NAND2X1(slow)       3 27.5  372   +471   34586 F             
      g4556__1617/B                                                +0   34586               
      g4556__1617/Y            NOR2X1(slow)        8 62.5 1355  +1126   35712 R             
      mem_reg[6][2]/SE         SDFFX1(slow)                        +0   35712               
      mem_reg[6][2]/CK         setup                         0   +767   36479 R             
- - - - - - - - - - - - - - - - - - - - - - - - - - - - - - - - - - - - - - - - - - - - - - 
(clock sys_clk)                capture                                  83330 R             
                               uncertainty                      -2000   81330 R             
--------------------------------------------------------------------------------------------
Cost Group   : 'sys_clk' (path_group 'sys_clk')
Timing slack :   44851ps 
Start-point  : tx_wr_en
End-point    : tx_inst/fifo_inst/memory_inst/mem_reg[6][2]/SE

path  23:

            Pin                   Type        Fanout Load Slew  Delay Arrival   Location    
                                 (Domain)            (fF) (ps)  (ps)    (ps)       (x,   y) 
--------------------------------------------------------------------------------------------
(clock sys_clk)                launch                                       0 R             
(constraint.sdc_line_16_3_1)   ext delay                       +33000   33000 R             
tx_wr_en                       in port             1 11.0   82    +55   33055 R             
tx_inst/wr_en 
  fifo_inst/wr_en 
    write_pointer_inst/wr_en 
      g54__4319/B                                                  +0   33055               
      g54__4319/Y              NAND2X1(slow)       2 23.2  273   +255   33310 F             
      g55/A                                                        +0   33310               
      g55/Y                    INVX2(slow)         4 37.6  249   +286   33596 R             
    write_pointer_inst/can_write 
    memory_inst/can_write 
      g4589/A                                                      +0   33596               
      g4589/Y                  INVX2(slow)         1 10.9   84   +132   33729 F             
      g4576__9945/B                                                +0   33729               
      g4576__9945/Y            NOR2X1(slow)        2 20.6  481   +385   34114 R             
      g4567__5115/B                                                +0   34114               
      g4567__5115/Y            NAND2X1(slow)       3 27.5  372   +471   34586 F             
      g4556__1617/B                                                +0   34586               
      g4556__1617/Y            NOR2X1(slow)        8 62.5 1355  +1126   35712 R             
      mem_reg[6][1]/SE         SDFFX1(slow)                        +0   35712               
      mem_reg[6][1]/CK         setup                         0   +767   36479 R             
- - - - - - - - - - - - - - - - - - - - - - - - - - - - - - - - - - - - - - - - - - - - - - 
(clock sys_clk)                capture                                  83330 R             
                               uncertainty                      -2000   81330 R             
--------------------------------------------------------------------------------------------
Cost Group   : 'sys_clk' (path_group 'sys_clk')
Timing slack :   44851ps 
Start-point  : tx_wr_en
End-point    : tx_inst/fifo_inst/memory_inst/mem_reg[6][1]/SE

path  24:

            Pin                   Type        Fanout Load Slew  Delay Arrival   Location    
                                 (Domain)            (fF) (ps)  (ps)    (ps)       (x,   y) 
--------------------------------------------------------------------------------------------
(clock sys_clk)                launch                                       0 R             
(constraint.sdc_line_16_3_1)   ext delay                       +33000   33000 R             
tx_wr_en                       in port             1 11.0   82    +55   33055 R             
tx_inst/wr_en 
  fifo_inst/wr_en 
    write_pointer_inst/wr_en 
      g54__4319/B                                                  +0   33055               
      g54__4319/Y              NAND2X1(slow)       2 23.2  273   +255   33310 F             
      g55/A                                                        +0   33310               
      g55/Y                    INVX2(slow)         4 37.6  249   +286   33596 R             
    write_pointer_inst/can_write 
    memory_inst/can_write 
      g4589/A                                                      +0   33596               
      g4589/Y                  INVX2(slow)         1 10.9   84   +132   33729 F             
      g4576__9945/B                                                +0   33729               
      g4576__9945/Y            NOR2X1(slow)        2 20.6  481   +385   34114 R             
      g4567__5115/B                                                +0   34114               
      g4567__5115/Y            NAND2X1(slow)       3 27.5  372   +471   34586 F             
      g4556__1617/B                                                +0   34586               
      g4556__1617/Y            NOR2X1(slow)        8 62.5 1355  +1126   35712 R             
      mem_reg[6][0]/SE         SDFFX1(slow)                        +0   35712               
      mem_reg[6][0]/CK         setup                         0   +767   36479 R             
- - - - - - - - - - - - - - - - - - - - - - - - - - - - - - - - - - - - - - - - - - - - - - 
(clock sys_clk)                capture                                  83330 R             
                               uncertainty                      -2000   81330 R             
--------------------------------------------------------------------------------------------
Cost Group   : 'sys_clk' (path_group 'sys_clk')
Timing slack :   44851ps 
Start-point  : tx_wr_en
End-point    : tx_inst/fifo_inst/memory_inst/mem_reg[6][0]/SE

path  25:

            Pin                    Type        Fanout Load Slew  Delay Arrival   Location    
                                  (Domain)            (fF) (ps)  (ps)    (ps)       (x,   y) 
---------------------------------------------------------------------------------------------
(clock sys_clk)                launch                                        0 R             
(constraint.sdc_line_16_3_1)   ext delay                        +33000   33000 R             
tx_wr_en                       in port              1 11.0   82    +55   33055 R             
tx_inst/wr_en 
  fifo_inst/wr_en 
    write_pointer_inst/wr_en 
      g54__4319/B                                                   +0   33055               
      g54__4319/Y              NAND2X1(slow)        2 23.2  273   +255   33310 F             
      g55/A                                                         +0   33310               
      g55/Y                    INVX2(slow)          4 37.6  249   +286   33596 R             
    write_pointer_inst/can_write 
    memory_inst/can_write 
      g4589/A                                                       +0   33596               
      g4589/Y                  INVX2(slow)          1 10.9   84   +132   33729 F             
      g4576__9945/B                                                 +0   33729               
      g4576__9945/Y            NOR2X1(slow)         2 20.6  481   +385   34114 R             
      g4573/A                                                       +0   34114               
      g4573/Y                  CLKINVX2(slow)       1 10.9  122   +181   34295 F             
      g4564__7098/B                                                 +0   34295               
      g4564__7098/Y            NOR2X1(slow)         4 32.1  722   +572   34867 R             
      g4554__6783/B                                                 +0   34867               
      g4554__6783/Y            NAND2X1(slow)        8 62.5  746   +882   35749 F             
      mem_reg[12][7]/SE        SDFFX1(slow)                         +0   35749               
      mem_reg[12][7]/CK        setup                          0   +589   36337 R             
- - - - - - - - - - - - - - - - - - - - - - - - - - - - - - - - - - - - - - - - - - - - - - -
(clock sys_clk)                capture                                   83330 R             
                               uncertainty                       -2000   81330 R             
---------------------------------------------------------------------------------------------
Cost Group   : 'sys_clk' (path_group 'sys_clk')
Timing slack :   44993ps 
Start-point  : tx_wr_en
End-point    : tx_inst/fifo_inst/memory_inst/mem_reg[12][7]/SE

path  26:

            Pin                    Type        Fanout Load Slew  Delay Arrival   Location    
                                  (Domain)            (fF) (ps)  (ps)    (ps)       (x,   y) 
---------------------------------------------------------------------------------------------
(clock sys_clk)                launch                                        0 R             
(constraint.sdc_line_16_3_1)   ext delay                        +33000   33000 R             
tx_wr_en                       in port              1 11.0   82    +55   33055 R             
tx_inst/wr_en 
  fifo_inst/wr_en 
    write_pointer_inst/wr_en 
      g54__4319/B                                                   +0   33055               
      g54__4319/Y              NAND2X1(slow)        2 23.2  273   +255   33310 F             
      g55/A                                                         +0   33310               
      g55/Y                    INVX2(slow)          4 37.6  249   +286   33596 R             
    write_pointer_inst/can_write 
    memory_inst/can_write 
      g4589/A                                                       +0   33596               
      g4589/Y                  INVX2(slow)          1 10.9   84   +132   33729 F             
      g4576__9945/B                                                 +0   33729               
      g4576__9945/Y            NOR2X1(slow)         2 20.6  481   +385   34114 R             
      g4573/A                                                       +0   34114               
      g4573/Y                  CLKINVX2(slow)       1 10.9  122   +181   34295 F             
      g4564__7098/B                                                 +0   34295               
      g4564__7098/Y            NOR2X1(slow)         4 32.1  722   +572   34867 R             
      g4554__6783/B                                                 +0   34867               
      g4554__6783/Y            NAND2X1(slow)        8 62.5  746   +882   35749 F             
      mem_reg[12][6]/SE        SDFFX1(slow)                         +0   35749               
      mem_reg[12][6]/CK        setup                          0   +589   36337 R             
- - - - - - - - - - - - - - - - - - - - - - - - - - - - - - - - - - - - - - - - - - - - - - -
(clock sys_clk)                capture                                   83330 R             
                               uncertainty                       -2000   81330 R             
---------------------------------------------------------------------------------------------
Cost Group   : 'sys_clk' (path_group 'sys_clk')
Timing slack :   44993ps 
Start-point  : tx_wr_en
End-point    : tx_inst/fifo_inst/memory_inst/mem_reg[12][6]/SE

path  27:

            Pin                    Type        Fanout Load Slew  Delay Arrival   Location    
                                  (Domain)            (fF) (ps)  (ps)    (ps)       (x,   y) 
---------------------------------------------------------------------------------------------
(clock sys_clk)                launch                                        0 R             
(constraint.sdc_line_16_3_1)   ext delay                        +33000   33000 R             
tx_wr_en                       in port              1 11.0   82    +55   33055 R             
tx_inst/wr_en 
  fifo_inst/wr_en 
    write_pointer_inst/wr_en 
      g54__4319/B                                                   +0   33055               
      g54__4319/Y              NAND2X1(slow)        2 23.2  273   +255   33310 F             
      g55/A                                                         +0   33310               
      g55/Y                    INVX2(slow)          4 37.6  249   +286   33596 R             
    write_pointer_inst/can_write 
    memory_inst/can_write 
      g4589/A                                                       +0   33596               
      g4589/Y                  INVX2(slow)          1 10.9   84   +132   33729 F             
      g4576__9945/B                                                 +0   33729               
      g4576__9945/Y            NOR2X1(slow)         2 20.6  481   +385   34114 R             
      g4573/A                                                       +0   34114               
      g4573/Y                  CLKINVX2(slow)       1 10.9  122   +181   34295 F             
      g4564__7098/B                                                 +0   34295               
      g4564__7098/Y            NOR2X1(slow)         4 32.1  722   +572   34867 R             
      g4554__6783/B                                                 +0   34867               
      g4554__6783/Y            NAND2X1(slow)        8 62.5  746   +882   35749 F             
      mem_reg[12][5]/SE        SDFFX1(slow)                         +0   35749               
      mem_reg[12][5]/CK        setup                          0   +589   36337 R             
- - - - - - - - - - - - - - - - - - - - - - - - - - - - - - - - - - - - - - - - - - - - - - -
(clock sys_clk)                capture                                   83330 R             
                               uncertainty                       -2000   81330 R             
---------------------------------------------------------------------------------------------
Cost Group   : 'sys_clk' (path_group 'sys_clk')
Timing slack :   44993ps 
Start-point  : tx_wr_en
End-point    : tx_inst/fifo_inst/memory_inst/mem_reg[12][5]/SE

path  28:

            Pin                    Type        Fanout Load Slew  Delay Arrival   Location    
                                  (Domain)            (fF) (ps)  (ps)    (ps)       (x,   y) 
---------------------------------------------------------------------------------------------
(clock sys_clk)                launch                                        0 R             
(constraint.sdc_line_16_3_1)   ext delay                        +33000   33000 R             
tx_wr_en                       in port              1 11.0   82    +55   33055 R             
tx_inst/wr_en 
  fifo_inst/wr_en 
    write_pointer_inst/wr_en 
      g54__4319/B                                                   +0   33055               
      g54__4319/Y              NAND2X1(slow)        2 23.2  273   +255   33310 F             
      g55/A                                                         +0   33310               
      g55/Y                    INVX2(slow)          4 37.6  249   +286   33596 R             
    write_pointer_inst/can_write 
    memory_inst/can_write 
      g4589/A                                                       +0   33596               
      g4589/Y                  INVX2(slow)          1 10.9   84   +132   33729 F             
      g4576__9945/B                                                 +0   33729               
      g4576__9945/Y            NOR2X1(slow)         2 20.6  481   +385   34114 R             
      g4573/A                                                       +0   34114               
      g4573/Y                  CLKINVX2(slow)       1 10.9  122   +181   34295 F             
      g4564__7098/B                                                 +0   34295               
      g4564__7098/Y            NOR2X1(slow)         4 32.1  722   +572   34867 R             
      g4554__6783/B                                                 +0   34867               
      g4554__6783/Y            NAND2X1(slow)        8 62.5  746   +882   35749 F             
      mem_reg[12][4]/SE        SDFFX1(slow)                         +0   35749               
      mem_reg[12][4]/CK        setup                          0   +589   36337 R             
- - - - - - - - - - - - - - - - - - - - - - - - - - - - - - - - - - - - - - - - - - - - - - -
(clock sys_clk)                capture                                   83330 R             
                               uncertainty                       -2000   81330 R             
---------------------------------------------------------------------------------------------
Cost Group   : 'sys_clk' (path_group 'sys_clk')
Timing slack :   44993ps 
Start-point  : tx_wr_en
End-point    : tx_inst/fifo_inst/memory_inst/mem_reg[12][4]/SE

path  29:

            Pin                    Type        Fanout Load Slew  Delay Arrival   Location    
                                  (Domain)            (fF) (ps)  (ps)    (ps)       (x,   y) 
---------------------------------------------------------------------------------------------
(clock sys_clk)                launch                                        0 R             
(constraint.sdc_line_16_3_1)   ext delay                        +33000   33000 R             
tx_wr_en                       in port              1 11.0   82    +55   33055 R             
tx_inst/wr_en 
  fifo_inst/wr_en 
    write_pointer_inst/wr_en 
      g54__4319/B                                                   +0   33055               
      g54__4319/Y              NAND2X1(slow)        2 23.2  273   +255   33310 F             
      g55/A                                                         +0   33310               
      g55/Y                    INVX2(slow)          4 37.6  249   +286   33596 R             
    write_pointer_inst/can_write 
    memory_inst/can_write 
      g4589/A                                                       +0   33596               
      g4589/Y                  INVX2(slow)          1 10.9   84   +132   33729 F             
      g4576__9945/B                                                 +0   33729               
      g4576__9945/Y            NOR2X1(slow)         2 20.6  481   +385   34114 R             
      g4573/A                                                       +0   34114               
      g4573/Y                  CLKINVX2(slow)       1 10.9  122   +181   34295 F             
      g4564__7098/B                                                 +0   34295               
      g4564__7098/Y            NOR2X1(slow)         4 32.1  722   +572   34867 R             
      g4554__6783/B                                                 +0   34867               
      g4554__6783/Y            NAND2X1(slow)        8 62.5  746   +882   35749 F             
      mem_reg[12][3]/SE        SDFFX1(slow)                         +0   35749               
      mem_reg[12][3]/CK        setup                          0   +589   36337 R             
- - - - - - - - - - - - - - - - - - - - - - - - - - - - - - - - - - - - - - - - - - - - - - -
(clock sys_clk)                capture                                   83330 R             
                               uncertainty                       -2000   81330 R             
---------------------------------------------------------------------------------------------
Cost Group   : 'sys_clk' (path_group 'sys_clk')
Timing slack :   44993ps 
Start-point  : tx_wr_en
End-point    : tx_inst/fifo_inst/memory_inst/mem_reg[12][3]/SE

path  30:

            Pin                    Type        Fanout Load Slew  Delay Arrival   Location    
                                  (Domain)            (fF) (ps)  (ps)    (ps)       (x,   y) 
---------------------------------------------------------------------------------------------
(clock sys_clk)                launch                                        0 R             
(constraint.sdc_line_16_3_1)   ext delay                        +33000   33000 R             
tx_wr_en                       in port              1 11.0   82    +55   33055 R             
tx_inst/wr_en 
  fifo_inst/wr_en 
    write_pointer_inst/wr_en 
      g54__4319/B                                                   +0   33055               
      g54__4319/Y              NAND2X1(slow)        2 23.2  273   +255   33310 F             
      g55/A                                                         +0   33310               
      g55/Y                    INVX2(slow)          4 37.6  249   +286   33596 R             
    write_pointer_inst/can_write 
    memory_inst/can_write 
      g4589/A                                                       +0   33596               
      g4589/Y                  INVX2(slow)          1 10.9   84   +132   33729 F             
      g4576__9945/B                                                 +0   33729               
      g4576__9945/Y            NOR2X1(slow)         2 20.6  481   +385   34114 R             
      g4573/A                                                       +0   34114               
      g4573/Y                  CLKINVX2(slow)       1 10.9  122   +181   34295 F             
      g4564__7098/B                                                 +0   34295               
      g4564__7098/Y            NOR2X1(slow)         4 32.1  722   +572   34867 R             
      g4554__6783/B                                                 +0   34867               
      g4554__6783/Y            NAND2X1(slow)        8 62.5  746   +882   35749 F             
      mem_reg[12][2]/SE        SDFFX1(slow)                         +0   35749               
      mem_reg[12][2]/CK        setup                          0   +589   36337 R             
- - - - - - - - - - - - - - - - - - - - - - - - - - - - - - - - - - - - - - - - - - - - - - -
(clock sys_clk)                capture                                   83330 R             
                               uncertainty                       -2000   81330 R             
---------------------------------------------------------------------------------------------
Cost Group   : 'sys_clk' (path_group 'sys_clk')
Timing slack :   44993ps 
Start-point  : tx_wr_en
End-point    : tx_inst/fifo_inst/memory_inst/mem_reg[12][2]/SE

path  31:

            Pin                    Type        Fanout Load Slew  Delay Arrival   Location    
                                  (Domain)            (fF) (ps)  (ps)    (ps)       (x,   y) 
---------------------------------------------------------------------------------------------
(clock sys_clk)                launch                                        0 R             
(constraint.sdc_line_16_3_1)   ext delay                        +33000   33000 R             
tx_wr_en                       in port              1 11.0   82    +55   33055 R             
tx_inst/wr_en 
  fifo_inst/wr_en 
    write_pointer_inst/wr_en 
      g54__4319/B                                                   +0   33055               
      g54__4319/Y              NAND2X1(slow)        2 23.2  273   +255   33310 F             
      g55/A                                                         +0   33310               
      g55/Y                    INVX2(slow)          4 37.6  249   +286   33596 R             
    write_pointer_inst/can_write 
    memory_inst/can_write 
      g4589/A                                                       +0   33596               
      g4589/Y                  INVX2(slow)          1 10.9   84   +132   33729 F             
      g4576__9945/B                                                 +0   33729               
      g4576__9945/Y            NOR2X1(slow)         2 20.6  481   +385   34114 R             
      g4573/A                                                       +0   34114               
      g4573/Y                  CLKINVX2(slow)       1 10.9  122   +181   34295 F             
      g4564__7098/B                                                 +0   34295               
      g4564__7098/Y            NOR2X1(slow)         4 32.1  722   +572   34867 R             
      g4554__6783/B                                                 +0   34867               
      g4554__6783/Y            NAND2X1(slow)        8 62.5  746   +882   35749 F             
      mem_reg[12][1]/SE        SDFFX1(slow)                         +0   35749               
      mem_reg[12][1]/CK        setup                          0   +589   36337 R             
- - - - - - - - - - - - - - - - - - - - - - - - - - - - - - - - - - - - - - - - - - - - - - -
(clock sys_clk)                capture                                   83330 R             
                               uncertainty                       -2000   81330 R             
---------------------------------------------------------------------------------------------
Cost Group   : 'sys_clk' (path_group 'sys_clk')
Timing slack :   44993ps 
Start-point  : tx_wr_en
End-point    : tx_inst/fifo_inst/memory_inst/mem_reg[12][1]/SE

path  32:

            Pin                    Type        Fanout Load Slew  Delay Arrival   Location    
                                  (Domain)            (fF) (ps)  (ps)    (ps)       (x,   y) 
---------------------------------------------------------------------------------------------
(clock sys_clk)                launch                                        0 R             
(constraint.sdc_line_16_3_1)   ext delay                        +33000   33000 R             
tx_wr_en                       in port              1 11.0   82    +55   33055 R             
tx_inst/wr_en 
  fifo_inst/wr_en 
    write_pointer_inst/wr_en 
      g54__4319/B                                                   +0   33055               
      g54__4319/Y              NAND2X1(slow)        2 23.2  273   +255   33310 F             
      g55/A                                                         +0   33310               
      g55/Y                    INVX2(slow)          4 37.6  249   +286   33596 R             
    write_pointer_inst/can_write 
    memory_inst/can_write 
      g4589/A                                                       +0   33596               
      g4589/Y                  INVX2(slow)          1 10.9   84   +132   33729 F             
      g4576__9945/B                                                 +0   33729               
      g4576__9945/Y            NOR2X1(slow)         2 20.6  481   +385   34114 R             
      g4573/A                                                       +0   34114               
      g4573/Y                  CLKINVX2(slow)       1 10.9  122   +181   34295 F             
      g4564__7098/B                                                 +0   34295               
      g4564__7098/Y            NOR2X1(slow)         4 32.1  722   +572   34867 R             
      g4554__6783/B                                                 +0   34867               
      g4554__6783/Y            NAND2X1(slow)        8 62.5  746   +882   35749 F             
      mem_reg[12][0]/SE        SDFFX1(slow)                         +0   35749               
      mem_reg[12][0]/CK        setup                          0   +589   36337 R             
- - - - - - - - - - - - - - - - - - - - - - - - - - - - - - - - - - - - - - - - - - - - - - -
(clock sys_clk)                capture                                   83330 R             
                               uncertainty                       -2000   81330 R             
---------------------------------------------------------------------------------------------
Cost Group   : 'sys_clk' (path_group 'sys_clk')
Timing slack :   44993ps 
Start-point  : tx_wr_en
End-point    : tx_inst/fifo_inst/memory_inst/mem_reg[12][0]/SE

path  33:

            Pin                    Type        Fanout Load Slew  Delay Arrival   Location    
                                  (Domain)            (fF) (ps)  (ps)    (ps)       (x,   y) 
---------------------------------------------------------------------------------------------
(clock sys_clk)                launch                                        0 R             
(constraint.sdc_line_16_3_1)   ext delay                        +33000   33000 R             
tx_wr_en                       in port              1 11.0   82    +55   33055 R             
tx_inst/wr_en 
  fifo_inst/wr_en 
    write_pointer_inst/wr_en 
      g54__4319/B                                                   +0   33055               
      g54__4319/Y              NAND2X1(slow)        2 23.2  273   +255   33310 F             
      g55/A                                                         +0   33310               
      g55/Y                    INVX2(slow)          4 37.6  249   +286   33596 R             
    write_pointer_inst/can_write 
    memory_inst/can_write 
      g4589/A                                                       +0   33596               
      g4589/Y                  INVX2(slow)          1 10.9   84   +132   33729 F             
      g4576__9945/B                                                 +0   33729               
      g4576__9945/Y            NOR2X1(slow)         2 20.6  481   +385   34114 R             
      g4573/A                                                       +0   34114               
      g4573/Y                  CLKINVX2(slow)       1 10.9  122   +181   34295 F             
      g4564__7098/B                                                 +0   34295               
      g4564__7098/Y            NOR2X1(slow)         4 32.1  722   +572   34867 R             
      g4542__2883/B                                                 +0   34867               
      g4542__2883/Y            NAND2X1(slow)        8 62.5  746   +882   35749 F             
      mem_reg[8][7]/SE         SDFFX1(slow)                         +0   35749               
      mem_reg[8][7]/CK         setup                          0   +589   36337 R             
- - - - - - - - - - - - - - - - - - - - - - - - - - - - - - - - - - - - - - - - - - - - - - -
(clock sys_clk)                capture                                   83330 R             
                               uncertainty                       -2000   81330 R             
---------------------------------------------------------------------------------------------
Cost Group   : 'sys_clk' (path_group 'sys_clk')
Timing slack :   44993ps 
Start-point  : tx_wr_en
End-point    : tx_inst/fifo_inst/memory_inst/mem_reg[8][7]/SE

path  34:

            Pin                    Type        Fanout Load Slew  Delay Arrival   Location    
                                  (Domain)            (fF) (ps)  (ps)    (ps)       (x,   y) 
---------------------------------------------------------------------------------------------
(clock sys_clk)                launch                                        0 R             
(constraint.sdc_line_16_3_1)   ext delay                        +33000   33000 R             
tx_wr_en                       in port              1 11.0   82    +55   33055 R             
tx_inst/wr_en 
  fifo_inst/wr_en 
    write_pointer_inst/wr_en 
      g54__4319/B                                                   +0   33055               
      g54__4319/Y              NAND2X1(slow)        2 23.2  273   +255   33310 F             
      g55/A                                                         +0   33310               
      g55/Y                    INVX2(slow)          4 37.6  249   +286   33596 R             
    write_pointer_inst/can_write 
    memory_inst/can_write 
      g4589/A                                                       +0   33596               
      g4589/Y                  INVX2(slow)          1 10.9   84   +132   33729 F             
      g4576__9945/B                                                 +0   33729               
      g4576__9945/Y            NOR2X1(slow)         2 20.6  481   +385   34114 R             
      g4573/A                                                       +0   34114               
      g4573/Y                  CLKINVX2(slow)       1 10.9  122   +181   34295 F             
      g4564__7098/B                                                 +0   34295               
      g4564__7098/Y            NOR2X1(slow)         4 32.1  722   +572   34867 R             
      g4542__2883/B                                                 +0   34867               
      g4542__2883/Y            NAND2X1(slow)        8 62.5  746   +882   35749 F             
      mem_reg[8][6]/SE         SDFFX1(slow)                         +0   35749               
      mem_reg[8][6]/CK         setup                          0   +589   36337 R             
- - - - - - - - - - - - - - - - - - - - - - - - - - - - - - - - - - - - - - - - - - - - - - -
(clock sys_clk)                capture                                   83330 R             
                               uncertainty                       -2000   81330 R             
---------------------------------------------------------------------------------------------
Cost Group   : 'sys_clk' (path_group 'sys_clk')
Timing slack :   44993ps 
Start-point  : tx_wr_en
End-point    : tx_inst/fifo_inst/memory_inst/mem_reg[8][6]/SE

path  35:

            Pin                    Type        Fanout Load Slew  Delay Arrival   Location    
                                  (Domain)            (fF) (ps)  (ps)    (ps)       (x,   y) 
---------------------------------------------------------------------------------------------
(clock sys_clk)                launch                                        0 R             
(constraint.sdc_line_16_3_1)   ext delay                        +33000   33000 R             
tx_wr_en                       in port              1 11.0   82    +55   33055 R             
tx_inst/wr_en 
  fifo_inst/wr_en 
    write_pointer_inst/wr_en 
      g54__4319/B                                                   +0   33055               
      g54__4319/Y              NAND2X1(slow)        2 23.2  273   +255   33310 F             
      g55/A                                                         +0   33310               
      g55/Y                    INVX2(slow)          4 37.6  249   +286   33596 R             
    write_pointer_inst/can_write 
    memory_inst/can_write 
      g4589/A                                                       +0   33596               
      g4589/Y                  INVX2(slow)          1 10.9   84   +132   33729 F             
      g4576__9945/B                                                 +0   33729               
      g4576__9945/Y            NOR2X1(slow)         2 20.6  481   +385   34114 R             
      g4573/A                                                       +0   34114               
      g4573/Y                  CLKINVX2(slow)       1 10.9  122   +181   34295 F             
      g4564__7098/B                                                 +0   34295               
      g4564__7098/Y            NOR2X1(slow)         4 32.1  722   +572   34867 R             
      g4542__2883/B                                                 +0   34867               
      g4542__2883/Y            NAND2X1(slow)        8 62.5  746   +882   35749 F             
      mem_reg[8][5]/SE         SDFFX1(slow)                         +0   35749               
      mem_reg[8][5]/CK         setup                          0   +589   36337 R             
- - - - - - - - - - - - - - - - - - - - - - - - - - - - - - - - - - - - - - - - - - - - - - -
(clock sys_clk)                capture                                   83330 R             
                               uncertainty                       -2000   81330 R             
---------------------------------------------------------------------------------------------
Cost Group   : 'sys_clk' (path_group 'sys_clk')
Timing slack :   44993ps 
Start-point  : tx_wr_en
End-point    : tx_inst/fifo_inst/memory_inst/mem_reg[8][5]/SE

path  36:

            Pin                    Type        Fanout Load Slew  Delay Arrival   Location    
                                  (Domain)            (fF) (ps)  (ps)    (ps)       (x,   y) 
---------------------------------------------------------------------------------------------
(clock sys_clk)                launch                                        0 R             
(constraint.sdc_line_16_3_1)   ext delay                        +33000   33000 R             
tx_wr_en                       in port              1 11.0   82    +55   33055 R             
tx_inst/wr_en 
  fifo_inst/wr_en 
    write_pointer_inst/wr_en 
      g54__4319/B                                                   +0   33055               
      g54__4319/Y              NAND2X1(slow)        2 23.2  273   +255   33310 F             
      g55/A                                                         +0   33310               
      g55/Y                    INVX2(slow)          4 37.6  249   +286   33596 R             
    write_pointer_inst/can_write 
    memory_inst/can_write 
      g4589/A                                                       +0   33596               
      g4589/Y                  INVX2(slow)          1 10.9   84   +132   33729 F             
      g4576__9945/B                                                 +0   33729               
      g4576__9945/Y            NOR2X1(slow)         2 20.6  481   +385   34114 R             
      g4573/A                                                       +0   34114               
      g4573/Y                  CLKINVX2(slow)       1 10.9  122   +181   34295 F             
      g4564__7098/B                                                 +0   34295               
      g4564__7098/Y            NOR2X1(slow)         4 32.1  722   +572   34867 R             
      g4542__2883/B                                                 +0   34867               
      g4542__2883/Y            NAND2X1(slow)        8 62.5  746   +882   35749 F             
      mem_reg[8][4]/SE         SDFFX1(slow)                         +0   35749               
      mem_reg[8][4]/CK         setup                          0   +589   36337 R             
- - - - - - - - - - - - - - - - - - - - - - - - - - - - - - - - - - - - - - - - - - - - - - -
(clock sys_clk)                capture                                   83330 R             
                               uncertainty                       -2000   81330 R             
---------------------------------------------------------------------------------------------
Cost Group   : 'sys_clk' (path_group 'sys_clk')
Timing slack :   44993ps 
Start-point  : tx_wr_en
End-point    : tx_inst/fifo_inst/memory_inst/mem_reg[8][4]/SE

path  37:

            Pin                    Type        Fanout Load Slew  Delay Arrival   Location    
                                  (Domain)            (fF) (ps)  (ps)    (ps)       (x,   y) 
---------------------------------------------------------------------------------------------
(clock sys_clk)                launch                                        0 R             
(constraint.sdc_line_16_3_1)   ext delay                        +33000   33000 R             
tx_wr_en                       in port              1 11.0   82    +55   33055 R             
tx_inst/wr_en 
  fifo_inst/wr_en 
    write_pointer_inst/wr_en 
      g54__4319/B                                                   +0   33055               
      g54__4319/Y              NAND2X1(slow)        2 23.2  273   +255   33310 F             
      g55/A                                                         +0   33310               
      g55/Y                    INVX2(slow)          4 37.6  249   +286   33596 R             
    write_pointer_inst/can_write 
    memory_inst/can_write 
      g4589/A                                                       +0   33596               
      g4589/Y                  INVX2(slow)          1 10.9   84   +132   33729 F             
      g4576__9945/B                                                 +0   33729               
      g4576__9945/Y            NOR2X1(slow)         2 20.6  481   +385   34114 R             
      g4573/A                                                       +0   34114               
      g4573/Y                  CLKINVX2(slow)       1 10.9  122   +181   34295 F             
      g4564__7098/B                                                 +0   34295               
      g4564__7098/Y            NOR2X1(slow)         4 32.1  722   +572   34867 R             
      g4542__2883/B                                                 +0   34867               
      g4542__2883/Y            NAND2X1(slow)        8 62.5  746   +882   35749 F             
      mem_reg[8][3]/SE         SDFFX1(slow)                         +0   35749               
      mem_reg[8][3]/CK         setup                          0   +589   36337 R             
- - - - - - - - - - - - - - - - - - - - - - - - - - - - - - - - - - - - - - - - - - - - - - -
(clock sys_clk)                capture                                   83330 R             
                               uncertainty                       -2000   81330 R             
---------------------------------------------------------------------------------------------
Cost Group   : 'sys_clk' (path_group 'sys_clk')
Timing slack :   44993ps 
Start-point  : tx_wr_en
End-point    : tx_inst/fifo_inst/memory_inst/mem_reg[8][3]/SE

path  38:

            Pin                    Type        Fanout Load Slew  Delay Arrival   Location    
                                  (Domain)            (fF) (ps)  (ps)    (ps)       (x,   y) 
---------------------------------------------------------------------------------------------
(clock sys_clk)                launch                                        0 R             
(constraint.sdc_line_16_3_1)   ext delay                        +33000   33000 R             
tx_wr_en                       in port              1 11.0   82    +55   33055 R             
tx_inst/wr_en 
  fifo_inst/wr_en 
    write_pointer_inst/wr_en 
      g54__4319/B                                                   +0   33055               
      g54__4319/Y              NAND2X1(slow)        2 23.2  273   +255   33310 F             
      g55/A                                                         +0   33310               
      g55/Y                    INVX2(slow)          4 37.6  249   +286   33596 R             
    write_pointer_inst/can_write 
    memory_inst/can_write 
      g4589/A                                                       +0   33596               
      g4589/Y                  INVX2(slow)          1 10.9   84   +132   33729 F             
      g4576__9945/B                                                 +0   33729               
      g4576__9945/Y            NOR2X1(slow)         2 20.6  481   +385   34114 R             
      g4573/A                                                       +0   34114               
      g4573/Y                  CLKINVX2(slow)       1 10.9  122   +181   34295 F             
      g4564__7098/B                                                 +0   34295               
      g4564__7098/Y            NOR2X1(slow)         4 32.1  722   +572   34867 R             
      g4542__2883/B                                                 +0   34867               
      g4542__2883/Y            NAND2X1(slow)        8 62.5  746   +882   35749 F             
      mem_reg[8][2]/SE         SDFFX1(slow)                         +0   35749               
      mem_reg[8][2]/CK         setup                          0   +589   36337 R             
- - - - - - - - - - - - - - - - - - - - - - - - - - - - - - - - - - - - - - - - - - - - - - -
(clock sys_clk)                capture                                   83330 R             
                               uncertainty                       -2000   81330 R             
---------------------------------------------------------------------------------------------
Cost Group   : 'sys_clk' (path_group 'sys_clk')
Timing slack :   44993ps 
Start-point  : tx_wr_en
End-point    : tx_inst/fifo_inst/memory_inst/mem_reg[8][2]/SE

path  39:

            Pin                    Type        Fanout Load Slew  Delay Arrival   Location    
                                  (Domain)            (fF) (ps)  (ps)    (ps)       (x,   y) 
---------------------------------------------------------------------------------------------
(clock sys_clk)                launch                                        0 R             
(constraint.sdc_line_16_3_1)   ext delay                        +33000   33000 R             
tx_wr_en                       in port              1 11.0   82    +55   33055 R             
tx_inst/wr_en 
  fifo_inst/wr_en 
    write_pointer_inst/wr_en 
      g54__4319/B                                                   +0   33055               
      g54__4319/Y              NAND2X1(slow)        2 23.2  273   +255   33310 F             
      g55/A                                                         +0   33310               
      g55/Y                    INVX2(slow)          4 37.6  249   +286   33596 R             
    write_pointer_inst/can_write 
    memory_inst/can_write 
      g4589/A                                                       +0   33596               
      g4589/Y                  INVX2(slow)          1 10.9   84   +132   33729 F             
      g4576__9945/B                                                 +0   33729               
      g4576__9945/Y            NOR2X1(slow)         2 20.6  481   +385   34114 R             
      g4573/A                                                       +0   34114               
      g4573/Y                  CLKINVX2(slow)       1 10.9  122   +181   34295 F             
      g4564__7098/B                                                 +0   34295               
      g4564__7098/Y            NOR2X1(slow)         4 32.1  722   +572   34867 R             
      g4542__2883/B                                                 +0   34867               
      g4542__2883/Y            NAND2X1(slow)        8 62.5  746   +882   35749 F             
      mem_reg[8][1]/SE         SDFFX1(slow)                         +0   35749               
      mem_reg[8][1]/CK         setup                          0   +589   36337 R             
- - - - - - - - - - - - - - - - - - - - - - - - - - - - - - - - - - - - - - - - - - - - - - -
(clock sys_clk)                capture                                   83330 R             
                               uncertainty                       -2000   81330 R             
---------------------------------------------------------------------------------------------
Cost Group   : 'sys_clk' (path_group 'sys_clk')
Timing slack :   44993ps 
Start-point  : tx_wr_en
End-point    : tx_inst/fifo_inst/memory_inst/mem_reg[8][1]/SE

path  40:

            Pin                    Type        Fanout Load Slew  Delay Arrival   Location    
                                  (Domain)            (fF) (ps)  (ps)    (ps)       (x,   y) 
---------------------------------------------------------------------------------------------
(clock sys_clk)                launch                                        0 R             
(constraint.sdc_line_16_3_1)   ext delay                        +33000   33000 R             
tx_wr_en                       in port              1 11.0   82    +55   33055 R             
tx_inst/wr_en 
  fifo_inst/wr_en 
    write_pointer_inst/wr_en 
      g54__4319/B                                                   +0   33055               
      g54__4319/Y              NAND2X1(slow)        2 23.2  273   +255   33310 F             
      g55/A                                                         +0   33310               
      g55/Y                    INVX2(slow)          4 37.6  249   +286   33596 R             
    write_pointer_inst/can_write 
    memory_inst/can_write 
      g4589/A                                                       +0   33596               
      g4589/Y                  INVX2(slow)          1 10.9   84   +132   33729 F             
      g4576__9945/B                                                 +0   33729               
      g4576__9945/Y            NOR2X1(slow)         2 20.6  481   +385   34114 R             
      g4573/A                                                       +0   34114               
      g4573/Y                  CLKINVX2(slow)       1 10.9  122   +181   34295 F             
      g4564__7098/B                                                 +0   34295               
      g4564__7098/Y            NOR2X1(slow)         4 32.1  722   +572   34867 R             
      g4542__2883/B                                                 +0   34867               
      g4542__2883/Y            NAND2X1(slow)        8 62.5  746   +882   35749 F             
      mem_reg[8][0]/SE         SDFFX1(slow)                         +0   35749               
      mem_reg[8][0]/CK         setup                          0   +589   36337 R             
- - - - - - - - - - - - - - - - - - - - - - - - - - - - - - - - - - - - - - - - - - - - - - -
(clock sys_clk)                capture                                   83330 R             
                               uncertainty                       -2000   81330 R             
---------------------------------------------------------------------------------------------
Cost Group   : 'sys_clk' (path_group 'sys_clk')
Timing slack :   44993ps 
Start-point  : tx_wr_en
End-point    : tx_inst/fifo_inst/memory_inst/mem_reg[8][0]/SE

path  41:

            Pin                    Type        Fanout Load Slew  Delay Arrival   Location    
                                  (Domain)            (fF) (ps)  (ps)    (ps)       (x,   y) 
---------------------------------------------------------------------------------------------
(clock sys_clk)                launch                                        0 R             
(constraint.sdc_line_16_3_1)   ext delay                        +33000   33000 R             
tx_wr_en                       in port              1 11.0   82    +55   33055 R             
tx_inst/wr_en 
  fifo_inst/wr_en 
    write_pointer_inst/wr_en 
      g54__4319/B                                                   +0   33055               
      g54__4319/Y              NAND2X1(slow)        2 23.2  273   +255   33310 F             
      g55/A                                                         +0   33310               
      g55/Y                    INVX2(slow)          4 37.6  249   +286   33596 R             
    write_pointer_inst/can_write 
    memory_inst/can_write 
      g4589/A                                                       +0   33596               
      g4589/Y                  INVX2(slow)          1 10.9   84   +132   33729 F             
      g4576__9945/B                                                 +0   33729               
      g4576__9945/Y            NOR2X1(slow)         2 20.6  481   +385   34114 R             
      g4573/A                                                       +0   34114               
      g4573/Y                  CLKINVX2(slow)       1 10.9  122   +181   34295 F             
      g4564__7098/B                                                 +0   34295               
      g4564__7098/Y            NOR2X1(slow)         4 32.1  722   +572   34867 R             
      g4541__9945/B                                                 +0   34867               
      g4541__9945/Y            NAND2X1(slow)        8 62.5  746   +882   35749 F             
      mem_reg[4][7]/SE         SDFFX1(slow)                         +0   35749               
      mem_reg[4][7]/CK         setup                          0   +589   36337 R             
- - - - - - - - - - - - - - - - - - - - - - - - - - - - - - - - - - - - - - - - - - - - - - -
(clock sys_clk)                capture                                   83330 R             
                               uncertainty                       -2000   81330 R             
---------------------------------------------------------------------------------------------
Cost Group   : 'sys_clk' (path_group 'sys_clk')
Timing slack :   44993ps 
Start-point  : tx_wr_en
End-point    : tx_inst/fifo_inst/memory_inst/mem_reg[4][7]/SE

path  42:

            Pin                    Type        Fanout Load Slew  Delay Arrival   Location    
                                  (Domain)            (fF) (ps)  (ps)    (ps)       (x,   y) 
---------------------------------------------------------------------------------------------
(clock sys_clk)                launch                                        0 R             
(constraint.sdc_line_16_3_1)   ext delay                        +33000   33000 R             
tx_wr_en                       in port              1 11.0   82    +55   33055 R             
tx_inst/wr_en 
  fifo_inst/wr_en 
    write_pointer_inst/wr_en 
      g54__4319/B                                                   +0   33055               
      g54__4319/Y              NAND2X1(slow)        2 23.2  273   +255   33310 F             
      g55/A                                                         +0   33310               
      g55/Y                    INVX2(slow)          4 37.6  249   +286   33596 R             
    write_pointer_inst/can_write 
    memory_inst/can_write 
      g4589/A                                                       +0   33596               
      g4589/Y                  INVX2(slow)          1 10.9   84   +132   33729 F             
      g4576__9945/B                                                 +0   33729               
      g4576__9945/Y            NOR2X1(slow)         2 20.6  481   +385   34114 R             
      g4573/A                                                       +0   34114               
      g4573/Y                  CLKINVX2(slow)       1 10.9  122   +181   34295 F             
      g4564__7098/B                                                 +0   34295               
      g4564__7098/Y            NOR2X1(slow)         4 32.1  722   +572   34867 R             
      g4541__9945/B                                                 +0   34867               
      g4541__9945/Y            NAND2X1(slow)        8 62.5  746   +882   35749 F             
      mem_reg[4][6]/SE         SDFFX1(slow)                         +0   35749               
      mem_reg[4][6]/CK         setup                          0   +589   36337 R             
- - - - - - - - - - - - - - - - - - - - - - - - - - - - - - - - - - - - - - - - - - - - - - -
(clock sys_clk)                capture                                   83330 R             
                               uncertainty                       -2000   81330 R             
---------------------------------------------------------------------------------------------
Cost Group   : 'sys_clk' (path_group 'sys_clk')
Timing slack :   44993ps 
Start-point  : tx_wr_en
End-point    : tx_inst/fifo_inst/memory_inst/mem_reg[4][6]/SE

path  43:

            Pin                    Type        Fanout Load Slew  Delay Arrival   Location    
                                  (Domain)            (fF) (ps)  (ps)    (ps)       (x,   y) 
---------------------------------------------------------------------------------------------
(clock sys_clk)                launch                                        0 R             
(constraint.sdc_line_16_3_1)   ext delay                        +33000   33000 R             
tx_wr_en                       in port              1 11.0   82    +55   33055 R             
tx_inst/wr_en 
  fifo_inst/wr_en 
    write_pointer_inst/wr_en 
      g54__4319/B                                                   +0   33055               
      g54__4319/Y              NAND2X1(slow)        2 23.2  273   +255   33310 F             
      g55/A                                                         +0   33310               
      g55/Y                    INVX2(slow)          4 37.6  249   +286   33596 R             
    write_pointer_inst/can_write 
    memory_inst/can_write 
      g4589/A                                                       +0   33596               
      g4589/Y                  INVX2(slow)          1 10.9   84   +132   33729 F             
      g4576__9945/B                                                 +0   33729               
      g4576__9945/Y            NOR2X1(slow)         2 20.6  481   +385   34114 R             
      g4573/A                                                       +0   34114               
      g4573/Y                  CLKINVX2(slow)       1 10.9  122   +181   34295 F             
      g4564__7098/B                                                 +0   34295               
      g4564__7098/Y            NOR2X1(slow)         4 32.1  722   +572   34867 R             
      g4541__9945/B                                                 +0   34867               
      g4541__9945/Y            NAND2X1(slow)        8 62.5  746   +882   35749 F             
      mem_reg[4][5]/SE         SDFFX1(slow)                         +0   35749               
      mem_reg[4][5]/CK         setup                          0   +589   36337 R             
- - - - - - - - - - - - - - - - - - - - - - - - - - - - - - - - - - - - - - - - - - - - - - -
(clock sys_clk)                capture                                   83330 R             
                               uncertainty                       -2000   81330 R             
---------------------------------------------------------------------------------------------
Cost Group   : 'sys_clk' (path_group 'sys_clk')
Timing slack :   44993ps 
Start-point  : tx_wr_en
End-point    : tx_inst/fifo_inst/memory_inst/mem_reg[4][5]/SE

path  44:

            Pin                    Type        Fanout Load Slew  Delay Arrival   Location    
                                  (Domain)            (fF) (ps)  (ps)    (ps)       (x,   y) 
---------------------------------------------------------------------------------------------
(clock sys_clk)                launch                                        0 R             
(constraint.sdc_line_16_3_1)   ext delay                        +33000   33000 R             
tx_wr_en                       in port              1 11.0   82    +55   33055 R             
tx_inst/wr_en 
  fifo_inst/wr_en 
    write_pointer_inst/wr_en 
      g54__4319/B                                                   +0   33055               
      g54__4319/Y              NAND2X1(slow)        2 23.2  273   +255   33310 F             
      g55/A                                                         +0   33310               
      g55/Y                    INVX2(slow)          4 37.6  249   +286   33596 R             
    write_pointer_inst/can_write 
    memory_inst/can_write 
      g4589/A                                                       +0   33596               
      g4589/Y                  INVX2(slow)          1 10.9   84   +132   33729 F             
      g4576__9945/B                                                 +0   33729               
      g4576__9945/Y            NOR2X1(slow)         2 20.6  481   +385   34114 R             
      g4573/A                                                       +0   34114               
      g4573/Y                  CLKINVX2(slow)       1 10.9  122   +181   34295 F             
      g4564__7098/B                                                 +0   34295               
      g4564__7098/Y            NOR2X1(slow)         4 32.1  722   +572   34867 R             
      g4541__9945/B                                                 +0   34867               
      g4541__9945/Y            NAND2X1(slow)        8 62.5  746   +882   35749 F             
      mem_reg[4][4]/SE         SDFFX1(slow)                         +0   35749               
      mem_reg[4][4]/CK         setup                          0   +589   36337 R             
- - - - - - - - - - - - - - - - - - - - - - - - - - - - - - - - - - - - - - - - - - - - - - -
(clock sys_clk)                capture                                   83330 R             
                               uncertainty                       -2000   81330 R             
---------------------------------------------------------------------------------------------
Cost Group   : 'sys_clk' (path_group 'sys_clk')
Timing slack :   44993ps 
Start-point  : tx_wr_en
End-point    : tx_inst/fifo_inst/memory_inst/mem_reg[4][4]/SE

path  45:

            Pin                    Type        Fanout Load Slew  Delay Arrival   Location    
                                  (Domain)            (fF) (ps)  (ps)    (ps)       (x,   y) 
---------------------------------------------------------------------------------------------
(clock sys_clk)                launch                                        0 R             
(constraint.sdc_line_16_3_1)   ext delay                        +33000   33000 R             
tx_wr_en                       in port              1 11.0   82    +55   33055 R             
tx_inst/wr_en 
  fifo_inst/wr_en 
    write_pointer_inst/wr_en 
      g54__4319/B                                                   +0   33055               
      g54__4319/Y              NAND2X1(slow)        2 23.2  273   +255   33310 F             
      g55/A                                                         +0   33310               
      g55/Y                    INVX2(slow)          4 37.6  249   +286   33596 R             
    write_pointer_inst/can_write 
    memory_inst/can_write 
      g4589/A                                                       +0   33596               
      g4589/Y                  INVX2(slow)          1 10.9   84   +132   33729 F             
      g4576__9945/B                                                 +0   33729               
      g4576__9945/Y            NOR2X1(slow)         2 20.6  481   +385   34114 R             
      g4573/A                                                       +0   34114               
      g4573/Y                  CLKINVX2(slow)       1 10.9  122   +181   34295 F             
      g4564__7098/B                                                 +0   34295               
      g4564__7098/Y            NOR2X1(slow)         4 32.1  722   +572   34867 R             
      g4541__9945/B                                                 +0   34867               
      g4541__9945/Y            NAND2X1(slow)        8 62.5  746   +882   35749 F             
      mem_reg[4][3]/SE         SDFFX1(slow)                         +0   35749               
      mem_reg[4][3]/CK         setup                          0   +589   36337 R             
- - - - - - - - - - - - - - - - - - - - - - - - - - - - - - - - - - - - - - - - - - - - - - -
(clock sys_clk)                capture                                   83330 R             
                               uncertainty                       -2000   81330 R             
---------------------------------------------------------------------------------------------
Cost Group   : 'sys_clk' (path_group 'sys_clk')
Timing slack :   44993ps 
Start-point  : tx_wr_en
End-point    : tx_inst/fifo_inst/memory_inst/mem_reg[4][3]/SE

path  46:

            Pin                    Type        Fanout Load Slew  Delay Arrival   Location    
                                  (Domain)            (fF) (ps)  (ps)    (ps)       (x,   y) 
---------------------------------------------------------------------------------------------
(clock sys_clk)                launch                                        0 R             
(constraint.sdc_line_16_3_1)   ext delay                        +33000   33000 R             
tx_wr_en                       in port              1 11.0   82    +55   33055 R             
tx_inst/wr_en 
  fifo_inst/wr_en 
    write_pointer_inst/wr_en 
      g54__4319/B                                                   +0   33055               
      g54__4319/Y              NAND2X1(slow)        2 23.2  273   +255   33310 F             
      g55/A                                                         +0   33310               
      g55/Y                    INVX2(slow)          4 37.6  249   +286   33596 R             
    write_pointer_inst/can_write 
    memory_inst/can_write 
      g4589/A                                                       +0   33596               
      g4589/Y                  INVX2(slow)          1 10.9   84   +132   33729 F             
      g4576__9945/B                                                 +0   33729               
      g4576__9945/Y            NOR2X1(slow)         2 20.6  481   +385   34114 R             
      g4573/A                                                       +0   34114               
      g4573/Y                  CLKINVX2(slow)       1 10.9  122   +181   34295 F             
      g4564__7098/B                                                 +0   34295               
      g4564__7098/Y            NOR2X1(slow)         4 32.1  722   +572   34867 R             
      g4541__9945/B                                                 +0   34867               
      g4541__9945/Y            NAND2X1(slow)        8 62.5  746   +882   35749 F             
      mem_reg[4][2]/SE         SDFFX1(slow)                         +0   35749               
      mem_reg[4][2]/CK         setup                          0   +589   36337 R             
- - - - - - - - - - - - - - - - - - - - - - - - - - - - - - - - - - - - - - - - - - - - - - -
(clock sys_clk)                capture                                   83330 R             
                               uncertainty                       -2000   81330 R             
---------------------------------------------------------------------------------------------
Cost Group   : 'sys_clk' (path_group 'sys_clk')
Timing slack :   44993ps 
Start-point  : tx_wr_en
End-point    : tx_inst/fifo_inst/memory_inst/mem_reg[4][2]/SE

path  47:

            Pin                    Type        Fanout Load Slew  Delay Arrival   Location    
                                  (Domain)            (fF) (ps)  (ps)    (ps)       (x,   y) 
---------------------------------------------------------------------------------------------
(clock sys_clk)                launch                                        0 R             
(constraint.sdc_line_16_3_1)   ext delay                        +33000   33000 R             
tx_wr_en                       in port              1 11.0   82    +55   33055 R             
tx_inst/wr_en 
  fifo_inst/wr_en 
    write_pointer_inst/wr_en 
      g54__4319/B                                                   +0   33055               
      g54__4319/Y              NAND2X1(slow)        2 23.2  273   +255   33310 F             
      g55/A                                                         +0   33310               
      g55/Y                    INVX2(slow)          4 37.6  249   +286   33596 R             
    write_pointer_inst/can_write 
    memory_inst/can_write 
      g4589/A                                                       +0   33596               
      g4589/Y                  INVX2(slow)          1 10.9   84   +132   33729 F             
      g4576__9945/B                                                 +0   33729               
      g4576__9945/Y            NOR2X1(slow)         2 20.6  481   +385   34114 R             
      g4573/A                                                       +0   34114               
      g4573/Y                  CLKINVX2(slow)       1 10.9  122   +181   34295 F             
      g4564__7098/B                                                 +0   34295               
      g4564__7098/Y            NOR2X1(slow)         4 32.1  722   +572   34867 R             
      g4541__9945/B                                                 +0   34867               
      g4541__9945/Y            NAND2X1(slow)        8 62.5  746   +882   35749 F             
      mem_reg[4][1]/SE         SDFFX1(slow)                         +0   35749               
      mem_reg[4][1]/CK         setup                          0   +589   36337 R             
- - - - - - - - - - - - - - - - - - - - - - - - - - - - - - - - - - - - - - - - - - - - - - -
(clock sys_clk)                capture                                   83330 R             
                               uncertainty                       -2000   81330 R             
---------------------------------------------------------------------------------------------
Cost Group   : 'sys_clk' (path_group 'sys_clk')
Timing slack :   44993ps 
Start-point  : tx_wr_en
End-point    : tx_inst/fifo_inst/memory_inst/mem_reg[4][1]/SE

path  48:

            Pin                    Type        Fanout Load Slew  Delay Arrival   Location    
                                  (Domain)            (fF) (ps)  (ps)    (ps)       (x,   y) 
---------------------------------------------------------------------------------------------
(clock sys_clk)                launch                                        0 R             
(constraint.sdc_line_16_3_1)   ext delay                        +33000   33000 R             
tx_wr_en                       in port              1 11.0   82    +55   33055 R             
tx_inst/wr_en 
  fifo_inst/wr_en 
    write_pointer_inst/wr_en 
      g54__4319/B                                                   +0   33055               
      g54__4319/Y              NAND2X1(slow)        2 23.2  273   +255   33310 F             
      g55/A                                                         +0   33310               
      g55/Y                    INVX2(slow)          4 37.6  249   +286   33596 R             
    write_pointer_inst/can_write 
    memory_inst/can_write 
      g4589/A                                                       +0   33596               
      g4589/Y                  INVX2(slow)          1 10.9   84   +132   33729 F             
      g4576__9945/B                                                 +0   33729               
      g4576__9945/Y            NOR2X1(slow)         2 20.6  481   +385   34114 R             
      g4573/A                                                       +0   34114               
      g4573/Y                  CLKINVX2(slow)       1 10.9  122   +181   34295 F             
      g4564__7098/B                                                 +0   34295               
      g4564__7098/Y            NOR2X1(slow)         4 32.1  722   +572   34867 R             
      g4541__9945/B                                                 +0   34867               
      g4541__9945/Y            NAND2X1(slow)        8 62.5  746   +882   35749 F             
      mem_reg[4][0]/SE         SDFFX1(slow)                         +0   35749               
      mem_reg[4][0]/CK         setup                          0   +589   36337 R             
- - - - - - - - - - - - - - - - - - - - - - - - - - - - - - - - - - - - - - - - - - - - - - -
(clock sys_clk)                capture                                   83330 R             
                               uncertainty                       -2000   81330 R             
---------------------------------------------------------------------------------------------
Cost Group   : 'sys_clk' (path_group 'sys_clk')
Timing slack :   44993ps 
Start-point  : tx_wr_en
End-point    : tx_inst/fifo_inst/memory_inst/mem_reg[4][0]/SE

path  49:

            Pin                    Type        Fanout Load Slew  Delay Arrival   Location    
                                  (Domain)            (fF) (ps)  (ps)    (ps)       (x,   y) 
---------------------------------------------------------------------------------------------
(clock sys_clk)                launch                                        0 R             
(constraint.sdc_line_16_3_1)   ext delay                        +33000   33000 R             
tx_wr_en                       in port              1 11.0   82    +55   33055 R             
tx_inst/wr_en 
  fifo_inst/wr_en 
    write_pointer_inst/wr_en 
      g54__4319/B                                                   +0   33055               
      g54__4319/Y              NAND2X1(slow)        2 23.2  273   +255   33310 F             
      g55/A                                                         +0   33310               
      g55/Y                    INVX2(slow)          4 37.6  249   +286   33596 R             
    write_pointer_inst/can_write 
    memory_inst/can_write 
      g4589/A                                                       +0   33596               
      g4589/Y                  INVX2(slow)          1 10.9   84   +132   33729 F             
      g4576__9945/B                                                 +0   33729               
      g4576__9945/Y            NOR2X1(slow)         2 20.6  481   +385   34114 R             
      g4573/A                                                       +0   34114               
      g4573/Y                  CLKINVX2(slow)       1 10.9  122   +181   34295 F             
      g4564__7098/B                                                 +0   34295               
      g4564__7098/Y            NOR2X1(slow)         4 32.1  722   +572   34867 R             
      g4540__9315/B                                                 +0   34867               
      g4540__9315/Y            NAND2X1(slow)        8 62.5  746   +882   35749 F             
      mem_reg[0][7]/SE         SDFFX1(slow)                         +0   35749               
      mem_reg[0][7]/CK         setup                          0   +589   36337 R             
- - - - - - - - - - - - - - - - - - - - - - - - - - - - - - - - - - - - - - - - - - - - - - -
(clock sys_clk)                capture                                   83330 R             
                               uncertainty                       -2000   81330 R             
---------------------------------------------------------------------------------------------
Cost Group   : 'sys_clk' (path_group 'sys_clk')
Timing slack :   44993ps 
Start-point  : tx_wr_en
End-point    : tx_inst/fifo_inst/memory_inst/mem_reg[0][7]/SE

path  50:

            Pin                    Type        Fanout Load Slew  Delay Arrival   Location    
                                  (Domain)            (fF) (ps)  (ps)    (ps)       (x,   y) 
---------------------------------------------------------------------------------------------
(clock sys_clk)                launch                                        0 R             
(constraint.sdc_line_16_3_1)   ext delay                        +33000   33000 R             
tx_wr_en                       in port              1 11.0   82    +55   33055 R             
tx_inst/wr_en 
  fifo_inst/wr_en 
    write_pointer_inst/wr_en 
      g54__4319/B                                                   +0   33055               
      g54__4319/Y              NAND2X1(slow)        2 23.2  273   +255   33310 F             
      g55/A                                                         +0   33310               
      g55/Y                    INVX2(slow)          4 37.6  249   +286   33596 R             
    write_pointer_inst/can_write 
    memory_inst/can_write 
      g4589/A                                                       +0   33596               
      g4589/Y                  INVX2(slow)          1 10.9   84   +132   33729 F             
      g4576__9945/B                                                 +0   33729               
      g4576__9945/Y            NOR2X1(slow)         2 20.6  481   +385   34114 R             
      g4573/A                                                       +0   34114               
      g4573/Y                  CLKINVX2(slow)       1 10.9  122   +181   34295 F             
      g4564__7098/B                                                 +0   34295               
      g4564__7098/Y            NOR2X1(slow)         4 32.1  722   +572   34867 R             
      g4540__9315/B                                                 +0   34867               
      g4540__9315/Y            NAND2X1(slow)        8 62.5  746   +882   35749 F             
      mem_reg[0][6]/SE         SDFFX1(slow)                         +0   35749               
      mem_reg[0][6]/CK         setup                          0   +589   36337 R             
- - - - - - - - - - - - - - - - - - - - - - - - - - - - - - - - - - - - - - - - - - - - - - -
(clock sys_clk)                capture                                   83330 R             
                               uncertainty                       -2000   81330 R             
---------------------------------------------------------------------------------------------
Cost Group   : 'sys_clk' (path_group 'sys_clk')
Timing slack :   44993ps 
Start-point  : tx_wr_en
End-point    : tx_inst/fifo_inst/memory_inst/mem_reg[0][6]/SE

