============================================================
  Generated by:           Genus(TM) Synthesis Solution 23.10-p004_1
  Generated on:           May 13 2026  05:14:33 pm
  Module:                 uart_top
  Library domain:         slow
    Domain index:         0
    Technology libraries: sky130_ss_1.62_125_LP 1.0
                          sky130_ss_1.62_125 1.0
                          sky130_ss_1.62_125_HS 1.0
                          physical_cells 
  Library domain:         fast
    Domain index:         1
    Technology libraries: sky130_ff_1.98_0_LP 1.0
                          sky130_ff_1.98_0 1.0
                          sky130_ff_1.98_0_HS 1.0
                          physical_cells 
  Library domain:         typ
    Domain index:         2
    Technology libraries: sky130_tt_1.8_25 1.0
                          physical_cells 
  Operating conditions:   ss_1.62_125 
  Operating conditions:   ff_1.98_0 
  Operating conditions:   tt_1.8_25 
  Interconnect mode:      global
  Area mode:              physical library
============================================================

path   1:

            Pin                        Type          Fanout Load Slew  Delay Arrival   Location    
                                      (Domain)              (fF) (ps)  (ps)    (ps)       (x,   y) 
---------------------------------------------------------------------------------------------------
(clock sys_clk)                   launch                                           0 R             
(constraint.sdc_line_15_3_1)      ext delay                           +33000   33000 F             
tx_wr_en                     (u)  in port                 1  6.0   48    +31   33031 F             
tx_inst/wr_en 
  fifo_inst/wr_en 
    write_pointer_inst/wr_en 
      g40/in_0                                                            +0   33031               
      g40/z                  (u)  unmapped_complex2       6 45.7    0   +224   33255 F             
    write_pointer_inst/can_write 
    memory_inst/can_write 
      g470/in_0                                                           +0   33255               
      g470/z                 (u)  unmapped_complex2       5 31.0    0   +203   33458 R             
      g468/in_0                                                           +0   33458               
      g468/z                 (u)  unmapped_complex2       4 24.8    0   +182   33640 R             
      g483/in_1                                                           +0   33640               
      g483/z                 (u)  unmapped_nor2           1  9.7    0    +57   33697 F             
      pow_opt_RC_CG_HIER_INST15/enable 
        RC_CGIC_INST/E            ICGPRECX1(slow)                         +0   33697               
        RC_CGIC_INST/CK           setup                             0   +433   34130 F             
- - - - - - - - - - - - - - - - - - - - - - - - - - - - - - - - - - - - - - - - - - - - - - - - - -
(clock sys_clk)                   capture                                      41665 F             
                                  uncertainty                          -2000   39665 F             
---------------------------------------------------------------------------------------------------
Cost Group   : 'cg_enable_group_sys_clk' (path_group 'cg_enable_group_sys_clk')
Timing slack :    5535ps 
Start-point  : tx_wr_en
End-point    : tx_inst/fifo_inst/memory_inst/pow_opt_RC_CG_HIER_INST15/RC_CGIC_INST/E

(u) : Net has unmapped pin(s).

path   2:

            Pin                        Type          Fanout Load Slew  Delay Arrival   Location    
                                      (Domain)              (fF) (ps)  (ps)    (ps)       (x,   y) 
---------------------------------------------------------------------------------------------------
(clock sys_clk)                   launch                                           0 R             
(constraint.sdc_line_15_3_1)      ext delay                           +33000   33000 F             
tx_wr_en                     (u)  in port                 1  6.0   48    +31   33031 F             
tx_inst/wr_en 
  fifo_inst/wr_en 
    write_pointer_inst/wr_en 
      g40/in_0                                                            +0   33031               
      g40/z                  (u)  unmapped_complex2       6 45.7    0   +224   33255 F             
    write_pointer_inst/can_write 
    memory_inst/can_write 
      g470/in_0                                                           +0   33255               
      g470/z                 (u)  unmapped_complex2       5 31.0    0   +203   33458 R             
      g468/in_0                                                           +0   33458               
      g468/z                 (u)  unmapped_complex2       4 24.8    0   +182   33640 R             
      g485/in_1                                                           +0   33640               
      g485/z                 (u)  unmapped_nor2           1  9.7    0    +57   33697 F             
      pow_opt_RC_CG_HIER_INST13/enable 
        RC_CGIC_INST/E            ICGPRECX1(slow)                         +0   33697               
        RC_CGIC_INST/CK           setup                             0   +433   34130 F             
- - - - - - - - - - - - - - - - - - - - - - - - - - - - - - - - - - - - - - - - - - - - - - - - - -
(clock sys_clk)                   capture                                      41665 F             
                                  uncertainty                          -2000   39665 F             
---------------------------------------------------------------------------------------------------
Cost Group   : 'cg_enable_group_sys_clk' (path_group 'cg_enable_group_sys_clk')
Timing slack :    5535ps 
Start-point  : tx_wr_en
End-point    : tx_inst/fifo_inst/memory_inst/pow_opt_RC_CG_HIER_INST13/RC_CGIC_INST/E

(u) : Net has unmapped pin(s).

path   3:

            Pin                        Type          Fanout Load Slew  Delay Arrival   Location    
                                      (Domain)              (fF) (ps)  (ps)    (ps)       (x,   y) 
---------------------------------------------------------------------------------------------------
(clock sys_clk)                   launch                                           0 R             
(constraint.sdc_line_15_3_1)      ext delay                           +33000   33000 F             
tx_wr_en                     (u)  in port                 1  6.0   48    +31   33031 F             
tx_inst/wr_en 
  fifo_inst/wr_en 
    write_pointer_inst/wr_en 
      g40/in_0                                                            +0   33031               
      g40/z                  (u)  unmapped_complex2       6 45.7    0   +224   33255 F             
    write_pointer_inst/can_write 
    memory_inst/can_write 
      g470/in_0                                                           +0   33255               
      g470/z                 (u)  unmapped_complex2       5 31.0    0   +203   33458 R             
      g468/in_0                                                           +0   33458               
      g468/z                 (u)  unmapped_complex2       4 24.8    0   +182   33640 R             
      g487/in_1                                                           +0   33640               
      g487/z                 (u)  unmapped_nor2           1  9.7    0    +57   33697 F             
      pow_opt_RC_CG_HIER_INST11/enable 
        RC_CGIC_INST/E            ICGPRECX1(slow)                         +0   33697               
        RC_CGIC_INST/CK           setup                             0   +433   34130 F             
- - - - - - - - - - - - - - - - - - - - - - - - - - - - - - - - - - - - - - - - - - - - - - - - - -
(clock sys_clk)                   capture                                      41665 F             
                                  uncertainty                          -2000   39665 F             
---------------------------------------------------------------------------------------------------
Cost Group   : 'cg_enable_group_sys_clk' (path_group 'cg_enable_group_sys_clk')
Timing slack :    5535ps 
Start-point  : tx_wr_en
End-point    : tx_inst/fifo_inst/memory_inst/pow_opt_RC_CG_HIER_INST11/RC_CGIC_INST/E

(u) : Net has unmapped pin(s).

path   4:

            Pin                        Type          Fanout Load Slew  Delay Arrival   Location    
                                      (Domain)              (fF) (ps)  (ps)    (ps)       (x,   y) 
---------------------------------------------------------------------------------------------------
(clock sys_clk)                   launch                                           0 R             
(constraint.sdc_line_15_3_1)      ext delay                           +33000   33000 F             
tx_wr_en                     (u)  in port                 1  6.0   48    +31   33031 F             
tx_inst/wr_en 
  fifo_inst/wr_en 
    write_pointer_inst/wr_en 
      g40/in_0                                                            +0   33031               
      g40/z                  (u)  unmapped_complex2       6 45.7    0   +224   33255 F             
    write_pointer_inst/can_write 
    memory_inst/can_write 
      g470/in_0                                                           +0   33255               
      g470/z                 (u)  unmapped_complex2       5 31.0    0   +203   33458 R             
      g468/in_0                                                           +0   33458               
      g468/z                 (u)  unmapped_complex2       4 24.8    0   +182   33640 R             
      g489/in_1                                                           +0   33640               
      g489/z                 (u)  unmapped_nor2           1  9.7    0    +57   33697 F             
      pow_opt_RC_CG_HIER_INST9/enable 
        RC_CGIC_INST/E            ICGPRECX1(slow)                         +0   33697               
        RC_CGIC_INST/CK           setup                             0   +433   34130 F             
- - - - - - - - - - - - - - - - - - - - - - - - - - - - - - - - - - - - - - - - - - - - - - - - - -
(clock sys_clk)                   capture                                      41665 F             
                                  uncertainty                          -2000   39665 F             
---------------------------------------------------------------------------------------------------
Cost Group   : 'cg_enable_group_sys_clk' (path_group 'cg_enable_group_sys_clk')
Timing slack :    5535ps 
Start-point  : tx_wr_en
End-point    : tx_inst/fifo_inst/memory_inst/pow_opt_RC_CG_HIER_INST9/RC_CGIC_INST/E

(u) : Net has unmapped pin(s).

path   5:

            Pin                        Type          Fanout Load Slew  Delay Arrival   Location    
                                      (Domain)              (fF) (ps)  (ps)    (ps)       (x,   y) 
---------------------------------------------------------------------------------------------------
(clock sys_clk)                   launch                                           0 R             
(constraint.sdc_line_15_3_1)      ext delay                           +33000   33000 F             
tx_wr_en                     (u)  in port                 1  6.0   48    +31   33031 F             
tx_inst/wr_en 
  fifo_inst/wr_en 
    write_pointer_inst/wr_en 
      g40/in_0                                                            +0   33031               
      g40/z                  (u)  unmapped_complex2       6 45.7    0   +224   33255 F             
    write_pointer_inst/can_write 
    memory_inst/can_write 
      g470/in_0                                                           +0   33255               
      g470/z                 (u)  unmapped_complex2       5 31.0    0   +203   33458 R             
      g491/in_1                                                           +0   33458               
      g491/z                 (u)  unmapped_nor2           1  9.7    0    +57   33515 F             
      pow_opt_RC_CG_HIER_INST16/enable 
        RC_CGIC_INST/E            ICGPRECX1(slow)                         +0   33515               
        RC_CGIC_INST/CK           setup                             0   +433   33948 F             
- - - - - - - - - - - - - - - - - - - - - - - - - - - - - - - - - - - - - - - - - - - - - - - - - -
(clock sys_clk)                   capture                                      41665 F             
                                  uncertainty                          -2000   39665 F             
---------------------------------------------------------------------------------------------------
Cost Group   : 'cg_enable_group_sys_clk' (path_group 'cg_enable_group_sys_clk')
Timing slack :    5717ps 
Start-point  : tx_wr_en
End-point    : tx_inst/fifo_inst/memory_inst/pow_opt_RC_CG_HIER_INST16/RC_CGIC_INST/E

(u) : Net has unmapped pin(s).

path   6:

            Pin                        Type          Fanout Load Slew  Delay Arrival   Location    
                                      (Domain)              (fF) (ps)  (ps)    (ps)       (x,   y) 
---------------------------------------------------------------------------------------------------
(clock sys_clk)                   launch                                           0 R             
(constraint.sdc_line_15_3_1)      ext delay                           +33000   33000 F             
tx_wr_en                     (u)  in port                 1  6.0   48    +31   33031 F             
tx_inst/wr_en 
  fifo_inst/wr_en 
    write_pointer_inst/wr_en 
      g40/in_0                                                            +0   33031               
      g40/z                  (u)  unmapped_complex2       6 45.7    0   +224   33255 F             
    write_pointer_inst/can_write 
    memory_inst/can_write 
      g470/in_0                                                           +0   33255               
      g470/z                 (u)  unmapped_complex2       5 31.0    0   +203   33458 R             
      g492/in_1                                                           +0   33458               
      g492/z                 (u)  unmapped_nor2           1  9.7    0    +57   33515 F             
      pow_opt_RC_CG_HIER_INST14/enable 
        RC_CGIC_INST/E            ICGPRECX1(slow)                         +0   33515               
        RC_CGIC_INST/CK           setup                             0   +433   33948 F             
- - - - - - - - - - - - - - - - - - - - - - - - - - - - - - - - - - - - - - - - - - - - - - - - - -
(clock sys_clk)                   capture                                      41665 F             
                                  uncertainty                          -2000   39665 F             
---------------------------------------------------------------------------------------------------
Cost Group   : 'cg_enable_group_sys_clk' (path_group 'cg_enable_group_sys_clk')
Timing slack :    5717ps 
Start-point  : tx_wr_en
End-point    : tx_inst/fifo_inst/memory_inst/pow_opt_RC_CG_HIER_INST14/RC_CGIC_INST/E

(u) : Net has unmapped pin(s).

path   7:

            Pin                        Type          Fanout Load Slew  Delay Arrival   Location    
                                      (Domain)              (fF) (ps)  (ps)    (ps)       (x,   y) 
---------------------------------------------------------------------------------------------------
(clock sys_clk)                   launch                                           0 R             
(constraint.sdc_line_15_3_1)      ext delay                           +33000   33000 F             
tx_wr_en                     (u)  in port                 1  6.0   48    +31   33031 F             
tx_inst/wr_en 
  fifo_inst/wr_en 
    write_pointer_inst/wr_en 
      g40/in_0                                                            +0   33031               
      g40/z                  (u)  unmapped_complex2       6 45.7    0   +224   33255 F             
    write_pointer_inst/can_write 
    memory_inst/can_write 
      g470/in_0                                                           +0   33255               
      g470/z                 (u)  unmapped_complex2       5 31.0    0   +203   33458 R             
      g493/in_1                                                           +0   33458               
      g493/z                 (u)  unmapped_nor2           1  9.7    0    +57   33515 F             
      pow_opt_RC_CG_HIER_INST12/enable 
        RC_CGIC_INST/E            ICGPRECX1(slow)                         +0   33515               
        RC_CGIC_INST/CK           setup                             0   +433   33948 F             
- - - - - - - - - - - - - - - - - - - - - - - - - - - - - - - - - - - - - - - - - - - - - - - - - -
(clock sys_clk)                   capture                                      41665 F             
                                  uncertainty                          -2000   39665 F             
---------------------------------------------------------------------------------------------------
Cost Group   : 'cg_enable_group_sys_clk' (path_group 'cg_enable_group_sys_clk')
Timing slack :    5717ps 
Start-point  : tx_wr_en
End-point    : tx_inst/fifo_inst/memory_inst/pow_opt_RC_CG_HIER_INST12/RC_CGIC_INST/E

(u) : Net has unmapped pin(s).

path   8:

            Pin                        Type          Fanout Load Slew  Delay Arrival   Location    
                                      (Domain)              (fF) (ps)  (ps)    (ps)       (x,   y) 
---------------------------------------------------------------------------------------------------
(clock sys_clk)                   launch                                           0 R             
(constraint.sdc_line_15_3_1)      ext delay                           +33000   33000 F             
tx_wr_en                     (u)  in port                 1  6.0   48    +31   33031 F             
tx_inst/wr_en 
  fifo_inst/wr_en 
    write_pointer_inst/wr_en 
      g40/in_0                                                            +0   33031               
      g40/z                  (u)  unmapped_complex2       6 45.7    0   +224   33255 F             
    write_pointer_inst/can_write 
    memory_inst/can_write 
      g470/in_0                                                           +0   33255               
      g470/z                 (u)  unmapped_complex2       5 31.0    0   +203   33458 R             
      g486/in_1                                                           +0   33458               
      g486/z                 (u)  unmapped_nor2           1  9.7    0    +57   33515 F             
      pow_opt_RC_CG_HIER_INST10/enable 
        RC_CGIC_INST/E            ICGPRECX1(slow)                         +0   33515               
        RC_CGIC_INST/CK           setup                             0   +433   33948 F             
- - - - - - - - - - - - - - - - - - - - - - - - - - - - - - - - - - - - - - - - - - - - - - - - - -
(clock sys_clk)                   capture                                      41665 F             
                                  uncertainty                          -2000   39665 F             
---------------------------------------------------------------------------------------------------
Cost Group   : 'cg_enable_group_sys_clk' (path_group 'cg_enable_group_sys_clk')
Timing slack :    5717ps 
Start-point  : tx_wr_en
End-point    : tx_inst/fifo_inst/memory_inst/pow_opt_RC_CG_HIER_INST10/RC_CGIC_INST/E

(u) : Net has unmapped pin(s).

path   9:

            Pin                        Type          Fanout Load Slew  Delay Arrival   Location    
                                      (Domain)              (fF) (ps)  (ps)    (ps)       (x,   y) 
---------------------------------------------------------------------------------------------------
(clock sys_clk)                   launch                                           0 R             
(constraint.sdc_line_15_3_1)      ext delay                           +33000   33000 F             
tx_wr_en                     (u)  in port                 1  6.0   48    +31   33031 F             
tx_inst/wr_en 
  fifo_inst/wr_en 
    write_pointer_inst/wr_en 
      g40/in_0                                                            +0   33031               
      g40/z                  (u)  unmapped_complex2       6 45.7    0   +224   33255 F             
    write_pointer_inst/can_write 
    memory_inst/can_write 
      g467/in_1                                                           +0   33255               
      g467/z                 (u)  unmapped_complex2       4 24.8    0   +182   33437 R             
      g494/in_0                                                           +0   33437               
      g494/z                 (u)  unmapped_nor2           1  9.7    0    +57   33494 F             
      pow_opt_RC_CG_HIER_INST8/enable 
        RC_CGIC_INST/E            ICGPRECX1(slow)                         +0   33494               
        RC_CGIC_INST/CK           setup                             0   +433   33927 F             
- - - - - - - - - - - - - - - - - - - - - - - - - - - - - - - - - - - - - - - - - - - - - - - - - -
(clock sys_clk)                   capture                                      41665 F             
                                  uncertainty                          -2000   39665 F             
---------------------------------------------------------------------------------------------------
Cost Group   : 'cg_enable_group_sys_clk' (path_group 'cg_enable_group_sys_clk')
Timing slack :    5738ps 
Start-point  : tx_wr_en
End-point    : tx_inst/fifo_inst/memory_inst/pow_opt_RC_CG_HIER_INST8/RC_CGIC_INST/E

(u) : Net has unmapped pin(s).

path  10:

            Pin                        Type          Fanout Load Slew  Delay Arrival   Location    
                                      (Domain)              (fF) (ps)  (ps)    (ps)       (x,   y) 
---------------------------------------------------------------------------------------------------
(clock sys_clk)                   launch                                           0 R             
(constraint.sdc_line_15_3_1)      ext delay                           +33000   33000 F             
tx_wr_en                     (u)  in port                 1  6.0   48    +31   33031 F             
tx_inst/wr_en 
  fifo_inst/wr_en 
    write_pointer_inst/wr_en 
      g40/in_0                                                            +0   33031               
      g40/z                  (u)  unmapped_complex2       6 45.7    0   +224   33255 F             
    write_pointer_inst/can_write 
    memory_inst/can_write 
      g467/in_1                                                           +0   33255               
      g467/z                 (u)  unmapped_complex2       4 24.8    0   +182   33437 R             
      g495/in_1                                                           +0   33437               
      g495/z                 (u)  unmapped_nor2           1  9.7    0    +57   33494 F             
      pow_opt_RC_CG_HIER_INST7/enable 
        RC_CGIC_INST/E            ICGPRECX1(slow)                         +0   33494               
        RC_CGIC_INST/CK           setup                             0   +433   33927 F             
- - - - - - - - - - - - - - - - - - - - - - - - - - - - - - - - - - - - - - - - - - - - - - - - - -
(clock sys_clk)                   capture                                      41665 F             
                                  uncertainty                          -2000   39665 F             
---------------------------------------------------------------------------------------------------
Cost Group   : 'cg_enable_group_sys_clk' (path_group 'cg_enable_group_sys_clk')
Timing slack :    5738ps 
Start-point  : tx_wr_en
End-point    : tx_inst/fifo_inst/memory_inst/pow_opt_RC_CG_HIER_INST7/RC_CGIC_INST/E

(u) : Net has unmapped pin(s).

path  11:

            Pin                        Type          Fanout Load Slew  Delay Arrival   Location    
                                      (Domain)              (fF) (ps)  (ps)    (ps)       (x,   y) 
---------------------------------------------------------------------------------------------------
(clock sys_clk)                   launch                                           0 R             
(constraint.sdc_line_15_3_1)      ext delay                           +33000   33000 F             
tx_wr_en                     (u)  in port                 1  6.0   48    +31   33031 F             
tx_inst/wr_en 
  fifo_inst/wr_en 
    write_pointer_inst/wr_en 
      g40/in_0                                                            +0   33031               
      g40/z                  (u)  unmapped_complex2       6 45.7    0   +224   33255 F             
    write_pointer_inst/can_write 
    memory_inst/can_write 
      g469/in_1                                                           +0   33255               
      g469/z                 (u)  unmapped_complex2       4 24.8    0   +182   33437 R             
      g490/in_0                                                           +0   33437               
      g490/z                 (u)  unmapped_nor2           1  9.7    0    +57   33494 F             
      pow_opt_RC_CG_HIER_INST6/enable 
        RC_CGIC_INST/E            ICGPRECX1(slow)                         +0   33494               
        RC_CGIC_INST/CK           setup                             0   +433   33927 F             
- - - - - - - - - - - - - - - - - - - - - - - - - - - - - - - - - - - - - - - - - - - - - - - - - -
(clock sys_clk)                   capture                                      41665 F             
                                  uncertainty                          -2000   39665 F             
---------------------------------------------------------------------------------------------------
Cost Group   : 'cg_enable_group_sys_clk' (path_group 'cg_enable_group_sys_clk')
Timing slack :    5738ps 
Start-point  : tx_wr_en
End-point    : tx_inst/fifo_inst/memory_inst/pow_opt_RC_CG_HIER_INST6/RC_CGIC_INST/E

(u) : Net has unmapped pin(s).

path  12:

            Pin                        Type          Fanout Load Slew  Delay Arrival   Location    
                                      (Domain)              (fF) (ps)  (ps)    (ps)       (x,   y) 
---------------------------------------------------------------------------------------------------
(clock sys_clk)                   launch                                           0 R             
(constraint.sdc_line_15_3_1)      ext delay                           +33000   33000 F             
tx_wr_en                     (u)  in port                 1  6.0   48    +31   33031 F             
tx_inst/wr_en 
  fifo_inst/wr_en 
    write_pointer_inst/wr_en 
      g40/in_0                                                            +0   33031               
      g40/z                  (u)  unmapped_complex2       6 45.7    0   +224   33255 F             
    write_pointer_inst/can_write 
    memory_inst/can_write 
      g469/in_1                                                           +0   33255               
      g469/z                 (u)  unmapped_complex2       4 24.8    0   +182   33437 R             
      g481/in_1                                                           +0   33437               
      g481/z                 (u)  unmapped_nor2           1  9.7    0    +57   33494 F             
      pow_opt_RC_CG_HIER_INST5/enable 
        RC_CGIC_INST/E            ICGPRECX1(slow)                         +0   33494               
        RC_CGIC_INST/CK           setup                             0   +433   33927 F             
- - - - - - - - - - - - - - - - - - - - - - - - - - - - - - - - - - - - - - - - - - - - - - - - - -
(clock sys_clk)                   capture                                      41665 F             
                                  uncertainty                          -2000   39665 F             
---------------------------------------------------------------------------------------------------
Cost Group   : 'cg_enable_group_sys_clk' (path_group 'cg_enable_group_sys_clk')
Timing slack :    5738ps 
Start-point  : tx_wr_en
End-point    : tx_inst/fifo_inst/memory_inst/pow_opt_RC_CG_HIER_INST5/RC_CGIC_INST/E

(u) : Net has unmapped pin(s).

path  13:

            Pin                        Type          Fanout Load Slew  Delay Arrival   Location    
                                      (Domain)              (fF) (ps)  (ps)    (ps)       (x,   y) 
---------------------------------------------------------------------------------------------------
(clock sys_clk)                   launch                                           0 R             
(constraint.sdc_line_15_3_1)      ext delay                           +33000   33000 F             
tx_wr_en                     (u)  in port                 1  6.0   48    +31   33031 F             
tx_inst/wr_en 
  fifo_inst/wr_en 
    write_pointer_inst/wr_en 
      g40/in_0                                                            +0   33031               
      g40/z                  (u)  unmapped_complex2       6 45.7    0   +224   33255 F             
    write_pointer_inst/can_write 
    memory_inst/can_write 
      g467/in_1                                                           +0   33255               
      g467/z                 (u)  unmapped_complex2       4 24.8    0   +182   33437 R             
      g488/in_0                                                           +0   33437               
      g488/z                 (u)  unmapped_nor2           1  9.7    0    +57   33494 F             
      pow_opt_RC_CG_HIER_INST4/enable 
        RC_CGIC_INST/E            ICGPRECX1(slow)                         +0   33494               
        RC_CGIC_INST/CK           setup                             0   +433   33927 F             
- - - - - - - - - - - - - - - - - - - - - - - - - - - - - - - - - - - - - - - - - - - - - - - - - -
(clock sys_clk)                   capture                                      41665 F             
                                  uncertainty                          -2000   39665 F             
---------------------------------------------------------------------------------------------------
Cost Group   : 'cg_enable_group_sys_clk' (path_group 'cg_enable_group_sys_clk')
Timing slack :    5738ps 
Start-point  : tx_wr_en
End-point    : tx_inst/fifo_inst/memory_inst/pow_opt_RC_CG_HIER_INST4/RC_CGIC_INST/E

(u) : Net has unmapped pin(s).

path  14:

            Pin                        Type          Fanout Load Slew  Delay Arrival   Location    
                                      (Domain)              (fF) (ps)  (ps)    (ps)       (x,   y) 
---------------------------------------------------------------------------------------------------
(clock sys_clk)                   launch                                           0 R             
(constraint.sdc_line_15_3_1)      ext delay                           +33000   33000 F             
tx_wr_en                     (u)  in port                 1  6.0   48    +31   33031 F             
tx_inst/wr_en 
  fifo_inst/wr_en 
    write_pointer_inst/wr_en 
      g40/in_0                                                            +0   33031               
      g40/z                  (u)  unmapped_complex2       6 45.7    0   +224   33255 F             
    write_pointer_inst/can_write 
    memory_inst/can_write 
      g467/in_1                                                           +0   33255               
      g467/z                 (u)  unmapped_complex2       4 24.8    0   +182   33437 R             
      g482/in_1                                                           +0   33437               
      g482/z                 (u)  unmapped_nor2           1  9.7    0    +57   33494 F             
      pow_opt_RC_CG_HIER_INST3/enable 
        RC_CGIC_INST/E            ICGPRECX1(slow)                         +0   33494               
        RC_CGIC_INST/CK           setup                             0   +433   33927 F             
- - - - - - - - - - - - - - - - - - - - - - - - - - - - - - - - - - - - - - - - - - - - - - - - - -
(clock sys_clk)                   capture                                      41665 F             
                                  uncertainty                          -2000   39665 F             
---------------------------------------------------------------------------------------------------
Cost Group   : 'cg_enable_group_sys_clk' (path_group 'cg_enable_group_sys_clk')
Timing slack :    5738ps 
Start-point  : tx_wr_en
End-point    : tx_inst/fifo_inst/memory_inst/pow_opt_RC_CG_HIER_INST3/RC_CGIC_INST/E

(u) : Net has unmapped pin(s).

path  15:

            Pin                        Type          Fanout Load Slew  Delay Arrival   Location    
                                      (Domain)              (fF) (ps)  (ps)    (ps)       (x,   y) 
---------------------------------------------------------------------------------------------------
(clock sys_clk)                   launch                                           0 R             
(constraint.sdc_line_15_3_1)      ext delay                           +33000   33000 F             
tx_wr_en                     (u)  in port                 1  6.0   48    +31   33031 F             
tx_inst/wr_en 
  fifo_inst/wr_en 
    write_pointer_inst/wr_en 
      g40/in_0                                                            +0   33031               
      g40/z                  (u)  unmapped_complex2       6 45.7    0   +224   33255 F             
    write_pointer_inst/can_write 
    memory_inst/can_write 
      g469/in_1                                                           +0   33255               
      g469/z                 (u)  unmapped_complex2       4 24.8    0   +182   33437 R             
      g484/in_0                                                           +0   33437               
      g484/z                 (u)  unmapped_nor2           1  9.7    0    +57   33494 F             
      pow_opt_RC_CG_HIER_INST2/enable 
        RC_CGIC_INST/E            ICGPRECX1(slow)                         +0   33494               
        RC_CGIC_INST/CK           setup                             0   +433   33927 F             
- - - - - - - - - - - - - - - - - - - - - - - - - - - - - - - - - - - - - - - - - - - - - - - - - -
(clock sys_clk)                   capture                                      41665 F             
                                  uncertainty                          -2000   39665 F             
---------------------------------------------------------------------------------------------------
Cost Group   : 'cg_enable_group_sys_clk' (path_group 'cg_enable_group_sys_clk')
Timing slack :    5738ps 
Start-point  : tx_wr_en
End-point    : tx_inst/fifo_inst/memory_inst/pow_opt_RC_CG_HIER_INST2/RC_CGIC_INST/E

(u) : Net has unmapped pin(s).

path  16:

            Pin                        Type          Fanout Load Slew  Delay Arrival   Location    
                                      (Domain)              (fF) (ps)  (ps)    (ps)       (x,   y) 
---------------------------------------------------------------------------------------------------
(clock sys_clk)                   launch                                           0 R             
(constraint.sdc_line_15_3_1)      ext delay                           +33000   33000 F             
tx_wr_en                     (u)  in port                 1  6.0   48    +31   33031 F             
tx_inst/wr_en 
  fifo_inst/wr_en 
    write_pointer_inst/wr_en 
      g40/in_0                                                            +0   33031               
      g40/z                  (u)  unmapped_complex2       6 45.7    0   +224   33255 F             
    write_pointer_inst/can_write 
    memory_inst/can_write 
      g469/in_1                                                           +0   33255               
      g469/z                 (u)  unmapped_complex2       4 24.8    0   +182   33437 R             
      g496/in_1                                                           +0   33437               
      g496/z                 (u)  unmapped_nor2           1  9.7    0    +57   33494 F             
      pow_opt_RC_CG_HIER_INST1/enable 
        RC_CGIC_INST/E            ICGPRECX1(slow)                         +0   33494               
        RC_CGIC_INST/CK           setup                             0   +433   33927 F             
- - - - - - - - - - - - - - - - - - - - - - - - - - - - - - - - - - - - - - - - - - - - - - - - - -
(clock sys_clk)                   capture                                      41665 F             
                                  uncertainty                          -2000   39665 F             
---------------------------------------------------------------------------------------------------
Cost Group   : 'cg_enable_group_sys_clk' (path_group 'cg_enable_group_sys_clk')
Timing slack :    5738ps 
Start-point  : tx_wr_en
End-point    : tx_inst/fifo_inst/memory_inst/pow_opt_RC_CG_HIER_INST1/RC_CGIC_INST/E

(u) : Net has unmapped pin(s).

path  17:

            Pin                        Type          Fanout Load Slew  Delay Arrival   Location    
                                      (Domain)              (fF) (ps)  (ps)    (ps)       (x,   y) 
---------------------------------------------------------------------------------------------------
(clock sys_clk)                   launch                                           0 R             
(constraint.sdc_line_15_3_1)      ext delay                           +33000   33000 F             
tx_wr_en                     (u)  in port                 1  6.0   48    +31   33031 F             
tx_inst/wr_en 
  fifo_inst/wr_en 
    write_pointer_inst/wr_en 
      g40/in_0                                                            +0   33031               
      g40/z                  (u)  unmapped_complex2       6 45.7    0   +224   33255 F             
      pow_opt_RC_CG_HIER_INST18/enable 
        RC_CGIC_INST/E            ICGPRECX1(slow)                         +0   33255               
        RC_CGIC_INST/CK           setup                             0   +433   33688 F             
- - - - - - - - - - - - - - - - - - - - - - - - - - - - - - - - - - - - - - - - - - - - - - - - - -
(clock sys_clk)                   capture                                      41665 F             
                                  uncertainty                          -2000   39665 F             
---------------------------------------------------------------------------------------------------
Cost Group   : 'cg_enable_group_sys_clk' (path_group 'cg_enable_group_sys_clk')
Timing slack :    5977ps 
Start-point  : tx_wr_en
End-point    : tx_inst/fifo_inst/write_pointer_inst/pow_opt_RC_CG_HIER_INST18/RC_CGIC_INST/E

(u) : Net has unmapped pin(s).

path  18:

            Pin                        Type          Fanout Load Slew  Delay Arrival   Location    
                                      (Domain)              (fF) (ps)  (ps)    (ps)       (x,   y) 
---------------------------------------------------------------------------------------------------
(clock sys_clk)                   launch                                           0 R             
(constraint.sdc_line_15_2_1)      ext delay                           +33000   33000 F             
rx_read_en                   (u)  in port                 1  6.0   48    +31   33031 F             
rx_inst/read_en 
  fifo_inst/rd_en 
    read_pointer_inst/rd_en 
      g40/in_0                                                            +0   33031               
      g40/z                  (u)  unmapped_complex2       5 39.4    0   +203   33234 F             
      pow_opt_RC_CG_HIER_INST17/enable 
        RC_CGIC_INST/E            ICGPRECX1(slow)                         +0   33234               
        RC_CGIC_INST/CK           setup                             0   +433   33667 F             
- - - - - - - - - - - - - - - - - - - - - - - - - - - - - - - - - - - - - - - - - - - - - - - - - -
(clock sys_clk)                   capture                                      41665 F             
                                  uncertainty                          -2000   39665 F             
---------------------------------------------------------------------------------------------------
Cost Group   : 'cg_enable_group_sys_clk' (path_group 'cg_enable_group_sys_clk')
Timing slack :    5998ps 
Start-point  : rx_read_en
End-point    : rx_inst/fifo_inst/read_pointer_inst/pow_opt_RC_CG_HIER_INST17/RC_CGIC_INST/E

(u) : Net has unmapped pin(s).

path  19:

            Pin                        Type          Fanout Load Slew  Delay Arrival   Location    
                                      (Domain)              (fF) (ps)  (ps)    (ps)       (x,   y) 
---------------------------------------------------------------------------------------------------
(clock sys_clk)                   launch                                           0 R             
(constraint.sdc_line_15_2_1)      ext delay                           +33000   33000 F             
rx_read_en                   (u)  in port                 1  6.0   48    +31   33031 F             
rx_inst/read_en 
  fifo_inst/rd_en 
    read_pointer_inst/rd_en 
      g40/in_0                                                            +0   33031               
      g40/z                  (u)  unmapped_complex2       5 39.4    0   +203   33234 F             
    read_pointer_inst/can_read 
    memory_inst/can_read 
      pow_opt_RC_CG_HIER_INST0/enable 
        RC_CGIC_INST/E            ICGPRECX1(slow)                         +0   33234               
        RC_CGIC_INST/CK           setup                             0   +433   33667 F             
- - - - - - - - - - - - - - - - - - - - - - - - - - - - - - - - - - - - - - - - - - - - - - - - - -
(clock sys_clk)                   capture                                      41665 F             
                                  uncertainty                          -2000   39665 F             
---------------------------------------------------------------------------------------------------
Cost Group   : 'cg_enable_group_sys_clk' (path_group 'cg_enable_group_sys_clk')
Timing slack :    5998ps 
Start-point  : rx_read_en
End-point    : rx_inst/fifo_inst/memory_inst/pow_opt_RC_CG_HIER_INST0/RC_CGIC_INST/E

(u) : Net has unmapped pin(s).

path  20:

         Pin                      Type          Fanout Load Slew Delay Arrival   Location    
                                 (Domain)              (fF) (ps)  (ps)   (ps)       (x,   y) 
---------------------------------------------------------------------------------------------
(clock sys_clk)              launch                                          0 R             
rx_inst
  fifo_inst
    state_inst
      f_full_reg/clk                                           0    +0       0 R             
      f_full_reg/q      (u)  unmapped_d_flop         3 30.2    0  +686     686 R             
    state_inst/f_full 
    write_pointer_inst/f_full 
      g40/in_1                                                      +0     686               
      g40/z             (u)  unmapped_complex2       5 39.7    0  +203     890 F             
    write_pointer_inst/can_write 
    memory_inst/can_write 
      g470/in_0                                                     +0     890               
      g470/z            (u)  unmapped_complex2       3 18.6    0  +155    1044 R             
      g465/in_0                                                     +0    1044               
      g465/z            (u)  unmapped_complex2       2 12.4    0  +127    1171 R             
      g457/in_0                                                     +0    1171               
      g457/z            (u)  unmapped_or2            2 12.4    0  +127    1298 R             
      g480/in_0                                                     +0    1298               
      g480/z            (u)  unmapped_nor2           1  9.7    0   +57    1355 F             
      pow_opt_RC_CG_HIER_INST15/enable 
        RC_CGIC_INST/E       ICGPRECX1(slow)                        +0    1355               
        RC_CGIC_INST/CK      setup                             0  +433    1788 F             
- - - - - - - - - - - - - - - - - - - - - - - - - - - - - - - - - - - - - - - - - - - - - - -
(clock sys_clk)              capture                                     41665 F             
                             uncertainty                         -2000   39665 F             
---------------------------------------------------------------------------------------------
Cost Group   : 'cg_enable_group_sys_clk' (path_group 'cg_enable_group_sys_clk')
Timing slack :   37877ps 
Start-point  : rx_inst/fifo_inst/state_inst/f_full_reg/clk
End-point    : rx_inst/fifo_inst/memory_inst/pow_opt_RC_CG_HIER_INST15/RC_CGIC_INST/E

(u) : Net has unmapped pin(s).

path  21:

         Pin                      Type          Fanout Load Slew Delay Arrival   Location    
                                 (Domain)              (fF) (ps)  (ps)   (ps)       (x,   y) 
---------------------------------------------------------------------------------------------
(clock sys_clk)              launch                                          0 R             
rx_inst
  fifo_inst
    state_inst
      f_full_reg/clk                                           0    +0       0 R             
      f_full_reg/q      (u)  unmapped_d_flop         3 30.2    0  +686     686 R             
    state_inst/f_full 
    write_pointer_inst/f_full 
      g40/in_1                                                      +0     686               
      g40/z             (u)  unmapped_complex2       5 39.7    0  +203     890 F             
    write_pointer_inst/can_write 
    memory_inst/can_write 
      g470/in_0                                                     +0     890               
      g470/z            (u)  unmapped_complex2       3 18.6    0  +155    1044 R             
      g465/in_0                                                     +0    1044               
      g465/z            (u)  unmapped_complex2       2 12.4    0  +127    1171 R             
      g457/in_0                                                     +0    1171               
      g457/z            (u)  unmapped_or2            2 12.4    0  +127    1298 R             
      g481/in_0                                                     +0    1298               
      g481/z            (u)  unmapped_complex2       1  9.7    0   +57    1355 F             
      pow_opt_RC_CG_HIER_INST13/enable 
        RC_CGIC_INST/E       ICGPRECX1(slow)                        +0    1355               
        RC_CGIC_INST/CK      setup                             0  +433    1788 F             
- - - - - - - - - - - - - - - - - - - - - - - - - - - - - - - - - - - - - - - - - - - - - - -
(clock sys_clk)              capture                                     41665 F             
                             uncertainty                         -2000   39665 F             
---------------------------------------------------------------------------------------------
Cost Group   : 'cg_enable_group_sys_clk' (path_group 'cg_enable_group_sys_clk')
Timing slack :   37877ps 
Start-point  : rx_inst/fifo_inst/state_inst/f_full_reg/clk
End-point    : rx_inst/fifo_inst/memory_inst/pow_opt_RC_CG_HIER_INST13/RC_CGIC_INST/E

(u) : Net has unmapped pin(s).

path  22:

         Pin                      Type          Fanout Load Slew Delay Arrival   Location    
                                 (Domain)              (fF) (ps)  (ps)   (ps)       (x,   y) 
---------------------------------------------------------------------------------------------
(clock sys_clk)              launch                                          0 R             
rx_inst
  fifo_inst
    state_inst
      f_full_reg/clk                                           0    +0       0 R             
      f_full_reg/q      (u)  unmapped_d_flop         3 30.2    0  +686     686 R             
    state_inst/f_full 
    write_pointer_inst/f_full 
      g40/in_1                                                      +0     686               
      g40/z             (u)  unmapped_complex2       5 39.7    0  +203     890 F             
    write_pointer_inst/can_write 
    memory_inst/can_write 
      g470/in_0                                                     +0     890               
      g470/z            (u)  unmapped_complex2       3 18.6    0  +155    1044 R             
      g465/in_0                                                     +0    1044               
      g465/z            (u)  unmapped_complex2       2 12.4    0  +127    1171 R             
      g456/in_0                                                     +0    1171               
      g456/z            (u)  unmapped_complex2       2 12.4    0  +127    1298 R             
      g483/in_0                                                     +0    1298               
      g483/z            (u)  unmapped_nor2           1  9.7    0   +57    1355 F             
      pow_opt_RC_CG_HIER_INST11/enable 
        RC_CGIC_INST/E       ICGPRECX1(slow)                        +0    1355               
        RC_CGIC_INST/CK      setup                             0  +433    1788 F             
- - - - - - - - - - - - - - - - - - - - - - - - - - - - - - - - - - - - - - - - - - - - - - -
(clock sys_clk)              capture                                     41665 F             
                             uncertainty                         -2000   39665 F             
---------------------------------------------------------------------------------------------
Cost Group   : 'cg_enable_group_sys_clk' (path_group 'cg_enable_group_sys_clk')
Timing slack :   37877ps 
Start-point  : rx_inst/fifo_inst/state_inst/f_full_reg/clk
End-point    : rx_inst/fifo_inst/memory_inst/pow_opt_RC_CG_HIER_INST11/RC_CGIC_INST/E

(u) : Net has unmapped pin(s).

path  23:

         Pin                      Type          Fanout Load Slew Delay Arrival   Location    
                                 (Domain)              (fF) (ps)  (ps)   (ps)       (x,   y) 
---------------------------------------------------------------------------------------------
(clock sys_clk)              launch                                          0 R             
rx_inst
  fifo_inst
    state_inst
      f_full_reg/clk                                           0    +0       0 R             
      f_full_reg/q      (u)  unmapped_d_flop         3 30.2    0  +686     686 R             
    state_inst/f_full 
    write_pointer_inst/f_full 
      g40/in_1                                                      +0     686               
      g40/z             (u)  unmapped_complex2       5 39.7    0  +203     890 F             
    write_pointer_inst/can_write 
    memory_inst/can_write 
      g470/in_0                                                     +0     890               
      g470/z            (u)  unmapped_complex2       3 18.6    0  +155    1044 R             
      g465/in_0                                                     +0    1044               
      g465/z            (u)  unmapped_complex2       2 12.4    0  +127    1171 R             
      g456/in_0                                                     +0    1171               
      g456/z            (u)  unmapped_complex2       2 12.4    0  +127    1298 R             
      g484/in_0                                                     +0    1298               
      g484/z            (u)  unmapped_complex2       1  9.7    0   +57    1355 F             
      pow_opt_RC_CG_HIER_INST9/enable 
        RC_CGIC_INST/E       ICGPRECX1(slow)                        +0    1355               
        RC_CGIC_INST/CK      setup                             0  +433    1788 F             
- - - - - - - - - - - - - - - - - - - - - - - - - - - - - - - - - - - - - - - - - - - - - - -
(clock sys_clk)              capture                                     41665 F             
                             uncertainty                         -2000   39665 F             
---------------------------------------------------------------------------------------------
Cost Group   : 'cg_enable_group_sys_clk' (path_group 'cg_enable_group_sys_clk')
Timing slack :   37877ps 
Start-point  : rx_inst/fifo_inst/state_inst/f_full_reg/clk
End-point    : rx_inst/fifo_inst/memory_inst/pow_opt_RC_CG_HIER_INST9/RC_CGIC_INST/E

(u) : Net has unmapped pin(s).

path  24:

         Pin                      Type          Fanout Load Slew Delay Arrival   Location    
                                 (Domain)              (fF) (ps)  (ps)   (ps)       (x,   y) 
---------------------------------------------------------------------------------------------
(clock sys_clk)              launch                                          0 R             
rx_inst
  fifo_inst
    state_inst
      f_full_reg/clk                                           0    +0       0 R             
      f_full_reg/q      (u)  unmapped_d_flop         3 30.2    0  +686     686 R             
    state_inst/f_full 
    write_pointer_inst/f_full 
      g40/in_1                                                      +0     686               
      g40/z             (u)  unmapped_complex2       5 39.7    0  +203     890 F             
    write_pointer_inst/can_write 
    memory_inst/can_write 
      g467/in_1                                                     +0     890               
      g467/z            (u)  unmapped_nand2          2 12.4    0  +127    1016 R             
      g466/in_0                                                     +0    1016               
      g466/z            (u)  unmapped_or2            3 18.6    0  +155    1171 R             
      g461/in_0                                                     +0    1171               
      g461/z            (u)  unmapped_complex2       2 12.4    0  +127    1298 R             
      g482/in_0                                                     +0    1298               
      g482/z            (u)  unmapped_nor2           1  9.7    0   +57    1355 F             
      pow_opt_RC_CG_HIER_INST7/enable 
        RC_CGIC_INST/E       ICGPRECX1(slow)                        +0    1355               
        RC_CGIC_INST/CK      setup                             0  +433    1788 F             
- - - - - - - - - - - - - - - - - - - - - - - - - - - - - - - - - - - - - - - - - - - - - - -
(clock sys_clk)              capture                                     41665 F             
                             uncertainty                         -2000   39665 F             
---------------------------------------------------------------------------------------------
Cost Group   : 'cg_enable_group_sys_clk' (path_group 'cg_enable_group_sys_clk')
Timing slack :   37877ps 
Start-point  : rx_inst/fifo_inst/state_inst/f_full_reg/clk
End-point    : rx_inst/fifo_inst/memory_inst/pow_opt_RC_CG_HIER_INST7/RC_CGIC_INST/E

(u) : Net has unmapped pin(s).

path  25:

         Pin                      Type          Fanout Load Slew Delay Arrival   Location    
                                 (Domain)              (fF) (ps)  (ps)   (ps)       (x,   y) 
---------------------------------------------------------------------------------------------
(clock sys_clk)              launch                                          0 R             
rx_inst
  fifo_inst
    state_inst
      f_full_reg/clk                                           0    +0       0 R             
      f_full_reg/q      (u)  unmapped_d_flop         3 30.2    0  +686     686 R             
    state_inst/f_full 
    write_pointer_inst/f_full 
      g40/in_1                                                      +0     686               
      g40/z             (u)  unmapped_complex2       5 39.7    0  +203     890 F             
    write_pointer_inst/can_write 
    memory_inst/can_write 
      g467/in_1                                                     +0     890               
      g467/z            (u)  unmapped_nand2          2 12.4    0  +127    1016 R             
      g462/in_0                                                     +0    1016               
      g462/z            (u)  unmapped_complex2       3 18.6    0  +155    1171 R             
      g458/in_0                                                     +0    1171               
      g458/z            (u)  unmapped_complex2       2 12.4    0  +127    1298 R             
      g486/in_0                                                     +0    1298               
      g486/z            (u)  unmapped_nor2           1  9.7    0   +57    1355 F             
      pow_opt_RC_CG_HIER_INST5/enable 
        RC_CGIC_INST/E       ICGPRECX1(slow)                        +0    1355               
        RC_CGIC_INST/CK      setup                             0  +433    1788 F             
- - - - - - - - - - - - - - - - - - - - - - - - - - - - - - - - - - - - - - - - - - - - - - -
(clock sys_clk)              capture                                     41665 F             
                             uncertainty                         -2000   39665 F             
---------------------------------------------------------------------------------------------
Cost Group   : 'cg_enable_group_sys_clk' (path_group 'cg_enable_group_sys_clk')
Timing slack :   37877ps 
Start-point  : rx_inst/fifo_inst/state_inst/f_full_reg/clk
End-point    : rx_inst/fifo_inst/memory_inst/pow_opt_RC_CG_HIER_INST5/RC_CGIC_INST/E

(u) : Net has unmapped pin(s).

path  26:

         Pin                      Type          Fanout Load Slew Delay Arrival   Location    
                                 (Domain)              (fF) (ps)  (ps)   (ps)       (x,   y) 
---------------------------------------------------------------------------------------------
(clock sys_clk)              launch                                          0 R             
rx_inst
  fifo_inst
    state_inst
      f_full_reg/clk                                           0    +0       0 R             
      f_full_reg/q      (u)  unmapped_d_flop         3 30.2    0  +686     686 R             
    state_inst/f_full 
    write_pointer_inst/f_full 
      g40/in_1                                                      +0     686               
      g40/z             (u)  unmapped_complex2       5 39.7    0  +203     890 F             
    write_pointer_inst/can_write 
    memory_inst/can_write 
      g467/in_1                                                     +0     890               
      g467/z            (u)  unmapped_nand2          2 12.4    0  +127    1016 R             
      g466/in_0                                                     +0    1016               
      g466/z            (u)  unmapped_or2            3 18.6    0  +155    1171 R             
      g461/in_0                                                     +0    1171               
      g461/z            (u)  unmapped_complex2       2 12.4    0  +127    1298 R             
      g485/in_0                                                     +0    1298               
      g485/z            (u)  unmapped_complex2       1  9.7    0   +57    1355 F             
      pow_opt_RC_CG_HIER_INST3/enable 
        RC_CGIC_INST/E       ICGPRECX1(slow)                        +0    1355               
        RC_CGIC_INST/CK      setup                             0  +433    1788 F             
- - - - - - - - - - - - - - - - - - - - - - - - - - - - - - - - - - - - - - - - - - - - - - -
(clock sys_clk)              capture                                     41665 F             
                             uncertainty                         -2000   39665 F             
---------------------------------------------------------------------------------------------
Cost Group   : 'cg_enable_group_sys_clk' (path_group 'cg_enable_group_sys_clk')
Timing slack :   37877ps 
Start-point  : rx_inst/fifo_inst/state_inst/f_full_reg/clk
End-point    : rx_inst/fifo_inst/memory_inst/pow_opt_RC_CG_HIER_INST3/RC_CGIC_INST/E

(u) : Net has unmapped pin(s).

path  27:

         Pin                      Type          Fanout Load Slew Delay Arrival   Location    
                                 (Domain)              (fF) (ps)  (ps)   (ps)       (x,   y) 
---------------------------------------------------------------------------------------------
(clock sys_clk)              launch                                          0 R             
rx_inst
  fifo_inst
    state_inst
      f_full_reg/clk                                           0    +0       0 R             
      f_full_reg/q      (u)  unmapped_d_flop         3 30.2    0  +686     686 R             
    state_inst/f_full 
    write_pointer_inst/f_full 
      g40/in_1                                                      +0     686               
      g40/z             (u)  unmapped_complex2       5 39.7    0  +203     890 F             
    write_pointer_inst/can_write 
    memory_inst/can_write 
      g467/in_1                                                     +0     890               
      g467/z            (u)  unmapped_nand2          2 12.4    0  +127    1016 R             
      g462/in_0                                                     +0    1016               
      g462/z            (u)  unmapped_complex2       3 18.6    0  +155    1171 R             
      g458/in_0                                                     +0    1171               
      g458/z            (u)  unmapped_complex2       2 12.4    0  +127    1298 R             
      g479/in_0                                                     +0    1298               
      g479/z            (u)  unmapped_complex2       1  9.7    0   +57    1355 F             
      pow_opt_RC_CG_HIER_INST1/enable 
        RC_CGIC_INST/E       ICGPRECX1(slow)                        +0    1355               
        RC_CGIC_INST/CK      setup                             0  +433    1788 F             
- - - - - - - - - - - - - - - - - - - - - - - - - - - - - - - - - - - - - - - - - - - - - - -
(clock sys_clk)              capture                                     41665 F             
                             uncertainty                         -2000   39665 F             
---------------------------------------------------------------------------------------------
Cost Group   : 'cg_enable_group_sys_clk' (path_group 'cg_enable_group_sys_clk')
Timing slack :   37877ps 
Start-point  : rx_inst/fifo_inst/state_inst/f_full_reg/clk
End-point    : rx_inst/fifo_inst/memory_inst/pow_opt_RC_CG_HIER_INST1/RC_CGIC_INST/E

(u) : Net has unmapped pin(s).

path  28:

         Pin                      Type          Fanout Load Slew Delay Arrival   Location    
                                 (Domain)              (fF) (ps)  (ps)   (ps)       (x,   y) 
---------------------------------------------------------------------------------------------
(clock sys_clk)              launch                                          0 R             
rx_inst
  fifo_inst
    state_inst
      f_full_reg/clk                                           0    +0       0 R             
      f_full_reg/q      (u)  unmapped_d_flop         3 30.2    0  +686     686 R             
    state_inst/f_full 
    write_pointer_inst/f_full 
      g40/in_1                                                      +0     686               
      g40/z             (u)  unmapped_complex2       5 39.7    0  +203     890 F             
    write_pointer_inst/can_write 
    memory_inst/can_write 
      g470/in_0                                                     +0     890               
      g470/z            (u)  unmapped_complex2       3 18.6    0  +155    1044 R             
      g464/in_0                                                     +0    1044               
      g464/z            (u)  unmapped_or2            2 12.4    0  +127    1171 R             
      g476/in_0                                                     +0    1171               
      g476/z            (u)  unmapped_nor2           1  9.7    0   +57    1228 F             
      pow_opt_RC_CG_HIER_INST16/enable 
        RC_CGIC_INST/E       ICGPRECX1(slow)                        +0    1228               
        RC_CGIC_INST/CK      setup                             0  +433    1661 F             
- - - - - - - - - - - - - - - - - - - - - - - - - - - - - - - - - - - - - - - - - - - - - - -
(clock sys_clk)              capture                                     41665 F             
                             uncertainty                         -2000   39665 F             
---------------------------------------------------------------------------------------------
Cost Group   : 'cg_enable_group_sys_clk' (path_group 'cg_enable_group_sys_clk')
Timing slack :   38004ps 
Start-point  : rx_inst/fifo_inst/state_inst/f_full_reg/clk
End-point    : rx_inst/fifo_inst/memory_inst/pow_opt_RC_CG_HIER_INST16/RC_CGIC_INST/E

(u) : Net has unmapped pin(s).

path  29:

         Pin                      Type          Fanout Load Slew Delay Arrival   Location    
                                 (Domain)              (fF) (ps)  (ps)   (ps)       (x,   y) 
---------------------------------------------------------------------------------------------
(clock sys_clk)              launch                                          0 R             
rx_inst
  fifo_inst
    state_inst
      f_full_reg/clk                                           0    +0       0 R             
      f_full_reg/q      (u)  unmapped_d_flop         3 30.2    0  +686     686 R             
    state_inst/f_full 
    write_pointer_inst/f_full 
      g40/in_1                                                      +0     686               
      g40/z             (u)  unmapped_complex2       5 39.7    0  +203     890 F             
    write_pointer_inst/can_write 
    memory_inst/can_write 
      g470/in_0                                                     +0     890               
      g470/z            (u)  unmapped_complex2       3 18.6    0  +155    1044 R             
      g464/in_0                                                     +0    1044               
      g464/z            (u)  unmapped_or2            2 12.4    0  +127    1171 R             
      g475/in_0                                                     +0    1171               
      g475/z            (u)  unmapped_complex2       1  9.7    0   +57    1228 F             
      pow_opt_RC_CG_HIER_INST14/enable 
        RC_CGIC_INST/E       ICGPRECX1(slow)                        +0    1228               
        RC_CGIC_INST/CK      setup                             0  +433    1661 F             
- - - - - - - - - - - - - - - - - - - - - - - - - - - - - - - - - - - - - - - - - - - - - - -
(clock sys_clk)              capture                                     41665 F             
                             uncertainty                         -2000   39665 F             
---------------------------------------------------------------------------------------------
Cost Group   : 'cg_enable_group_sys_clk' (path_group 'cg_enable_group_sys_clk')
Timing slack :   38004ps 
Start-point  : rx_inst/fifo_inst/state_inst/f_full_reg/clk
End-point    : rx_inst/fifo_inst/memory_inst/pow_opt_RC_CG_HIER_INST14/RC_CGIC_INST/E

(u) : Net has unmapped pin(s).

path  30:

         Pin                      Type          Fanout Load Slew Delay Arrival   Location    
                                 (Domain)              (fF) (ps)  (ps)   (ps)       (x,   y) 
---------------------------------------------------------------------------------------------
(clock sys_clk)              launch                                          0 R             
rx_inst
  fifo_inst
    state_inst
      f_full_reg/clk                                           0    +0       0 R             
      f_full_reg/q      (u)  unmapped_d_flop         3 30.2    0  +686     686 R             
    state_inst/f_full 
    write_pointer_inst/f_full 
      g40/in_1                                                      +0     686               
      g40/z             (u)  unmapped_complex2       5 39.7    0  +203     890 F             
    write_pointer_inst/can_write 
    memory_inst/can_write 
      g470/in_0                                                     +0     890               
      g470/z            (u)  unmapped_complex2       3 18.6    0  +155    1044 R             
      g463/in_1                                                     +0    1044               
      g463/z            (u)  unmapped_or2            2 12.4    0  +127    1171 R             
      g472/in_0                                                     +0    1171               
      g472/z            (u)  unmapped_nor2           1  9.7    0   +57    1228 F             
      pow_opt_RC_CG_HIER_INST12/enable 
        RC_CGIC_INST/E       ICGPRECX1(slow)                        +0    1228               
        RC_CGIC_INST/CK      setup                             0  +433    1661 F             
- - - - - - - - - - - - - - - - - - - - - - - - - - - - - - - - - - - - - - - - - - - - - - -
(clock sys_clk)              capture                                     41665 F             
                             uncertainty                         -2000   39665 F             
---------------------------------------------------------------------------------------------
Cost Group   : 'cg_enable_group_sys_clk' (path_group 'cg_enable_group_sys_clk')
Timing slack :   38004ps 
Start-point  : rx_inst/fifo_inst/state_inst/f_full_reg/clk
End-point    : rx_inst/fifo_inst/memory_inst/pow_opt_RC_CG_HIER_INST12/RC_CGIC_INST/E

(u) : Net has unmapped pin(s).

path  31:

         Pin                      Type          Fanout Load Slew Delay Arrival   Location    
                                 (Domain)              (fF) (ps)  (ps)   (ps)       (x,   y) 
---------------------------------------------------------------------------------------------
(clock sys_clk)              launch                                          0 R             
rx_inst
  fifo_inst
    state_inst
      f_full_reg/clk                                           0    +0       0 R             
      f_full_reg/q      (u)  unmapped_d_flop         3 30.2    0  +686     686 R             
    state_inst/f_full 
    write_pointer_inst/f_full 
      g40/in_1                                                      +0     686               
      g40/z             (u)  unmapped_complex2       5 39.7    0  +203     890 F             
    write_pointer_inst/can_write 
    memory_inst/can_write 
      g470/in_0                                                     +0     890               
      g470/z            (u)  unmapped_complex2       3 18.6    0  +155    1044 R             
      g463/in_1                                                     +0    1044               
      g463/z            (u)  unmapped_or2            2 12.4    0  +127    1171 R             
      g473/in_0                                                     +0    1171               
      g473/z            (u)  unmapped_complex2       1  9.7    0   +57    1228 F             
      pow_opt_RC_CG_HIER_INST10/enable 
        RC_CGIC_INST/E       ICGPRECX1(slow)                        +0    1228               
        RC_CGIC_INST/CK      setup                             0  +433    1661 F             
- - - - - - - - - - - - - - - - - - - - - - - - - - - - - - - - - - - - - - - - - - - - - - -
(clock sys_clk)              capture                                     41665 F             
                             uncertainty                         -2000   39665 F             
---------------------------------------------------------------------------------------------
Cost Group   : 'cg_enable_group_sys_clk' (path_group 'cg_enable_group_sys_clk')
Timing slack :   38004ps 
Start-point  : rx_inst/fifo_inst/state_inst/f_full_reg/clk
End-point    : rx_inst/fifo_inst/memory_inst/pow_opt_RC_CG_HIER_INST10/RC_CGIC_INST/E

(u) : Net has unmapped pin(s).

path  32:

         Pin                      Type          Fanout Load Slew Delay Arrival   Location    
                                 (Domain)              (fF) (ps)  (ps)   (ps)       (x,   y) 
---------------------------------------------------------------------------------------------
(clock sys_clk)              launch                                          0 R             
rx_inst
  fifo_inst
    state_inst
      f_full_reg/clk                                           0    +0       0 R             
      f_full_reg/q      (u)  unmapped_d_flop         3 30.2    0  +686     686 R             
    state_inst/f_full 
    write_pointer_inst/f_full 
      g40/in_1                                                      +0     686               
      g40/z             (u)  unmapped_complex2       5 39.7    0  +203     890 F             
    write_pointer_inst/can_write 
    memory_inst/can_write 
      g467/in_1                                                     +0     890               
      g467/z            (u)  unmapped_nand2          2 12.4    0  +127    1016 R             
      g466/in_0                                                     +0    1016               
      g466/z            (u)  unmapped_or2            3 18.6    0  +155    1171 R             
      g471/in_0                                                     +0    1171               
      g471/z            (u)  unmapped_nor2           1  9.7    0   +57    1228 F             
      pow_opt_RC_CG_HIER_INST8/enable 
        RC_CGIC_INST/E       ICGPRECX1(slow)                        +0    1228               
        RC_CGIC_INST/CK      setup                             0  +433    1661 F             
- - - - - - - - - - - - - - - - - - - - - - - - - - - - - - - - - - - - - - - - - - - - - - -
(clock sys_clk)              capture                                     41665 F             
                             uncertainty                         -2000   39665 F             
---------------------------------------------------------------------------------------------
Cost Group   : 'cg_enable_group_sys_clk' (path_group 'cg_enable_group_sys_clk')
Timing slack :   38004ps 
Start-point  : rx_inst/fifo_inst/state_inst/f_full_reg/clk
End-point    : rx_inst/fifo_inst/memory_inst/pow_opt_RC_CG_HIER_INST8/RC_CGIC_INST/E

(u) : Net has unmapped pin(s).

path  33:

         Pin                      Type          Fanout Load Slew Delay Arrival   Location    
                                 (Domain)              (fF) (ps)  (ps)   (ps)       (x,   y) 
---------------------------------------------------------------------------------------------
(clock sys_clk)              launch                                          0 R             
rx_inst
  fifo_inst
    state_inst
      f_full_reg/clk                                           0    +0       0 R             
      f_full_reg/q      (u)  unmapped_d_flop         3 30.2    0  +686     686 R             
    state_inst/f_full 
    write_pointer_inst/f_full 
      g40/in_1                                                      +0     686               
      g40/z             (u)  unmapped_complex2       5 39.7    0  +203     890 F             
    write_pointer_inst/can_write 
    memory_inst/can_write 
      g467/in_1                                                     +0     890               
      g467/z            (u)  unmapped_nand2          2 12.4    0  +127    1016 R             
      g462/in_0                                                     +0    1016               
      g462/z            (u)  unmapped_complex2       3 18.6    0  +155    1171 R             
      g474/in_0                                                     +0    1171               
      g474/z            (u)  unmapped_nor2           1  9.7    0   +57    1228 F             
      pow_opt_RC_CG_HIER_INST6/enable 
        RC_CGIC_INST/E       ICGPRECX1(slow)                        +0    1228               
        RC_CGIC_INST/CK      setup                             0  +433    1661 F             
- - - - - - - - - - - - - - - - - - - - - - - - - - - - - - - - - - - - - - - - - - - - - - -
(clock sys_clk)              capture                                     41665 F             
                             uncertainty                         -2000   39665 F             
---------------------------------------------------------------------------------------------
Cost Group   : 'cg_enable_group_sys_clk' (path_group 'cg_enable_group_sys_clk')
Timing slack :   38004ps 
Start-point  : rx_inst/fifo_inst/state_inst/f_full_reg/clk
End-point    : rx_inst/fifo_inst/memory_inst/pow_opt_RC_CG_HIER_INST6/RC_CGIC_INST/E

(u) : Net has unmapped pin(s).

path  34:

         Pin                      Type          Fanout Load Slew Delay Arrival   Location    
                                 (Domain)              (fF) (ps)  (ps)   (ps)       (x,   y) 
---------------------------------------------------------------------------------------------
(clock sys_clk)              launch                                          0 R             
rx_inst
  fifo_inst
    state_inst
      f_full_reg/clk                                           0    +0       0 R             
      f_full_reg/q      (u)  unmapped_d_flop         3 30.2    0  +686     686 R             
    state_inst/f_full 
    write_pointer_inst/f_full 
      g40/in_1                                                      +0     686               
      g40/z             (u)  unmapped_complex2       5 39.7    0  +203     890 F             
    write_pointer_inst/can_write 
    memory_inst/can_write 
      g467/in_1                                                     +0     890               
      g467/z            (u)  unmapped_nand2          2 12.4    0  +127    1016 R             
      g466/in_0                                                     +0    1016               
      g466/z            (u)  unmapped_or2            3 18.6    0  +155    1171 R             
      g478/in_0                                                     +0    1171               
      g478/z            (u)  unmapped_nor2           1  9.7    0   +57    1228 F             
      pow_opt_RC_CG_HIER_INST4/enable 
        RC_CGIC_INST/E       ICGPRECX1(slow)                        +0    1228               
        RC_CGIC_INST/CK      setup                             0  +433    1661 F             
- - - - - - - - - - - - - - - - - - - - - - - - - - - - - - - - - - - - - - - - - - - - - - -
(clock sys_clk)              capture                                     41665 F             
                             uncertainty                         -2000   39665 F             
---------------------------------------------------------------------------------------------
Cost Group   : 'cg_enable_group_sys_clk' (path_group 'cg_enable_group_sys_clk')
Timing slack :   38004ps 
Start-point  : rx_inst/fifo_inst/state_inst/f_full_reg/clk
End-point    : rx_inst/fifo_inst/memory_inst/pow_opt_RC_CG_HIER_INST4/RC_CGIC_INST/E

(u) : Net has unmapped pin(s).

path  35:

         Pin                      Type          Fanout Load Slew Delay Arrival   Location    
                                 (Domain)              (fF) (ps)  (ps)   (ps)       (x,   y) 
---------------------------------------------------------------------------------------------
(clock sys_clk)              launch                                          0 R             
rx_inst
  fifo_inst
    state_inst
      f_full_reg/clk                                           0    +0       0 R             
      f_full_reg/q      (u)  unmapped_d_flop         3 30.2    0  +686     686 R             
    state_inst/f_full 
    write_pointer_inst/f_full 
      g40/in_1                                                      +0     686               
      g40/z             (u)  unmapped_complex2       5 39.7    0  +203     890 F             
    write_pointer_inst/can_write 
    memory_inst/can_write 
      g467/in_1                                                     +0     890               
      g467/z            (u)  unmapped_nand2          2 12.4    0  +127    1016 R             
      g462/in_0                                                     +0    1016               
      g462/z            (u)  unmapped_complex2       3 18.6    0  +155    1171 R             
      g477/in_0                                                     +0    1171               
      g477/z            (u)  unmapped_nor2           1  9.7    0   +57    1228 F             
      pow_opt_RC_CG_HIER_INST2/enable 
        RC_CGIC_INST/E       ICGPRECX1(slow)                        +0    1228               
        RC_CGIC_INST/CK      setup                             0  +433    1661 F             
- - - - - - - - - - - - - - - - - - - - - - - - - - - - - - - - - - - - - - - - - - - - - - -
(clock sys_clk)              capture                                     41665 F             
                             uncertainty                         -2000   39665 F             
---------------------------------------------------------------------------------------------
Cost Group   : 'cg_enable_group_sys_clk' (path_group 'cg_enable_group_sys_clk')
Timing slack :   38004ps 
Start-point  : rx_inst/fifo_inst/state_inst/f_full_reg/clk
End-point    : rx_inst/fifo_inst/memory_inst/pow_opt_RC_CG_HIER_INST2/RC_CGIC_INST/E

(u) : Net has unmapped pin(s).

path  36:

         Pin                      Type          Fanout Load Slew Delay Arrival   Location    
                                 (Domain)              (fF) (ps)  (ps)   (ps)       (x,   y) 
---------------------------------------------------------------------------------------------
(clock sys_clk)              launch                                          0 R             
tx_inst
  fifo_inst
    state_inst
      f_empty_reg/clk                                          0    +0       0 R             
      f_empty_reg/q     (u)  unmapped_d_flop         3 18.6    0  +659     659 R             
    state_inst/f_empty 
  fifo_inst/f_empty 
  g10/in_0                                                          +0     659               
  g10/z                 (u)  unmapped_complex2       1  6.0    0   +98     758 F             
  fifo_inst/rd_en 
    read_pointer_inst/rd_en 
      g40/in_0                                                      +0     758               
      g40/z             (u)  unmapped_complex2       5 39.4    0  +203     961 F             
      pow_opt_RC_CG_HIER_INST17/enable 
        RC_CGIC_INST/E       ICGPRECX1(slow)                        +0     961               
        RC_CGIC_INST/CK      setup                             0  +433    1394 F             
- - - - - - - - - - - - - - - - - - - - - - - - - - - - - - - - - - - - - - - - - - - - - - -
(clock sys_clk)              capture                                     41665 F             
                             uncertainty                         -2000   39665 F             
---------------------------------------------------------------------------------------------
Cost Group   : 'cg_enable_group_sys_clk' (path_group 'cg_enable_group_sys_clk')
Timing slack :   38271ps 
Start-point  : tx_inst/fifo_inst/state_inst/f_empty_reg/clk
End-point    : tx_inst/fifo_inst/read_pointer_inst/pow_opt_RC_CG_HIER_INST17/RC_CGIC_INST/E

(u) : Net has unmapped pin(s).

path  37:

         Pin                      Type          Fanout Load Slew Delay Arrival   Location    
                                 (Domain)              (fF) (ps)  (ps)   (ps)       (x,   y) 
---------------------------------------------------------------------------------------------
(clock sys_clk)              launch                                          0 R             
tx_inst
  fifo_inst
    state_inst
      f_empty_reg/clk                                          0    +0       0 R             
      f_empty_reg/q     (u)  unmapped_d_flop         3 18.6    0  +659     659 R             
    state_inst/f_empty 
  fifo_inst/f_empty 
  g10/in_0                                                          +0     659               
  g10/z                 (u)  unmapped_complex2       1  6.0    0   +98     758 F             
  fifo_inst/rd_en 
    read_pointer_inst/rd_en 
      g40/in_0                                                      +0     758               
      g40/z             (u)  unmapped_complex2       5 39.4    0  +203     961 F             
    read_pointer_inst/can_read 
    memory_inst/can_read 
      pow_opt_RC_CG_HIER_INST0/enable 
        RC_CGIC_INST/E       ICGPRECX1(slow)                        +0     961               
        RC_CGIC_INST/CK      setup                             0  +433    1394 F             
- - - - - - - - - - - - - - - - - - - - - - - - - - - - - - - - - - - - - - - - - - - - - - -
(clock sys_clk)              capture                                     41665 F             
                             uncertainty                         -2000   39665 F             
---------------------------------------------------------------------------------------------
Cost Group   : 'cg_enable_group_sys_clk' (path_group 'cg_enable_group_sys_clk')
Timing slack :   38271ps 
Start-point  : tx_inst/fifo_inst/state_inst/f_empty_reg/clk
End-point    : tx_inst/fifo_inst/memory_inst/pow_opt_RC_CG_HIER_INST0/RC_CGIC_INST/E

(u) : Net has unmapped pin(s).

path  38:

         Pin                      Type          Fanout Load Slew Delay Arrival   Location    
                                 (Domain)              (fF) (ps)  (ps)   (ps)       (x,   y) 
---------------------------------------------------------------------------------------------
(clock sys_clk)              launch                                          0 R             
rx_inst
  fifo_inst
    state_inst
      f_full_reg/clk                                           0    +0       0 R             
      f_full_reg/q      (u)  unmapped_d_flop         3 30.2    0  +686     686 R             
    state_inst/f_full 
    write_pointer_inst/f_full 
      g40/in_1                                                      +0     686               
      g40/z             (u)  unmapped_complex2       5 39.7    0  +203     890 F             
      pow_opt_RC_CG_HIER_INST18/enable 
        RC_CGIC_INST/E       ICGPRECX1(slow)                        +0     890               
        RC_CGIC_INST/CK      setup                             0  +433    1322 F             
- - - - - - - - - - - - - - - - - - - - - - - - - - - - - - - - - - - - - - - - - - - - - - -
(clock sys_clk)              capture                                     41665 F             
                             uncertainty                         -2000   39665 F             
---------------------------------------------------------------------------------------------
Cost Group   : 'cg_enable_group_sys_clk' (path_group 'cg_enable_group_sys_clk')
Timing slack :   38342ps 
Start-point  : rx_inst/fifo_inst/state_inst/f_full_reg/clk
End-point    : rx_inst/fifo_inst/write_pointer_inst/pow_opt_RC_CG_HIER_INST18/RC_CGIC_INST/E

(u) : Net has unmapped pin(s).

path  39:

        Pin                     Type          Fanout Load Slew Delay Arrival   Location    
                               (Domain)              (fF) (ps)  (ps)   (ps)       (x,   y) 
-------------------------------------------------------------------------------------------
(clock sys_clk)            launch                                          0 R             
rx_inst
  uart_rx_inst
    rx_done_o_reg/clk                                        0    +0       0 R             
    rx_done_o_reg/q   (u)  unmapped_d_flop         2 12.0    0  +632     632 F             
    g913/in_0                                                     +0     632               
    g913/z            (u)  unmapped_complex2       1  9.7    0   +57     688 F             
    pow_opt_RC_CG_HIER_INST19/enable 
      RC_CGIC_INST/E       ICGPRECX1(slow)                        +0     688               
      RC_CGIC_INST/CK      setup                             0  +433    1121 F             
- - - - - - - - - - - - - - - - - - - - - - - - - - - - - - - - - - - - - - - - - - - - - -
(clock sys_clk)            capture                                     41665 F             
                           uncertainty                         -2000   39665 F             
-------------------------------------------------------------------------------------------
Cost Group   : 'cg_enable_group_sys_clk' (path_group 'cg_enable_group_sys_clk')
Timing slack :   38544ps 
Start-point  : rx_inst/uart_rx_inst/rx_done_o_reg/clk
End-point    : rx_inst/uart_rx_inst/pow_opt_RC_CG_HIER_INST19/RC_CGIC_INST/E

(u) : Net has unmapped pin(s).

path  40:

            Pin                        Type          Fanout Load Slew  Delay Arrival   Location    
                                      (Domain)              (fF) (ps)  (ps)    (ps)       (x,   y) 
---------------------------------------------------------------------------------------------------
(clock sys_clk)                   launch                                           0 R             
(constraint.sdc_line_15_3_1)      ext delay                           +33000   33000 R             
tx_wr_en                     (u)  in port                 1  6.2   58    +34   33034 R             
tx_inst/wr_en 
  fifo_inst/wr_en 
    write_pointer_inst/wr_en 
      g40/in_0                                                            +0   33034               
      g40/z                  (u)  unmapped_complex2       6 46.9    0   +224   33258 R             
    write_pointer_inst/can_write 
    state_inst/can_write 
      g136/in_0                                                           +0   33258               
      g136/z                 (u)  unmapped_or2            1 12.4    0   +127   33385 R             
      f_empty_reg/sena            unmapped_d_flop                         +0   33385               
      f_empty_reg/clk             setup                             0   +356   33742 R             
- - - - - - - - - - - - - - - - - - - - - - - - - - - - - - - - - - - - - - - - - - - - - - - - - -
(clock sys_clk)                   capture                                      83330 R             
                                  uncertainty                          -2000   81330 R             
---------------------------------------------------------------------------------------------------
Cost Group   : 'sys_clk' (path_group 'sys_clk')
Timing slack :   47588ps 
Start-point  : tx_wr_en
End-point    : tx_inst/fifo_inst/state_inst/f_empty_reg/sena

(u) : Net has unmapped pin(s).

path  41:

            Pin                        Type          Fanout Load Slew  Delay Arrival   Location    
                                      (Domain)              (fF) (ps)  (ps)    (ps)       (x,   y) 
---------------------------------------------------------------------------------------------------
(clock sys_clk)                   launch                                           0 R             
(constraint.sdc_line_15_3_1)      ext delay                           +33000   33000 R             
tx_wr_en                     (u)  in port                 1  6.2   58    +34   33034 R             
tx_inst/wr_en 
  fifo_inst/wr_en 
    write_pointer_inst/wr_en 
      g40/in_0                                                            +0   33034               
      g40/z                  (u)  unmapped_complex2       6 46.9    0   +224   33258 R             
    write_pointer_inst/can_write 
    state_inst/can_write 
      f_full_reg/sena             unmapped_d_flop                         +0   33258               
      f_full_reg/clk              setup                             0   +462   33721 R             
- - - - - - - - - - - - - - - - - - - - - - - - - - - - - - - - - - - - - - - - - - - - - - - - - -
(clock sys_clk)                   capture                                      83330 R             
                                  uncertainty                          -2000   81330 R             
---------------------------------------------------------------------------------------------------
Cost Group   : 'sys_clk' (path_group 'sys_clk')
Timing slack :   47609ps 
Start-point  : tx_wr_en
End-point    : tx_inst/fifo_inst/state_inst/f_full_reg/sena

(u) : Net has unmapped pin(s).

path  42:

            Pin                        Type          Fanout Load Slew  Delay Arrival   Location    
                                      (Domain)              (fF) (ps)  (ps)    (ps)       (x,   y) 
---------------------------------------------------------------------------------------------------
(clock sys_clk)                   launch                                           0 R             
(constraint.sdc_line_15_2_1)      ext delay                           +33000   33000 R             
rx_read_en                   (u)  in port                 1  6.2   58    +34   33034 R             
rx_inst/read_en 
  fifo_inst/rd_en 
    read_pointer_inst/rd_en 
      g40/in_0                                                            +0   33034               
      g40/z                  (u)  unmapped_complex2       5 40.2    0   +203   33237 R             
    read_pointer_inst/can_read 
    state_inst/can_read 
      g136/in_1                                                           +0   33237               
      g136/z                 (u)  unmapped_or2            1 12.4    0   +127   33364 R             
      f_empty_reg/sena            unmapped_d_flop                         +0   33364               
      f_empty_reg/clk             setup                             0   +356   33721 R             
- - - - - - - - - - - - - - - - - - - - - - - - - - - - - - - - - - - - - - - - - - - - - - - - - -
(clock sys_clk)                   capture                                      83330 R             
                                  uncertainty                          -2000   81330 R             
---------------------------------------------------------------------------------------------------
Cost Group   : 'sys_clk' (path_group 'sys_clk')
Timing slack :   47609ps 
Start-point  : rx_read_en
End-point    : rx_inst/fifo_inst/state_inst/f_empty_reg/sena

(u) : Net has unmapped pin(s).

path  43:

            Pin                        Type          Fanout Load Slew  Delay Arrival   Location    
                                      (Domain)              (fF) (ps)  (ps)    (ps)       (x,   y) 
---------------------------------------------------------------------------------------------------
(clock sys_clk)                   launch                                           0 R             
(constraint.sdc_line_15_2_1)      ext delay                           +33000   33000 R             
rx_read_en                   (u)  in port                 1  6.2   58    +34   33034 R             
rx_inst/read_en 
  fifo_inst/rd_en 
    read_pointer_inst/rd_en 
      g40/in_0                                                            +0   33034               
      g40/z                  (u)  unmapped_complex2       5 40.2    0   +203   33237 R             
    read_pointer_inst/can_read 
    state_inst/can_read 
      g326/in_1                                                           +0   33237               
      g326/z                 (u)  unmapped_complex2       1  6.2    0    +98   33336 R             
      f_empty_reg/d               unmapped_d_flop                         +0   33336               
      f_empty_reg/clk             setup                             0   +356   33692 R             
- - - - - - - - - - - - - - - - - - - - - - - - - - - - - - - - - - - - - - - - - - - - - - - - - -
(clock sys_clk)                   capture                                      83330 R             
                                  uncertainty                          -2000   81330 R             
---------------------------------------------------------------------------------------------------
Cost Group   : 'sys_clk' (path_group 'sys_clk')
Timing slack :   47638ps 
Start-point  : rx_read_en
End-point    : rx_inst/fifo_inst/state_inst/f_empty_reg/d

(u) : Net has unmapped pin(s).

path  44:

            Pin                        Type         Fanout Load Slew  Delay Arrival   Location    
                                      (Domain)             (fF) (ps)  (ps)    (ps)       (x,   y) 
--------------------------------------------------------------------------------------------------
(clock sys_clk)                    launch                                         0 R             
rx_inst
  fifo_inst
    state_inst
      f_full_reg/clk                                               0     +0       0 R             
      f_full_reg/q            (u)  unmapped_d_flop       3 30.2    0   +686     686 R             
    state_inst/f_full 
  fifo_inst/f_full 
rx_inst/fifo_full 
rx_fifo_full                       interconnect                    0     +0     686 R             
                                   out port                              +0     686 R             
(constraint.sdc_line_19_29_1)      ext delay                         +33000   33686 R             
- - - - - - - - - - - - - - - - - - - - - - - - - - - - - - - - - - - - - - - - - - - - - - - - - 
(clock sys_clk)                    capture                                    83330 R             
                                   uncertainty                        -2000   81330 R             
--------------------------------------------------------------------------------------------------
Cost Group   : 'sys_clk' (path_group 'sys_clk')
Timing slack :   47644ps 
Start-point  : rx_inst/fifo_inst/state_inst/f_full_reg/clk
End-point    : rx_fifo_full

(u) : Net has unmapped pin(s).

path  45:

            Pin                        Type         Fanout Load Slew  Delay Arrival   Location    
                                      (Domain)             (fF) (ps)  (ps)    (ps)       (x,   y) 
--------------------------------------------------------------------------------------------------
(clock sys_clk)                    launch                                         0 R             
tx_inst
  fifo_inst
    state_inst
      f_full_reg/clk                                               0     +0       0 R             
      f_full_reg/q            (u)  unmapped_d_flop       2 24.0    0   +659     659 R             
    state_inst/f_full 
  fifo_inst/f_full 
tx_inst/tx_full_o 
tx_fifo_full                       interconnect                    0     +0     659 R             
                                   out port                              +0     659 R             
(constraint.sdc_line_19_31_1)      ext delay                         +33000   33659 R             
- - - - - - - - - - - - - - - - - - - - - - - - - - - - - - - - - - - - - - - - - - - - - - - - - 
(clock sys_clk)                    capture                                    83330 R             
                                   uncertainty                        -2000   81330 R             
--------------------------------------------------------------------------------------------------
Cost Group   : 'sys_clk' (path_group 'sys_clk')
Timing slack :   47671ps 
Start-point  : tx_inst/fifo_inst/state_inst/f_full_reg/clk
End-point    : tx_fifo_full

(u) : Net has unmapped pin(s).

path  46:

            Pin                        Type         Fanout Load Slew  Delay Arrival   Location    
                                      (Domain)             (fF) (ps)  (ps)    (ps)       (x,   y) 
--------------------------------------------------------------------------------------------------
(clock sys_clk)                    launch                                         0 R             
rx_inst
  fifo_inst
    state_inst
      f_empty_reg/clk                                              0     +0       0 R             
      f_empty_reg/q           (u)  unmapped_d_flop       2 24.0    0   +659     659 R             
    state_inst/f_empty 
  fifo_inst/f_empty 
rx_inst/fifo_empty 
rx_fifo_empty                      interconnect                    0     +0     659 R             
                                   out port                              +0     659 R             
(constraint.sdc_line_19_30_1)      ext delay                         +33000   33659 R             
- - - - - - - - - - - - - - - - - - - - - - - - - - - - - - - - - - - - - - - - - - - - - - - - - 
(clock sys_clk)                    capture                                    83330 R             
                                   uncertainty                        -2000   81330 R             
--------------------------------------------------------------------------------------------------
Cost Group   : 'sys_clk' (path_group 'sys_clk')
Timing slack :   47671ps 
Start-point  : rx_inst/fifo_inst/state_inst/f_empty_reg/clk
End-point    : rx_fifo_empty

(u) : Net has unmapped pin(s).

path  47:

          Pin                     Type         Fanout Load Slew  Delay Arrival   Location    
                                 (Domain)             (fF) (ps)  (ps)    (ps)       (x,   y) 
---------------------------------------------------------------------------------------------
(clock sys_clk)               launch                                         0 R             
tx_inst
  uart_tx_inst
    tx_o_buf_reg/clk                                          0     +0       0 R             
    tx_o_buf_reg/q       (u)  unmapped_d_flop       2 24.0    0   +659     659 R             
  uart_tx_inst/tx_o 
tx_inst/tx_o 
tx_o                          interconnect                    0     +0     659 R             
                              out port                              +0     659 R             
(constraint.sdc_line_19)      ext delay                         +33000   33659 R             
- - - - - - - - - - - - - - - - - - - - - - - - - - - - - - - - - - - - - - - - - - - - - - -
(clock sys_clk)               capture                                    83330 R             
                              uncertainty                        -2000   81330 R             
---------------------------------------------------------------------------------------------
Cost Group   : 'sys_clk' (path_group 'sys_clk')
Timing slack :   47671ps 
Start-point  : tx_inst/uart_tx_inst/tx_o_buf_reg/clk
End-point    : tx_o

(u) : Net has unmapped pin(s).

path  48:

            Pin                        Type         Fanout Load Slew  Delay Arrival   Location    
                                      (Domain)             (fF) (ps)  (ps)    (ps)       (x,   y) 
--------------------------------------------------------------------------------------------------
(clock sys_clk)                    launch                                         0 R             
rx_inst
  fifo_inst
    memory_inst
      dout_reg[0]/clk                                              0     +0       0 R             
      dout_reg[0]/q           (u)  unmapped_d_flop       1 17.8    0   +632     632 R             
    memory_inst/dout[0] 
  fifo_inst/dout[0] 
rx_inst/dout_o[0] 
rx_dout[0]                         interconnect                    0     +0     632 R             
                                   out port                              +0     632 R             
(constraint.sdc_line_19_28_1)      ext delay                         +33000   33632 R             
- - - - - - - - - - - - - - - - - - - - - - - - - - - - - - - - - - - - - - - - - - - - - - - - - 
(clock sys_clk)                    capture                                    83330 R             
                                   uncertainty                        -2000   81330 R             
--------------------------------------------------------------------------------------------------
Cost Group   : 'sys_clk' (path_group 'sys_clk')
Timing slack :   47698ps 
Start-point  : rx_inst/fifo_inst/memory_inst/dout_reg[0]/clk
End-point    : rx_dout[0]

(u) : Net has unmapped pin(s).

path  49:

            Pin                        Type         Fanout Load Slew  Delay Arrival   Location    
                                      (Domain)             (fF) (ps)  (ps)    (ps)       (x,   y) 
--------------------------------------------------------------------------------------------------
(clock sys_clk)                    launch                                         0 R             
rx_inst
  fifo_inst
    memory_inst
      dout_reg[1]/clk                                              0     +0       0 R             
      dout_reg[1]/q           (u)  unmapped_d_flop       1 17.8    0   +632     632 R             
    memory_inst/dout[1] 
  fifo_inst/dout[1] 
rx_inst/dout_o[1] 
rx_dout[1]                         interconnect                    0     +0     632 R             
                                   out port                              +0     632 R             
(constraint.sdc_line_19_27_1)      ext delay                         +33000   33632 R             
- - - - - - - - - - - - - - - - - - - - - - - - - - - - - - - - - - - - - - - - - - - - - - - - - 
(clock sys_clk)                    capture                                    83330 R             
                                   uncertainty                        -2000   81330 R             
--------------------------------------------------------------------------------------------------
Cost Group   : 'sys_clk' (path_group 'sys_clk')
Timing slack :   47698ps 
Start-point  : rx_inst/fifo_inst/memory_inst/dout_reg[1]/clk
End-point    : rx_dout[1]

(u) : Net has unmapped pin(s).

path  50:

            Pin                        Type         Fanout Load Slew  Delay Arrival   Location    
                                      (Domain)             (fF) (ps)  (ps)    (ps)       (x,   y) 
--------------------------------------------------------------------------------------------------
(clock sys_clk)                    launch                                         0 R             
rx_inst
  fifo_inst
    memory_inst
      dout_reg[2]/clk                                              0     +0       0 R             
      dout_reg[2]/q           (u)  unmapped_d_flop       1 17.8    0   +632     632 R             
    memory_inst/dout[2] 
  fifo_inst/dout[2] 
rx_inst/dout_o[2] 
rx_dout[2]                         interconnect                    0     +0     632 R             
                                   out port                              +0     632 R             
(constraint.sdc_line_19_26_1)      ext delay                         +33000   33632 R             
- - - - - - - - - - - - - - - - - - - - - - - - - - - - - - - - - - - - - - - - - - - - - - - - - 
(clock sys_clk)                    capture                                    83330 R             
                                   uncertainty                        -2000   81330 R             
--------------------------------------------------------------------------------------------------
Cost Group   : 'sys_clk' (path_group 'sys_clk')
Timing slack :   47698ps 
Start-point  : rx_inst/fifo_inst/memory_inst/dout_reg[2]/clk
End-point    : rx_dout[2]

(u) : Net has unmapped pin(s).

