============================================================
  Generated by:           Genus(TM) Synthesis Solution 23.10-p004_1
  Generated on:           May 13 2026  05:14:48 pm
  Module:                 uart_top
  Library domain:         slow
    Domain index:         0
    Technology libraries: sky130_ss_1.62_125_LP 1.0
                          sky130_ss_1.62_125 1.0
                          sky130_ss_1.62_125_HS 1.0
                          physical_cells 
  Library domain:         fast
    Domain index:         1
    Technology libraries: sky130_ff_1.98_0_LP 1.0
                          sky130_ff_1.98_0 1.0
                          sky130_ff_1.98_0_HS 1.0
                          physical_cells 
  Library domain:         typ
    Domain index:         2
    Technology libraries: sky130_tt_1.8_25 1.0
                          physical_cells 
  Operating conditions:   ss_1.62_125 
  Operating conditions:   ff_1.98_0 
  Operating conditions:   tt_1.8_25 
  Interconnect mode:      global
  Area mode:              physical library
============================================================

path   1:

            Pin                      Type          Fanout Load Slew  Delay Arrival   Location    
                                    (Domain)              (fF) (ps)  (ps)    (ps)       (x,   y) 
-------------------------------------------------------------------------------------------------
(clock sys_clk)                launch                                            0 R             
(constraint.sdc_line_15_3_1)   ext delay                            +33000   33000 R             
tx_wr_en                       in port                  1  9.6   75    +49   33049 R             
tx_inst/wr_en 
  fifo_inst/wr_en 
    write_pointer_inst/wr_en 
      g64__2883/B                                                       +0   33049               
      g64__2883/Y              CLKAND2X2_LP(slow)       6 44.5  523   +565   33615 R             
    write_pointer_inst/can_write 
    memory_inst/can_write 
      g1178__6161/B                                                     +0   33615               
      g1178__6161/Y            CLKAND2X2_LP(slow)       2 16.6  218   +515   34130 R             
      g1173__1881/B                                                     +0   34130               
      g1173__1881/Y            CLKAND2X2_LP(slow)       2 16.5  215   +406   34536 R             
      g1172/A                                                           +0   34536               
      g1172/Y                  CLKINVX1_LP(slow)        3 26.0  337   +380   34916 F             
      g1157__2398/C                                                     +0   34916               
      g1157__2398/Y            NOR3X2_LP(slow)          1  9.7  510   +526   35442 R             
      pow_opt_RC_CG_HIER_INST13/enable 
        RC_CGIC_INST/E         ICGPRECX1(slow)                          +0   35442               
        RC_CGIC_INST/CK        setup                              0   +373   35815 F             
- - - - - - - - - - - - - - - - - - - - - - - - - - - - - - - - - - - - - - - - - - - - - - - - -
(clock sys_clk)                capture                                       41665 F             
                               uncertainty                           -2000   39665 F             
-------------------------------------------------------------------------------------------------
Cost Group   : 'cg_enable_group_sys_clk' (path_group 'cg_enable_group_sys_clk')
Timing slack :    3850ps 
Start-point  : tx_wr_en
End-point    : tx_inst/fifo_inst/memory_inst/pow_opt_RC_CG_HIER_INST13/RC_CGIC_INST/E

path   2:

            Pin                      Type          Fanout Load Slew  Delay Arrival   Location    
                                    (Domain)              (fF) (ps)  (ps)    (ps)       (x,   y) 
-------------------------------------------------------------------------------------------------
(clock sys_clk)                launch                                            0 R             
(constraint.sdc_line_15_3_1)   ext delay                            +33000   33000 R             
tx_wr_en                       in port                  1  9.6   75    +49   33049 R             
tx_inst/wr_en 
  fifo_inst/wr_en 
    write_pointer_inst/wr_en 
      g64__2883/B                                                       +0   33049               
      g64__2883/Y              CLKAND2X2_LP(slow)       6 44.5  523   +565   33615 R             
    write_pointer_inst/can_write 
    memory_inst/can_write 
      g1178__6161/B                                                     +0   33615               
      g1178__6161/Y            CLKAND2X2_LP(slow)       2 16.6  218   +515   34130 R             
      g1173__1881/B                                                     +0   34130               
      g1173__1881/Y            CLKAND2X2_LP(slow)       2 16.5  215   +406   34536 R             
      g1172/A                                                           +0   34536               
      g1172/Y                  CLKINVX1_LP(slow)        3 26.0  337   +380   34916 F             
      g1158__5107/C                                                     +0   34916               
      g1158__5107/Y            NOR3X2_LP(slow)          1  9.7  500   +526   35442 R             
      pow_opt_RC_CG_HIER_INST11/enable 
        RC_CGIC_INST/E         ICGPRECX1(slow)                          +0   35442               
        RC_CGIC_INST/CK        setup                              0   +369   35811 F             
- - - - - - - - - - - - - - - - - - - - - - - - - - - - - - - - - - - - - - - - - - - - - - - - -
(clock sys_clk)                capture                                       41665 F             
                               uncertainty                           -2000   39665 F             
-------------------------------------------------------------------------------------------------
Cost Group   : 'cg_enable_group_sys_clk' (path_group 'cg_enable_group_sys_clk')
Timing slack :    3854ps 
Start-point  : tx_wr_en
End-point    : tx_inst/fifo_inst/memory_inst/pow_opt_RC_CG_HIER_INST11/RC_CGIC_INST/E

path   3:

            Pin                      Type          Fanout Load Slew  Delay Arrival   Location    
                                    (Domain)              (fF) (ps)  (ps)    (ps)       (x,   y) 
-------------------------------------------------------------------------------------------------
(clock sys_clk)                launch                                            0 R             
(constraint.sdc_line_15_3_1)   ext delay                            +33000   33000 R             
tx_wr_en                       in port                  1  9.6   75    +49   33049 R             
tx_inst/wr_en 
  fifo_inst/wr_en 
    write_pointer_inst/wr_en 
      g64__2883/B                                                       +0   33049               
      g64__2883/Y              CLKAND2X2_LP(slow)       6 44.5  523   +565   33615 R             
    write_pointer_inst/can_write 
    memory_inst/can_write 
      g1178__6161/B                                                     +0   33615               
      g1178__6161/Y            CLKAND2X2_LP(slow)       2 16.6  218   +515   34130 R             
      g1173__1881/B                                                     +0   34130               
      g1173__1881/Y            CLKAND2X2_LP(slow)       2 16.5  215   +406   34536 R             
      g1172/A                                                           +0   34536               
      g1172/Y                  CLKINVX1_LP(slow)        3 26.0  337   +380   34916 F             
      g1160__4319/C                                                     +0   34916               
      g1160__4319/Y            NOR3X2_LP(slow)          1  9.7  497   +526   35442 R             
      pow_opt_RC_CG_HIER_INST15/enable 
        RC_CGIC_INST/E         ICGPRECX1(slow)                          +0   35442               
        RC_CGIC_INST/CK        setup                              0   +368   35810 F             
- - - - - - - - - - - - - - - - - - - - - - - - - - - - - - - - - - - - - - - - - - - - - - - - -
(clock sys_clk)                capture                                       41665 F             
                               uncertainty                           -2000   39665 F             
-------------------------------------------------------------------------------------------------
Cost Group   : 'cg_enable_group_sys_clk' (path_group 'cg_enable_group_sys_clk')
Timing slack :    3855ps 
Start-point  : tx_wr_en
End-point    : tx_inst/fifo_inst/memory_inst/pow_opt_RC_CG_HIER_INST15/RC_CGIC_INST/E

path   4:

            Pin                      Type          Fanout Load Slew  Delay Arrival   Location    
                                    (Domain)              (fF) (ps)  (ps)    (ps)       (x,   y) 
-------------------------------------------------------------------------------------------------
(clock sys_clk)                launch                                            0 R             
(constraint.sdc_line_15_3_1)   ext delay                            +33000   33000 R             
tx_wr_en                       in port                  1  9.6   75    +49   33049 R             
tx_inst/wr_en 
  fifo_inst/wr_en 
    write_pointer_inst/wr_en 
      g64__2883/B                                                       +0   33049               
      g64__2883/Y              CLKAND2X2_LP(slow)       6 44.5  523   +565   33615 R             
    write_pointer_inst/can_write 
    memory_inst/can_write 
      g1178__6161/B                                                     +0   33615               
      g1178__6161/Y            CLKAND2X2_LP(slow)       2 16.6  218   +515   34130 R             
      g1176/A                                                           +0   34130               
      g1176/Y                  CLKINVX1_LP(slow)        4 33.3  423   +448   34578 F             
      g1171__6131/C                                                     +0   34578               
      g1171__6131/Y            NOR3X2_LP(slow)          1  9.7  510   +565   35143 R             
      pow_opt_RC_CG_HIER_INST16/enable 
        RC_CGIC_INST/E         ICGPRECX1(slow)                          +0   35143               
        RC_CGIC_INST/CK        setup                              0   +373   35516 F             
- - - - - - - - - - - - - - - - - - - - - - - - - - - - - - - - - - - - - - - - - - - - - - - - -
(clock sys_clk)                capture                                       41665 F             
                               uncertainty                           -2000   39665 F             
-------------------------------------------------------------------------------------------------
Cost Group   : 'cg_enable_group_sys_clk' (path_group 'cg_enable_group_sys_clk')
Timing slack :    4149ps 
Start-point  : tx_wr_en
End-point    : tx_inst/fifo_inst/memory_inst/pow_opt_RC_CG_HIER_INST16/RC_CGIC_INST/E

path   5:

            Pin                      Type          Fanout Load Slew  Delay Arrival   Location    
                                    (Domain)              (fF) (ps)  (ps)    (ps)       (x,   y) 
-------------------------------------------------------------------------------------------------
(clock sys_clk)                launch                                            0 R             
(constraint.sdc_line_15_3_1)   ext delay                            +33000   33000 R             
tx_wr_en                       in port                  1  9.6   75    +49   33049 R             
tx_inst/wr_en 
  fifo_inst/wr_en 
    write_pointer_inst/wr_en 
      g64__2883/B                                                       +0   33049               
      g64__2883/Y              CLKAND2X2_LP(slow)       6 44.5  523   +565   33615 R             
    write_pointer_inst/can_write 
    memory_inst/can_write 
      g1178__6161/B                                                     +0   33615               
      g1178__6161/Y            CLKAND2X2_LP(slow)       2 16.6  218   +515   34130 R             
      g1176/A                                                           +0   34130               
      g1176/Y                  CLKINVX1_LP(slow)        4 33.3  423   +448   34578 F             
      g1164__3680/C                                                     +0   34578               
      g1164__3680/Y            NOR3X2_LP(slow)          1  9.7  510   +565   35143 R             
      pow_opt_RC_CG_HIER_INST14/enable 
        RC_CGIC_INST/E         ICGPRECX1(slow)                          +0   35143               
        RC_CGIC_INST/CK        setup                              0   +373   35516 F             
- - - - - - - - - - - - - - - - - - - - - - - - - - - - - - - - - - - - - - - - - - - - - - - - -
(clock sys_clk)                capture                                       41665 F             
                               uncertainty                           -2000   39665 F             
-------------------------------------------------------------------------------------------------
Cost Group   : 'cg_enable_group_sys_clk' (path_group 'cg_enable_group_sys_clk')
Timing slack :    4149ps 
Start-point  : tx_wr_en
End-point    : tx_inst/fifo_inst/memory_inst/pow_opt_RC_CG_HIER_INST14/RC_CGIC_INST/E

path   6:

            Pin                      Type          Fanout Load Slew  Delay Arrival   Location    
                                    (Domain)              (fF) (ps)  (ps)    (ps)       (x,   y) 
-------------------------------------------------------------------------------------------------
(clock sys_clk)                launch                                            0 R             
(constraint.sdc_line_15_3_1)   ext delay                            +33000   33000 R             
tx_wr_en                       in port                  1  9.6   75    +49   33049 R             
tx_inst/wr_en 
  fifo_inst/wr_en 
    write_pointer_inst/wr_en 
      g64__2883/B                                                       +0   33049               
      g64__2883/Y              CLKAND2X2_LP(slow)       6 44.5  523   +565   33615 R             
    write_pointer_inst/can_write 
    memory_inst/can_write 
      g1178__6161/B                                                     +0   33615               
      g1178__6161/Y            CLKAND2X2_LP(slow)       2 16.6  218   +515   34130 R             
      g1176/A                                                           +0   34130               
      g1176/Y                  CLKINVX1_LP(slow)        4 33.3  423   +448   34578 F             
      g1169__8246/C                                                     +0   34578               
      g1169__8246/Y            NOR3X2_LP(slow)          1  9.7  510   +565   35143 R             
      pow_opt_RC_CG_HIER_INST12/enable 
        RC_CGIC_INST/E         ICGPRECX1(slow)                          +0   35143               
        RC_CGIC_INST/CK        setup                              0   +373   35516 F             
- - - - - - - - - - - - - - - - - - - - - - - - - - - - - - - - - - - - - - - - - - - - - - - - -
(clock sys_clk)                capture                                       41665 F             
                               uncertainty                           -2000   39665 F             
-------------------------------------------------------------------------------------------------
Cost Group   : 'cg_enable_group_sys_clk' (path_group 'cg_enable_group_sys_clk')
Timing slack :    4149ps 
Start-point  : tx_wr_en
End-point    : tx_inst/fifo_inst/memory_inst/pow_opt_RC_CG_HIER_INST12/RC_CGIC_INST/E

path   7:

            Pin                      Type          Fanout Load Slew  Delay Arrival   Location    
                                    (Domain)              (fF) (ps)  (ps)    (ps)       (x,   y) 
-------------------------------------------------------------------------------------------------
(clock sys_clk)                launch                                            0 R             
(constraint.sdc_line_15_3_1)   ext delay                            +33000   33000 R             
tx_wr_en                       in port                  1  9.6   75    +49   33049 R             
tx_inst/wr_en 
  fifo_inst/wr_en 
    write_pointer_inst/wr_en 
      g64__2883/B                                                       +0   33049               
      g64__2883/Y              CLKAND2X2_LP(slow)       6 44.5  523   +565   33615 R             
    write_pointer_inst/can_write 
    memory_inst/can_write 
      g1178__6161/B                                                     +0   33615               
      g1178__6161/Y            CLKAND2X2_LP(slow)       2 16.6  218   +515   34130 R             
      g1176/A                                                           +0   34130               
      g1176/Y                  CLKINVX1_LP(slow)        4 33.3  423   +448   34578 F             
      g1170__7098/C                                                     +0   34578               
      g1170__7098/Y            NOR3X2_LP(slow)          1  9.7  510   +565   35143 R             
      pow_opt_RC_CG_HIER_INST10/enable 
        RC_CGIC_INST/E         ICGPRECX1(slow)                          +0   35143               
        RC_CGIC_INST/CK        setup                              0   +373   35516 F             
- - - - - - - - - - - - - - - - - - - - - - - - - - - - - - - - - - - - - - - - - - - - - - - - -
(clock sys_clk)                capture                                       41665 F             
                               uncertainty                           -2000   39665 F             
-------------------------------------------------------------------------------------------------
Cost Group   : 'cg_enable_group_sys_clk' (path_group 'cg_enable_group_sys_clk')
Timing slack :    4149ps 
Start-point  : tx_wr_en
End-point    : tx_inst/fifo_inst/memory_inst/pow_opt_RC_CG_HIER_INST10/RC_CGIC_INST/E

path   8:

            Pin                      Type          Fanout Load Slew  Delay Arrival   Location    
                                    (Domain)              (fF) (ps)  (ps)    (ps)       (x,   y) 
-------------------------------------------------------------------------------------------------
(clock sys_clk)                launch                                            0 R             
(constraint.sdc_line_15_3_1)   ext delay                            +33000   33000 R             
tx_wr_en                       in port                  1  9.6   75    +49   33049 R             
tx_inst/wr_en 
  fifo_inst/wr_en 
    write_pointer_inst/wr_en 
      g64__2883/B                                                       +0   33049               
      g64__2883/Y              CLKAND2X2_LP(slow)       6 44.5  523   +565   33615 R             
    write_pointer_inst/can_write 
    memory_inst/can_write 
      g1178__6161/B                                                     +0   33615               
      g1178__6161/Y            CLKAND2X2_LP(slow)       2 16.6  218   +515   34130 R             
      g1173__1881/B                                                     +0   34130               
      g1173__1881/Y            CLKAND2X2_LP(slow)       2 16.5  215   +406   34536 R             
      g1159__6260/C                                                     +0   34536               
      g1159__6260/Y            AND3X2_LP(slow)          1  9.7  171   +436   34971 R             
      pow_opt_RC_CG_HIER_INST9/enable 
        RC_CGIC_INST/E         ICGPRECX1(slow)                          +0   34971               
        RC_CGIC_INST/CK        setup                              0   +249   35220 F             
- - - - - - - - - - - - - - - - - - - - - - - - - - - - - - - - - - - - - - - - - - - - - - - - -
(clock sys_clk)                capture                                       41665 F             
                               uncertainty                           -2000   39665 F             
-------------------------------------------------------------------------------------------------
Cost Group   : 'cg_enable_group_sys_clk' (path_group 'cg_enable_group_sys_clk')
Timing slack :    4445ps 
Start-point  : tx_wr_en
End-point    : tx_inst/fifo_inst/memory_inst/pow_opt_RC_CG_HIER_INST9/RC_CGIC_INST/E

path   9:

            Pin                      Type          Fanout Load Slew  Delay Arrival   Location    
                                    (Domain)              (fF) (ps)  (ps)    (ps)       (x,   y) 
-------------------------------------------------------------------------------------------------
(clock sys_clk)                launch                                            0 R             
(constraint.sdc_line_15_3_1)   ext delay                            +33000   33000 R             
tx_wr_en                       in port                  1  9.6   75    +49   33049 R             
tx_inst/wr_en 
  fifo_inst/wr_en 
    write_pointer_inst/wr_en 
      g64__2883/B                                                       +0   33049               
      g64__2883/Y              CLKAND2X2_LP(slow)       6 44.5  523   +565   33615 R             
    write_pointer_inst/can_write 
    memory_inst/can_write 
      g1175__7482/C                                                     +0   33615               
      g1175__7482/Y            NAND3X2_LP(slow)         4 32.9  571   +625   34239 F             
      g1156__5477/B                                                     +0   34239               
      g1156__5477/Y            NOR2X2_LP(slow)          1  9.7  376   +511   34751 R             
      pow_opt_RC_CG_HIER_INST8/enable 
        RC_CGIC_INST/E         ICGPRECX1(slow)                          +0   34751               
        RC_CGIC_INST/CK        setup                              0   +324   35075 F             
- - - - - - - - - - - - - - - - - - - - - - - - - - - - - - - - - - - - - - - - - - - - - - - - -
(clock sys_clk)                capture                                       41665 F             
                               uncertainty                           -2000   39665 F             
-------------------------------------------------------------------------------------------------
Cost Group   : 'cg_enable_group_sys_clk' (path_group 'cg_enable_group_sys_clk')
Timing slack :    4590ps 
Start-point  : tx_wr_en
End-point    : tx_inst/fifo_inst/memory_inst/pow_opt_RC_CG_HIER_INST8/RC_CGIC_INST/E

path  10:

            Pin                      Type          Fanout Load Slew  Delay Arrival   Location    
                                    (Domain)              (fF) (ps)  (ps)    (ps)       (x,   y) 
-------------------------------------------------------------------------------------------------
(clock sys_clk)                launch                                            0 R             
(constraint.sdc_line_15_3_1)   ext delay                            +33000   33000 R             
tx_wr_en                       in port                  1  9.6   75    +49   33049 R             
tx_inst/wr_en 
  fifo_inst/wr_en 
    write_pointer_inst/wr_en 
      g64__2883/B                                                       +0   33049               
      g64__2883/Y              CLKAND2X2_LP(slow)       6 44.5  523   +565   33615 R             
    write_pointer_inst/can_write 
    memory_inst/can_write 
      g1175__7482/C                                                     +0   33615               
      g1175__7482/Y            NAND3X2_LP(slow)         4 32.9  571   +625   34239 F             
      g1161__8428/B                                                     +0   34239               
      g1161__8428/Y            NOR2X2_LP(slow)          1  9.7  376   +511   34751 R             
      pow_opt_RC_CG_HIER_INST7/enable 
        RC_CGIC_INST/E         ICGPRECX1(slow)                          +0   34751               
        RC_CGIC_INST/CK        setup                              0   +324   35075 F             
- - - - - - - - - - - - - - - - - - - - - - - - - - - - - - - - - - - - - - - - - - - - - - - - -
(clock sys_clk)                capture                                       41665 F             
                               uncertainty                           -2000   39665 F             
-------------------------------------------------------------------------------------------------
Cost Group   : 'cg_enable_group_sys_clk' (path_group 'cg_enable_group_sys_clk')
Timing slack :    4590ps 
Start-point  : tx_wr_en
End-point    : tx_inst/fifo_inst/memory_inst/pow_opt_RC_CG_HIER_INST7/RC_CGIC_INST/E

path  11:

            Pin                      Type          Fanout Load Slew  Delay Arrival   Location    
                                    (Domain)              (fF) (ps)  (ps)    (ps)       (x,   y) 
-------------------------------------------------------------------------------------------------
(clock sys_clk)                launch                                            0 R             
(constraint.sdc_line_15_3_1)   ext delay                            +33000   33000 R             
tx_wr_en                       in port                  1  9.6   75    +49   33049 R             
tx_inst/wr_en 
  fifo_inst/wr_en 
    write_pointer_inst/wr_en 
      g64__2883/B                                                       +0   33049               
      g64__2883/Y              CLKAND2X2_LP(slow)       6 44.5  523   +565   33615 R             
    write_pointer_inst/can_write 
    memory_inst/can_write 
      g1175__7482/C                                                     +0   33615               
      g1175__7482/Y            NAND3X2_LP(slow)         4 32.9  571   +625   34239 F             
      g1163__6783/B                                                     +0   34239               
      g1163__6783/Y            NOR2X2_LP(slow)          1  9.7  376   +511   34751 R             
      pow_opt_RC_CG_HIER_INST4/enable 
        RC_CGIC_INST/E         ICGPRECX1(slow)                          +0   34751               
        RC_CGIC_INST/CK        setup                              0   +324   35075 F             
- - - - - - - - - - - - - - - - - - - - - - - - - - - - - - - - - - - - - - - - - - - - - - - - -
(clock sys_clk)                capture                                       41665 F             
                               uncertainty                           -2000   39665 F             
-------------------------------------------------------------------------------------------------
Cost Group   : 'cg_enable_group_sys_clk' (path_group 'cg_enable_group_sys_clk')
Timing slack :    4590ps 
Start-point  : tx_wr_en
End-point    : tx_inst/fifo_inst/memory_inst/pow_opt_RC_CG_HIER_INST4/RC_CGIC_INST/E

path  12:

            Pin                      Type          Fanout Load Slew  Delay Arrival   Location    
                                    (Domain)              (fF) (ps)  (ps)    (ps)       (x,   y) 
-------------------------------------------------------------------------------------------------
(clock sys_clk)                launch                                            0 R             
(constraint.sdc_line_15_3_1)   ext delay                            +33000   33000 R             
tx_wr_en                       in port                  1  9.6   75    +49   33049 R             
tx_inst/wr_en 
  fifo_inst/wr_en 
    write_pointer_inst/wr_en 
      g64__2883/B                                                       +0   33049               
      g64__2883/Y              CLKAND2X2_LP(slow)       6 44.5  523   +565   33615 R             
    write_pointer_inst/can_write 
    memory_inst/can_write 
      g1175__7482/C                                                     +0   33615               
      g1175__7482/Y            NAND3X2_LP(slow)         4 32.9  571   +625   34239 F             
      g1162__5526/B                                                     +0   34239               
      g1162__5526/Y            NOR2X2_LP(slow)          1  9.7  376   +511   34751 R             
      pow_opt_RC_CG_HIER_INST3/enable 
        RC_CGIC_INST/E         ICGPRECX1(slow)                          +0   34751               
        RC_CGIC_INST/CK        setup                              0   +324   35075 F             
- - - - - - - - - - - - - - - - - - - - - - - - - - - - - - - - - - - - - - - - - - - - - - - - -
(clock sys_clk)                capture                                       41665 F             
                               uncertainty                           -2000   39665 F             
-------------------------------------------------------------------------------------------------
Cost Group   : 'cg_enable_group_sys_clk' (path_group 'cg_enable_group_sys_clk')
Timing slack :    4590ps 
Start-point  : tx_wr_en
End-point    : tx_inst/fifo_inst/memory_inst/pow_opt_RC_CG_HIER_INST3/RC_CGIC_INST/E

path  13:

            Pin                      Type          Fanout Load Slew  Delay Arrival   Location    
                                    (Domain)              (fF) (ps)  (ps)    (ps)       (x,   y) 
-------------------------------------------------------------------------------------------------
(clock sys_clk)                launch                                            0 R             
(constraint.sdc_line_15_3_1)   ext delay                            +33000   33000 R             
tx_wr_en                       in port                  1  9.6   75    +49   33049 R             
tx_inst/wr_en 
  fifo_inst/wr_en 
    write_pointer_inst/wr_en 
      g64__2883/B                                                       +0   33049               
      g64__2883/Y              CLKAND2X2_LP(slow)       6 44.5  523   +565   33615 R             
    write_pointer_inst/can_write 
    memory_inst/can_write 
      g1174__5115/C                                                     +0   33615               
      g1174__5115/Y            NAND3X2_LP(slow)         4 32.9  541   +625   34239 F             
      g1167__1705/B                                                     +0   34239               
      g1167__1705/Y            NOR2X2_LP(slow)          1  9.7  369   +498   34738 R             
      pow_opt_RC_CG_HIER_INST6/enable 
        RC_CGIC_INST/E         ICGPRECX1(slow)                          +0   34738               
        RC_CGIC_INST/CK        setup                              0   +322   35059 F             
- - - - - - - - - - - - - - - - - - - - - - - - - - - - - - - - - - - - - - - - - - - - - - - - -
(clock sys_clk)                capture                                       41665 F             
                               uncertainty                           -2000   39665 F             
-------------------------------------------------------------------------------------------------
Cost Group   : 'cg_enable_group_sys_clk' (path_group 'cg_enable_group_sys_clk')
Timing slack :    4606ps 
Start-point  : tx_wr_en
End-point    : tx_inst/fifo_inst/memory_inst/pow_opt_RC_CG_HIER_INST6/RC_CGIC_INST/E

path  14:

            Pin                      Type          Fanout Load Slew  Delay Arrival   Location    
                                    (Domain)              (fF) (ps)  (ps)    (ps)       (x,   y) 
-------------------------------------------------------------------------------------------------
(clock sys_clk)                launch                                            0 R             
(constraint.sdc_line_15_3_1)   ext delay                            +33000   33000 R             
tx_wr_en                       in port                  1  9.6   75    +49   33049 R             
tx_inst/wr_en 
  fifo_inst/wr_en 
    write_pointer_inst/wr_en 
      g64__2883/B                                                       +0   33049               
      g64__2883/Y              CLKAND2X2_LP(slow)       6 44.5  523   +565   33615 R             
    write_pointer_inst/can_write 
    memory_inst/can_write 
      g1174__5115/C                                                     +0   33615               
      g1174__5115/Y            NAND3X2_LP(slow)         4 32.9  541   +625   34239 F             
      g1166__2802/B                                                     +0   34239               
      g1166__2802/Y            NOR2X2_LP(slow)          1  9.7  369   +498   34738 R             
      pow_opt_RC_CG_HIER_INST5/enable 
        RC_CGIC_INST/E         ICGPRECX1(slow)                          +0   34738               
        RC_CGIC_INST/CK        setup                              0   +322   35059 F             
- - - - - - - - - - - - - - - - - - - - - - - - - - - - - - - - - - - - - - - - - - - - - - - - -
(clock sys_clk)                capture                                       41665 F             
                               uncertainty                           -2000   39665 F             
-------------------------------------------------------------------------------------------------
Cost Group   : 'cg_enable_group_sys_clk' (path_group 'cg_enable_group_sys_clk')
Timing slack :    4606ps 
Start-point  : tx_wr_en
End-point    : tx_inst/fifo_inst/memory_inst/pow_opt_RC_CG_HIER_INST5/RC_CGIC_INST/E

path  15:

            Pin                      Type          Fanout Load Slew  Delay Arrival   Location    
                                    (Domain)              (fF) (ps)  (ps)    (ps)       (x,   y) 
-------------------------------------------------------------------------------------------------
(clock sys_clk)                launch                                            0 R             
(constraint.sdc_line_15_3_1)   ext delay                            +33000   33000 R             
tx_wr_en                       in port                  1  9.6   75    +49   33049 R             
tx_inst/wr_en 
  fifo_inst/wr_en 
    write_pointer_inst/wr_en 
      g64__2883/B                                                       +0   33049               
      g64__2883/Y              CLKAND2X2_LP(slow)       6 44.5  523   +565   33615 R             
    write_pointer_inst/can_write 
    memory_inst/can_write 
      g1174__5115/C                                                     +0   33615               
      g1174__5115/Y            NAND3X2_LP(slow)         4 32.9  541   +625   34239 F             
      g1168__5122/B                                                     +0   34239               
      g1168__5122/Y            NOR2X2_LP(slow)          1  9.7  369   +498   34738 R             
      pow_opt_RC_CG_HIER_INST2/enable 
        RC_CGIC_INST/E         ICGPRECX1(slow)                          +0   34738               
        RC_CGIC_INST/CK        setup                              0   +322   35059 F             
- - - - - - - - - - - - - - - - - - - - - - - - - - - - - - - - - - - - - - - - - - - - - - - - -
(clock sys_clk)                capture                                       41665 F             
                               uncertainty                           -2000   39665 F             
-------------------------------------------------------------------------------------------------
Cost Group   : 'cg_enable_group_sys_clk' (path_group 'cg_enable_group_sys_clk')
Timing slack :    4606ps 
Start-point  : tx_wr_en
End-point    : tx_inst/fifo_inst/memory_inst/pow_opt_RC_CG_HIER_INST2/RC_CGIC_INST/E

path  16:

            Pin                      Type          Fanout Load Slew  Delay Arrival   Location    
                                    (Domain)              (fF) (ps)  (ps)    (ps)       (x,   y) 
-------------------------------------------------------------------------------------------------
(clock sys_clk)                launch                                            0 R             
(constraint.sdc_line_15_3_1)   ext delay                            +33000   33000 R             
tx_wr_en                       in port                  1  9.6   75    +49   33049 R             
tx_inst/wr_en 
  fifo_inst/wr_en 
    write_pointer_inst/wr_en 
      g64__2883/B                                                       +0   33049               
      g64__2883/Y              CLKAND2X2_LP(slow)       6 44.5  523   +565   33615 R             
    write_pointer_inst/can_write 
    memory_inst/can_write 
      g1174__5115/C                                                     +0   33615               
      g1174__5115/Y            NAND3X2_LP(slow)         4 32.9  541   +625   34239 F             
      g1165__1617/B                                                     +0   34239               
      g1165__1617/Y            NOR2X2_LP(slow)          1  9.7  369   +498   34738 R             
      pow_opt_RC_CG_HIER_INST1/enable 
        RC_CGIC_INST/E         ICGPRECX1(slow)                          +0   34738               
        RC_CGIC_INST/CK        setup                              0   +322   35059 F             
- - - - - - - - - - - - - - - - - - - - - - - - - - - - - - - - - - - - - - - - - - - - - - - - -
(clock sys_clk)                capture                                       41665 F             
                               uncertainty                           -2000   39665 F             
-------------------------------------------------------------------------------------------------
Cost Group   : 'cg_enable_group_sys_clk' (path_group 'cg_enable_group_sys_clk')
Timing slack :    4606ps 
Start-point  : tx_wr_en
End-point    : tx_inst/fifo_inst/memory_inst/pow_opt_RC_CG_HIER_INST1/RC_CGIC_INST/E

path  17:

            Pin                      Type          Fanout Load Slew  Delay Arrival   Location    
                                    (Domain)              (fF) (ps)  (ps)    (ps)       (x,   y) 
-------------------------------------------------------------------------------------------------
(clock sys_clk)                launch                                            0 R             
(constraint.sdc_line_15_3_1)   ext delay                            +33000   33000 R             
tx_wr_en                       in port                  1  9.6   75    +49   33049 R             
tx_inst/wr_en 
  fifo_inst/wr_en 
    write_pointer_inst/wr_en 
      g64__2883/B                                                       +0   33049               
      g64__2883/Y              CLKAND2X2_LP(slow)       6 44.5  523   +565   33615 R             
      pow_opt_RC_CG_HIER_INST18/enable 
        RC_CGIC_INST/E         ICGPRECX1(slow)                          +0   33615               
        RC_CGIC_INST/CK        setup                              0   +378   33993 F             
- - - - - - - - - - - - - - - - - - - - - - - - - - - - - - - - - - - - - - - - - - - - - - - - -
(clock sys_clk)                capture                                       41665 F             
                               uncertainty                           -2000   39665 F             
-------------------------------------------------------------------------------------------------
Cost Group   : 'cg_enable_group_sys_clk' (path_group 'cg_enable_group_sys_clk')
Timing slack :    5672ps 
Start-point  : tx_wr_en
End-point    : tx_inst/fifo_inst/write_pointer_inst/pow_opt_RC_CG_HIER_INST18/RC_CGIC_INST/E

path  18:

            Pin                      Type          Fanout Load Slew  Delay Arrival   Location    
                                    (Domain)              (fF) (ps)  (ps)    (ps)       (x,   y) 
-------------------------------------------------------------------------------------------------
(clock sys_clk)                launch                                            0 R             
(constraint.sdc_line_15_2_1)   ext delay                            +33000   33000 F             
rx_read_en                     in port                  1  9.6   59    +44   33044 F             
rx_inst/read_en 
  fifo_inst/rd_en 
    read_pointer_inst/rd_en 
      g64__4733/B                                                       +0   33045               
      g64__4733/Y              CLKAND2X2_LP(slow)       5 35.4  216   +371   33416 F             
      pow_opt_RC_CG_HIER_INST17/enable 
        RC_CGIC_INST/E         ICGPRECX1(slow)                          +0   33416               
        RC_CGIC_INST/CK        setup                              0   +508   33924 F             
- - - - - - - - - - - - - - - - - - - - - - - - - - - - - - - - - - - - - - - - - - - - - - - - -
(clock sys_clk)                capture                                       41665 F             
                               uncertainty                           -2000   39665 F             
-------------------------------------------------------------------------------------------------
Cost Group   : 'cg_enable_group_sys_clk' (path_group 'cg_enable_group_sys_clk')
Timing slack :    5741ps 
Start-point  : rx_read_en
End-point    : rx_inst/fifo_inst/read_pointer_inst/pow_opt_RC_CG_HIER_INST17/RC_CGIC_INST/E

path  19:

            Pin                      Type          Fanout Load Slew  Delay Arrival   Location    
                                    (Domain)              (fF) (ps)  (ps)    (ps)       (x,   y) 
-------------------------------------------------------------------------------------------------
(clock sys_clk)                launch                                            0 R             
(constraint.sdc_line_15_2_1)   ext delay                            +33000   33000 F             
rx_read_en                     in port                  1  9.6   59    +44   33044 F             
rx_inst/read_en 
  fifo_inst/rd_en 
    read_pointer_inst/rd_en 
      g64__4733/B                                                       +0   33045               
      g64__4733/Y              CLKAND2X2_LP(slow)       5 35.4  216   +371   33416 F             
    read_pointer_inst/can_read 
    memory_inst/can_read 
      pow_opt_RC_CG_HIER_INST0/enable 
        RC_CGIC_INST/E         ICGPRECX1(slow)                          +0   33416               
        RC_CGIC_INST/CK        setup                              0   +508   33924 F             
- - - - - - - - - - - - - - - - - - - - - - - - - - - - - - - - - - - - - - - - - - - - - - - - -
(clock sys_clk)                capture                                       41665 F             
                               uncertainty                           -2000   39665 F             
-------------------------------------------------------------------------------------------------
Cost Group   : 'cg_enable_group_sys_clk' (path_group 'cg_enable_group_sys_clk')
Timing slack :    5741ps 
Start-point  : rx_read_en
End-point    : rx_inst/fifo_inst/memory_inst/pow_opt_RC_CG_HIER_INST0/RC_CGIC_INST/E

path  20:

         Pin                    Type          Fanout Load Slew Delay Arrival   Location    
                               (Domain)              (fF) (ps)  (ps)   (ps)       (x,   y) 
-------------------------------------------------------------------------------------------
(clock sys_clk)           launch                                           0 R             
rx_inst
  fifo_inst
    state_inst
      f_full_reg/CK                                          0    +0       0 R             
      f_full_reg/Q        DFFRX1_LP(slow)          3 30.5  397  +904     904 F             
    state_inst/f_full 
    write_pointer_inst/f_full 
      g58/A                                                       +0     904               
      g58/Y               INVX1_LP(slow)           1  9.6  307  +435    1339 R             
      g64__7098/B                                                 +0    1339               
      g64__7098/Y         CLKAND2X2_LP(slow)       5 37.1  441  +612    1951 R             
    write_pointer_inst/can_write 
    memory_inst/can_write 
      g1214/A                                                     +0    1951               
      g1214/Y             INVX1_LP(slow)           1 11.2  216  +334    2285 F             
      g1207__1617/B                                               +0    2285               
      g1207__1617/Y       NOR2X2_LP(slow)          2 18.3  527  +513    2798 R             
      g1205/A                                                     +0    2798               
      g1205/Y             CLKINVX1_LP(slow)        1 11.2  236  +372    3171 F             
      g1200__8428/B                                               +0    3171               
      g1200__8428/Y       NOR2X2_LP(slow)          2 15.2  450  +464    3635 R             
      g1199/A                                                     +0    3635               
      g1199/Y             INVX1_LP(slow)           3 25.7  363  +491    4126 F             
      g1194__5477/B                                               +0    4126               
      g1194__5477/Y       NOR2X2_LP(slow)          1  9.7  329  +422    4547 R             
      pow_opt_RC_CG_HIER_INST15/enable 
        RC_CGIC_INST/E    ICGPRECX1(slow)                         +0    4547               
        RC_CGIC_INST/CK   setup                              0  +307    4854 F             
- - - - - - - - - - - - - - - - - - - - - - - - - - - - - - - - - - - - - - - - - - - - - -
(clock sys_clk)           capture                                      41665 F             
                          uncertainty                          -2000   39665 F             
-------------------------------------------------------------------------------------------
Cost Group   : 'cg_enable_group_sys_clk' (path_group 'cg_enable_group_sys_clk')
Timing slack :   34811ps 
Start-point  : rx_inst/fifo_inst/state_inst/f_full_reg/CK
End-point    : rx_inst/fifo_inst/memory_inst/pow_opt_RC_CG_HIER_INST15/RC_CGIC_INST/E

path  21:

         Pin                    Type          Fanout Load Slew Delay Arrival   Location    
                               (Domain)              (fF) (ps)  (ps)   (ps)       (x,   y) 
-------------------------------------------------------------------------------------------
(clock sys_clk)           launch                                           0 R             
rx_inst
  fifo_inst
    state_inst
      f_full_reg/CK                                          0    +0       0 R             
      f_full_reg/Q        DFFRX1_LP(slow)          3 30.5  397  +904     904 F             
    state_inst/f_full 
    write_pointer_inst/f_full 
      g58/A                                                       +0     904               
      g58/Y               INVX1_LP(slow)           1  9.6  307  +435    1339 R             
      g64__7098/B                                                 +0    1339               
      g64__7098/Y         CLKAND2X2_LP(slow)       5 37.1  441  +612    1951 R             
    write_pointer_inst/can_write 
    memory_inst/can_write 
      g1214/A                                                     +0    1951               
      g1214/Y             INVX1_LP(slow)           1 11.2  216  +334    2285 F             
      g1207__1617/B                                               +0    2285               
      g1207__1617/Y       NOR2X2_LP(slow)          2 18.3  527  +513    2798 R             
      g1205/A                                                     +0    2798               
      g1205/Y             CLKINVX1_LP(slow)        1 11.2  236  +372    3171 F             
      g1200__8428/B                                               +0    3171               
      g1200__8428/Y       NOR2X2_LP(slow)          2 15.2  450  +464    3635 R             
      g1199/A                                                     +0    3635               
      g1199/Y             INVX1_LP(slow)           3 25.7  363  +491    4126 F             
      g1184__7482/B                                               +0    4126               
      g1184__7482/Y       NOR2X2_LP(slow)          1  9.7  329  +422    4547 R             
      pow_opt_RC_CG_HIER_INST12/enable 
        RC_CGIC_INST/E    ICGPRECX1(slow)                         +0    4547               
        RC_CGIC_INST/CK   setup                              0  +307    4854 F             
- - - - - - - - - - - - - - - - - - - - - - - - - - - - - - - - - - - - - - - - - - - - - -
(clock sys_clk)           capture                                      41665 F             
                          uncertainty                          -2000   39665 F             
-------------------------------------------------------------------------------------------
Cost Group   : 'cg_enable_group_sys_clk' (path_group 'cg_enable_group_sys_clk')
Timing slack :   34811ps 
Start-point  : rx_inst/fifo_inst/state_inst/f_full_reg/CK
End-point    : rx_inst/fifo_inst/memory_inst/pow_opt_RC_CG_HIER_INST12/RC_CGIC_INST/E

path  22:

         Pin                    Type          Fanout Load Slew Delay Arrival   Location    
                               (Domain)              (fF) (ps)  (ps)   (ps)       (x,   y) 
-------------------------------------------------------------------------------------------
(clock sys_clk)           launch                                           0 R             
rx_inst
  fifo_inst
    state_inst
      f_full_reg/CK                                          0    +0       0 R             
      f_full_reg/Q        DFFRX1_LP(slow)          3 30.5  397  +904     904 F             
    state_inst/f_full 
    write_pointer_inst/f_full 
      g58/A                                                       +0     904               
      g58/Y               INVX1_LP(slow)           1  9.6  307  +435    1339 R             
      g64__7098/B                                                 +0    1339               
      g64__7098/Y         CLKAND2X2_LP(slow)       5 37.1  441  +612    1951 R             
    write_pointer_inst/can_write 
    memory_inst/can_write 
      g1214/A                                                     +0    1951               
      g1214/Y             INVX1_LP(slow)           1 11.2  216  +334    2285 F             
      g1207__1617/B                                               +0    2285               
      g1207__1617/Y       NOR2X2_LP(slow)          2 18.3  527  +513    2798 R             
      g1205/A                                                     +0    2798               
      g1205/Y             CLKINVX1_LP(slow)        1 11.2  236  +372    3171 F             
      g1200__8428/B                                               +0    3171               
      g1200__8428/Y       NOR2X2_LP(slow)          2 15.2  450  +464    3635 R             
      g1199/A                                                     +0    3635               
      g1199/Y             INVX1_LP(slow)           3 25.7  363  +491    4126 F             
      g1196__5107/B                                               +0    4126               
      g1196__5107/Y       NOR2X2_LP(slow)          1  9.7  329  +422    4547 R             
      pow_opt_RC_CG_HIER_INST11/enable 
        RC_CGIC_INST/E    ICGPRECX1(slow)                         +0    4547               
        RC_CGIC_INST/CK   setup                              0  +307    4854 F             
- - - - - - - - - - - - - - - - - - - - - - - - - - - - - - - - - - - - - - - - - - - - - -
(clock sys_clk)           capture                                      41665 F             
                          uncertainty                          -2000   39665 F             
-------------------------------------------------------------------------------------------
Cost Group   : 'cg_enable_group_sys_clk' (path_group 'cg_enable_group_sys_clk')
Timing slack :   34811ps 
Start-point  : rx_inst/fifo_inst/state_inst/f_full_reg/CK
End-point    : rx_inst/fifo_inst/memory_inst/pow_opt_RC_CG_HIER_INST11/RC_CGIC_INST/E

path  23:

         Pin                    Type          Fanout Load Slew Delay Arrival   Location    
                               (Domain)              (fF) (ps)  (ps)   (ps)       (x,   y) 
-------------------------------------------------------------------------------------------
(clock sys_clk)           launch                                           0 R             
rx_inst
  fifo_inst
    state_inst
      f_full_reg/CK                                          0    +0       0 R             
      f_full_reg/Q        DFFRX1_LP(slow)          3 30.5  397  +904     904 F             
    state_inst/f_full 
    write_pointer_inst/f_full 
      g58/A                                                       +0     904               
      g58/Y               INVX1_LP(slow)           1  9.6  307  +435    1339 R             
      g64__7098/B                                                 +0    1339               
      g64__7098/Y         CLKAND2X2_LP(slow)       5 37.1  441  +612    1951 R             
    write_pointer_inst/can_write 
    memory_inst/can_write 
      g1214/A                                                     +0    1951               
      g1214/Y             INVX1_LP(slow)           1 11.2  216  +334    2285 F             
      g1207__1617/B                                               +0    2285               
      g1207__1617/Y       NOR2X2_LP(slow)          2 18.3  527  +513    2798 R             
      g1205/A                                                     +0    2798               
      g1205/Y             CLKINVX1_LP(slow)        1 11.2  236  +372    3171 F             
      g1200__8428/B                                               +0    3171               
      g1200__8428/Y       NOR2X2_LP(slow)          2 15.2  450  +464    3635 R             
      g1188__9945/B                                               +0    3635               
      g1188__9945/Y       CLKAND2X2_LP(slow)       1  9.7  146  +436    4070 R             
      pow_opt_RC_CG_HIER_INST16/enable 
        RC_CGIC_INST/E    ICGPRECX1(slow)                         +0    4071               
        RC_CGIC_INST/CK   setup                              0  +240    4310 F             
- - - - - - - - - - - - - - - - - - - - - - - - - - - - - - - - - - - - - - - - - - - - - -
(clock sys_clk)           capture                                      41665 F             
                          uncertainty                          -2000   39665 F             
-------------------------------------------------------------------------------------------
Cost Group   : 'cg_enable_group_sys_clk' (path_group 'cg_enable_group_sys_clk')
Timing slack :   35355ps 
Start-point  : rx_inst/fifo_inst/state_inst/f_full_reg/CK
End-point    : rx_inst/fifo_inst/memory_inst/pow_opt_RC_CG_HIER_INST16/RC_CGIC_INST/E

path  24:

         Pin                    Type          Fanout Load Slew Delay Arrival   Location    
                               (Domain)              (fF) (ps)  (ps)   (ps)       (x,   y) 
-------------------------------------------------------------------------------------------
(clock sys_clk)           launch                                           0 R             
rx_inst
  fifo_inst
    state_inst
      f_full_reg/CK                                          0    +0       0 R             
      f_full_reg/Q        DFFRX1_LP(slow)          3 30.5  397  +904     904 F             
    state_inst/f_full 
    write_pointer_inst/f_full 
      g58/A                                                       +0     904               
      g58/Y               INVX1_LP(slow)           1  9.6  307  +435    1339 R             
      g64__7098/B                                                 +0    1339               
      g64__7098/Y         CLKAND2X2_LP(slow)       5 37.1  441  +612    1951 R             
    write_pointer_inst/can_write 
    memory_inst/can_write 
      g1214/A                                                     +0    1951               
      g1214/Y             INVX1_LP(slow)           1 11.2  216  +334    2285 F             
      g1207__1617/B                                               +0    2285               
      g1207__1617/Y       NOR2X2_LP(slow)          2 18.3  527  +513    2798 R             
      g1203__6783/B                                               +0    2798               
      g1203__6783/Y       NAND2X2_LP(slow)         4 32.9  398  +508    3307 F             
      g1183__5115/B                                               +0    3307               
      g1183__5115/Y       NOR2X2_LP(slow)          1  9.7  337  +436    3744 R             
      pow_opt_RC_CG_HIER_INST14/enable 
        RC_CGIC_INST/E    ICGPRECX1(slow)                         +0    3744               
        RC_CGIC_INST/CK   setup                              0  +310    4053 F             
- - - - - - - - - - - - - - - - - - - - - - - - - - - - - - - - - - - - - - - - - - - - - -
(clock sys_clk)           capture                                      41665 F             
                          uncertainty                          -2000   39665 F             
-------------------------------------------------------------------------------------------
Cost Group   : 'cg_enable_group_sys_clk' (path_group 'cg_enable_group_sys_clk')
Timing slack :   35612ps 
Start-point  : rx_inst/fifo_inst/state_inst/f_full_reg/CK
End-point    : rx_inst/fifo_inst/memory_inst/pow_opt_RC_CG_HIER_INST14/RC_CGIC_INST/E

path  25:

         Pin                    Type          Fanout Load Slew Delay Arrival   Location    
                               (Domain)              (fF) (ps)  (ps)   (ps)       (x,   y) 
-------------------------------------------------------------------------------------------
(clock sys_clk)           launch                                           0 R             
rx_inst
  fifo_inst
    state_inst
      f_full_reg/CK                                          0    +0       0 R             
      f_full_reg/Q        DFFRX1_LP(slow)          3 30.5  397  +904     904 F             
    state_inst/f_full 
    write_pointer_inst/f_full 
      g58/A                                                       +0     904               
      g58/Y               INVX1_LP(slow)           1  9.6  307  +435    1339 R             
      g64__7098/B                                                 +0    1339               
      g64__7098/Y         CLKAND2X2_LP(slow)       5 37.1  441  +612    1951 R             
    write_pointer_inst/can_write 
    memory_inst/can_write 
      g1214/A                                                     +0    1951               
      g1214/Y             INVX1_LP(slow)           1 11.2  216  +334    2285 F             
      g1207__1617/B                                               +0    2285               
      g1207__1617/Y       NOR2X2_LP(slow)          2 18.3  527  +513    2798 R             
      g1203__6783/B                                               +0    2798               
      g1203__6783/Y       NAND2X2_LP(slow)         4 32.9  398  +508    3307 F             
      g1191__1666/B                                               +0    3307               
      g1191__1666/Y       NOR2X2_LP(slow)          1  9.7  337  +436    3744 R             
      pow_opt_RC_CG_HIER_INST13/enable 
        RC_CGIC_INST/E    ICGPRECX1(slow)                         +0    3744               
        RC_CGIC_INST/CK   setup                              0  +310    4053 F             
- - - - - - - - - - - - - - - - - - - - - - - - - - - - - - - - - - - - - - - - - - - - - -
(clock sys_clk)           capture                                      41665 F             
                          uncertainty                          -2000   39665 F             
-------------------------------------------------------------------------------------------
Cost Group   : 'cg_enable_group_sys_clk' (path_group 'cg_enable_group_sys_clk')
Timing slack :   35612ps 
Start-point  : rx_inst/fifo_inst/state_inst/f_full_reg/CK
End-point    : rx_inst/fifo_inst/memory_inst/pow_opt_RC_CG_HIER_INST13/RC_CGIC_INST/E

path  26:

         Pin                    Type          Fanout Load Slew Delay Arrival   Location    
                               (Domain)              (fF) (ps)  (ps)   (ps)       (x,   y) 
-------------------------------------------------------------------------------------------
(clock sys_clk)           launch                                           0 R             
rx_inst
  fifo_inst
    state_inst
      f_full_reg/CK                                          0    +0       0 R             
      f_full_reg/Q        DFFRX1_LP(slow)          3 30.5  397  +904     904 F             
    state_inst/f_full 
    write_pointer_inst/f_full 
      g58/A                                                       +0     904               
      g58/Y               INVX1_LP(slow)           1  9.6  307  +435    1339 R             
      g64__7098/B                                                 +0    1339               
      g64__7098/Y         CLKAND2X2_LP(slow)       5 37.1  441  +612    1951 R             
    write_pointer_inst/can_write 
    memory_inst/can_write 
      g1214/A                                                     +0    1951               
      g1214/Y             INVX1_LP(slow)           1 11.2  216  +334    2285 F             
      g1207__1617/B                                               +0    2285               
      g1207__1617/Y       NOR2X2_LP(slow)          2 18.3  527  +513    2798 R             
      g1203__6783/B                                               +0    2798               
      g1203__6783/Y       NAND2X2_LP(slow)         4 32.9  398  +508    3307 F             
      g1193__6417/B                                               +0    3307               
      g1193__6417/Y       NOR2X2_LP(slow)          1  9.7  337  +436    3744 R             
      pow_opt_RC_CG_HIER_INST10/enable 
        RC_CGIC_INST/E    ICGPRECX1(slow)                         +0    3744               
        RC_CGIC_INST/CK   setup                              0  +310    4053 F             
- - - - - - - - - - - - - - - - - - - - - - - - - - - - - - - - - - - - - - - - - - - - - -
(clock sys_clk)           capture                                      41665 F             
                          uncertainty                          -2000   39665 F             
-------------------------------------------------------------------------------------------
Cost Group   : 'cg_enable_group_sys_clk' (path_group 'cg_enable_group_sys_clk')
Timing slack :   35612ps 
Start-point  : rx_inst/fifo_inst/state_inst/f_full_reg/CK
End-point    : rx_inst/fifo_inst/memory_inst/pow_opt_RC_CG_HIER_INST10/RC_CGIC_INST/E

path  27:

         Pin                    Type          Fanout Load Slew Delay Arrival   Location    
                               (Domain)              (fF) (ps)  (ps)   (ps)       (x,   y) 
-------------------------------------------------------------------------------------------
(clock sys_clk)           launch                                           0 R             
rx_inst
  fifo_inst
    state_inst
      f_full_reg/CK                                          0    +0       0 R             
      f_full_reg/Q        DFFRX1_LP(slow)          3 30.5  397  +904     904 F             
    state_inst/f_full 
    write_pointer_inst/f_full 
      g58/A                                                       +0     904               
      g58/Y               INVX1_LP(slow)           1  9.6  307  +435    1339 R             
      g64__7098/B                                                 +0    1339               
      g64__7098/Y         CLKAND2X2_LP(slow)       5 37.1  441  +612    1951 R             
    write_pointer_inst/can_write 
    memory_inst/can_write 
      g1214/A                                                     +0    1951               
      g1214/Y             INVX1_LP(slow)           1 11.2  216  +334    2285 F             
      g1207__1617/B                                               +0    2285               
      g1207__1617/Y       NOR2X2_LP(slow)          2 18.3  527  +513    2798 R             
      g1203__6783/B                                               +0    2798               
      g1203__6783/Y       NAND2X2_LP(slow)         4 32.9  398  +508    3307 F             
      g1197__6260/B                                               +0    3307               
      g1197__6260/Y       NOR2X2_LP(slow)          1  9.7  337  +436    3744 R             
      pow_opt_RC_CG_HIER_INST9/enable 
        RC_CGIC_INST/E    ICGPRECX1(slow)                         +0    3744               
        RC_CGIC_INST/CK   setup                              0  +310    4053 F             
- - - - - - - - - - - - - - - - - - - - - - - - - - - - - - - - - - - - - - - - - - - - - -
(clock sys_clk)           capture                                      41665 F             
                          uncertainty                          -2000   39665 F             
-------------------------------------------------------------------------------------------
Cost Group   : 'cg_enable_group_sys_clk' (path_group 'cg_enable_group_sys_clk')
Timing slack :   35612ps 
Start-point  : rx_inst/fifo_inst/state_inst/f_full_reg/CK
End-point    : rx_inst/fifo_inst/memory_inst/pow_opt_RC_CG_HIER_INST9/RC_CGIC_INST/E

path  28:

         Pin                    Type          Fanout Load Slew Delay Arrival   Location    
                               (Domain)              (fF) (ps)  (ps)   (ps)       (x,   y) 
-------------------------------------------------------------------------------------------
(clock sys_clk)           launch                                           0 R             
rx_inst
  fifo_inst
    state_inst
      f_full_reg/CK                                          0    +0       0 R             
      f_full_reg/Q        DFFRX1_LP(slow)          3 30.5  397  +904     904 F             
    state_inst/f_full 
    write_pointer_inst/f_full 
      g58/A                                                       +0     904               
      g58/Y               INVX1_LP(slow)           1  9.6  307  +435    1339 R             
      g64__7098/B                                                 +0    1339               
      g64__7098/Y         CLKAND2X2_LP(slow)       5 37.1  441  +612    1951 R             
    write_pointer_inst/can_write 
    memory_inst/can_write 
      g1208__2802/B                                               +0    1951               
      g1208__2802/Y       NAND2X2_LP(slow)         2 16.8  245  +340    2290 F             
      g1204__3680/B                                               +0    2290               
      g1204__3680/Y       NOR2X2_LP(slow)          2 16.6  485  +495    2786 R             
      g1202/A                                                     +0    2786               
      g1202/Y             CLKINVX1_LP(slow)        3 25.7  373  +516    3302 F             
      g1189__2883/B                                               +0    3302               
      g1189__2883/Y       NOR2X2_LP(slow)          1  9.7  331  +426    3728 R             
      pow_opt_RC_CG_HIER_INST7/enable 
        RC_CGIC_INST/E    ICGPRECX1(slow)                         +0    3728               
        RC_CGIC_INST/CK   setup                              0  +308    4036 F             
- - - - - - - - - - - - - - - - - - - - - - - - - - - - - - - - - - - - - - - - - - - - - -
(clock sys_clk)           capture                                      41665 F             
                          uncertainty                          -2000   39665 F             
-------------------------------------------------------------------------------------------
Cost Group   : 'cg_enable_group_sys_clk' (path_group 'cg_enable_group_sys_clk')
Timing slack :   35629ps 
Start-point  : rx_inst/fifo_inst/state_inst/f_full_reg/CK
End-point    : rx_inst/fifo_inst/memory_inst/pow_opt_RC_CG_HIER_INST7/RC_CGIC_INST/E

path  29:

         Pin                    Type          Fanout Load Slew Delay Arrival   Location    
                               (Domain)              (fF) (ps)  (ps)   (ps)       (x,   y) 
-------------------------------------------------------------------------------------------
(clock sys_clk)           launch                                           0 R             
rx_inst
  fifo_inst
    state_inst
      f_full_reg/CK                                          0    +0       0 R             
      f_full_reg/Q        DFFRX1_LP(slow)          3 30.5  397  +904     904 F             
    state_inst/f_full 
    write_pointer_inst/f_full 
      g58/A                                                       +0     904               
      g58/Y               INVX1_LP(slow)           1  9.6  307  +435    1339 R             
      g64__7098/B                                                 +0    1339               
      g64__7098/Y         CLKAND2X2_LP(slow)       5 37.1  441  +612    1951 R             
    write_pointer_inst/can_write 
    memory_inst/can_write 
      g1208__2802/B                                               +0    1951               
      g1208__2802/Y       NAND2X2_LP(slow)         2 16.8  245  +340    2290 F             
      g1204__3680/B                                               +0    2290               
      g1204__3680/Y       NOR2X2_LP(slow)          2 16.6  485  +495    2786 R             
      g1202/A                                                     +0    2786               
      g1202/Y             CLKINVX1_LP(slow)        3 25.7  373  +516    3302 F             
      g1195__2398/B                                               +0    3302               
      g1195__2398/Y       NOR2X2_LP(slow)          1  9.7  331  +426    3728 R             
      pow_opt_RC_CG_HIER_INST4/enable 
        RC_CGIC_INST/E    ICGPRECX1(slow)                         +0    3728               
        RC_CGIC_INST/CK   setup                              0  +308    4036 F             
- - - - - - - - - - - - - - - - - - - - - - - - - - - - - - - - - - - - - - - - - - - - - -
(clock sys_clk)           capture                                      41665 F             
                          uncertainty                          -2000   39665 F             
-------------------------------------------------------------------------------------------
Cost Group   : 'cg_enable_group_sys_clk' (path_group 'cg_enable_group_sys_clk')
Timing slack :   35629ps 
Start-point  : rx_inst/fifo_inst/state_inst/f_full_reg/CK
End-point    : rx_inst/fifo_inst/memory_inst/pow_opt_RC_CG_HIER_INST4/RC_CGIC_INST/E

path  30:

         Pin                    Type          Fanout Load Slew Delay Arrival   Location    
                               (Domain)              (fF) (ps)  (ps)   (ps)       (x,   y) 
-------------------------------------------------------------------------------------------
(clock sys_clk)           launch                                           0 R             
rx_inst
  fifo_inst
    state_inst
      f_full_reg/CK                                          0    +0       0 R             
      f_full_reg/Q        DFFRX1_LP(slow)          3 30.5  397  +904     904 F             
    state_inst/f_full 
    write_pointer_inst/f_full 
      g58/A                                                       +0     904               
      g58/Y               INVX1_LP(slow)           1  9.6  307  +435    1339 R             
      g64__7098/B                                                 +0    1339               
      g64__7098/Y         CLKAND2X2_LP(slow)       5 37.1  441  +612    1951 R             
    write_pointer_inst/can_write 
    memory_inst/can_write 
      g1208__2802/B                                               +0    1951               
      g1208__2802/Y       NAND2X2_LP(slow)         2 16.8  245  +340    2290 F             
      g1204__3680/B                                               +0    2290               
      g1204__3680/Y       NOR2X2_LP(slow)          2 16.6  485  +495    2786 R             
      g1202/A                                                     +0    2786               
      g1202/Y             CLKINVX1_LP(slow)        3 25.7  373  +516    3302 F             
      g1198__4319/B                                               +0    3302               
      g1198__4319/Y       NOR2X2_LP(slow)          1  9.7  331  +426    3728 R             
      pow_opt_RC_CG_HIER_INST3/enable 
        RC_CGIC_INST/E    ICGPRECX1(slow)                         +0    3728               
        RC_CGIC_INST/CK   setup                              0  +308    4036 F             
- - - - - - - - - - - - - - - - - - - - - - - - - - - - - - - - - - - - - - - - - - - - - -
(clock sys_clk)           capture                                      41665 F             
                          uncertainty                          -2000   39665 F             
-------------------------------------------------------------------------------------------
Cost Group   : 'cg_enable_group_sys_clk' (path_group 'cg_enable_group_sys_clk')
Timing slack :   35629ps 
Start-point  : rx_inst/fifo_inst/state_inst/f_full_reg/CK
End-point    : rx_inst/fifo_inst/memory_inst/pow_opt_RC_CG_HIER_INST3/RC_CGIC_INST/E

path  31:

         Pin                    Type          Fanout Load Slew Delay Arrival   Location    
                               (Domain)              (fF) (ps)  (ps)   (ps)       (x,   y) 
-------------------------------------------------------------------------------------------
(clock sys_clk)           launch                                           0 R             
rx_inst
  fifo_inst
    state_inst
      f_full_reg/CK                                          0    +0       0 R             
      f_full_reg/Q        DFFRX1_LP(slow)          3 30.5  397  +904     904 F             
    state_inst/f_full 
    write_pointer_inst/f_full 
      g58/A                                                       +0     904               
      g58/Y               INVX1_LP(slow)           1  9.6  307  +435    1339 R             
      g64__7098/B                                                 +0    1339               
      g64__7098/Y         CLKAND2X2_LP(slow)       5 37.1  441  +612    1951 R             
    write_pointer_inst/can_write 
    memory_inst/can_write 
      g1208__2802/B                                               +0    1951               
      g1208__2802/Y       NAND2X2_LP(slow)         2 16.8  245  +340    2290 F             
      g1206/A                                                     +0    2290               
      g1206/Y             INVX1_LP(slow)           1 11.3  324  +381    2672 R             
      g1201__5526/B                                               +0    2672               
      g1201__5526/Y       NAND2X2_LP(slow)         4 32.9  359  +422    3094 F             
      g1186__6161/B                                               +0    3094               
      g1186__6161/Y       NOR2X2_LP(slow)          1  9.7  328  +420    3514 R             
      pow_opt_RC_CG_HIER_INST6/enable 
        RC_CGIC_INST/E    ICGPRECX1(slow)                         +0    3514               
        RC_CGIC_INST/CK   setup                              0  +306    3820 F             
- - - - - - - - - - - - - - - - - - - - - - - - - - - - - - - - - - - - - - - - - - - - - -
(clock sys_clk)           capture                                      41665 F             
                          uncertainty                          -2000   39665 F             
-------------------------------------------------------------------------------------------
Cost Group   : 'cg_enable_group_sys_clk' (path_group 'cg_enable_group_sys_clk')
Timing slack :   35845ps 
Start-point  : rx_inst/fifo_inst/state_inst/f_full_reg/CK
End-point    : rx_inst/fifo_inst/memory_inst/pow_opt_RC_CG_HIER_INST6/RC_CGIC_INST/E

path  32:

         Pin                    Type          Fanout Load Slew Delay Arrival   Location    
                               (Domain)              (fF) (ps)  (ps)   (ps)       (x,   y) 
-------------------------------------------------------------------------------------------
(clock sys_clk)           launch                                           0 R             
rx_inst
  fifo_inst
    state_inst
      f_full_reg/CK                                          0    +0       0 R             
      f_full_reg/Q        DFFRX1_LP(slow)          3 30.5  397  +904     904 F             
    state_inst/f_full 
    write_pointer_inst/f_full 
      g58/A                                                       +0     904               
      g58/Y               INVX1_LP(slow)           1  9.6  307  +435    1339 R             
      g64__7098/B                                                 +0    1339               
      g64__7098/Y         CLKAND2X2_LP(slow)       5 37.1  441  +612    1951 R             
    write_pointer_inst/can_write 
    memory_inst/can_write 
      g1208__2802/B                                               +0    1951               
      g1208__2802/Y       NAND2X2_LP(slow)         2 16.8  245  +340    2290 F             
      g1206/A                                                     +0    2290               
      g1206/Y             INVX1_LP(slow)           1 11.3  324  +381    2672 R             
      g1201__5526/B                                               +0    2672               
      g1201__5526/Y       NAND2X2_LP(slow)         4 32.9  359  +422    3094 F             
      g1185__4733/B                                               +0    3094               
      g1185__4733/Y       NOR2X2_LP(slow)          1  9.7  328  +420    3514 R             
      pow_opt_RC_CG_HIER_INST5/enable 
        RC_CGIC_INST/E    ICGPRECX1(slow)                         +0    3514               
        RC_CGIC_INST/CK   setup                              0  +306    3820 F             
- - - - - - - - - - - - - - - - - - - - - - - - - - - - - - - - - - - - - - - - - - - - - -
(clock sys_clk)           capture                                      41665 F             
                          uncertainty                          -2000   39665 F             
-------------------------------------------------------------------------------------------
Cost Group   : 'cg_enable_group_sys_clk' (path_group 'cg_enable_group_sys_clk')
Timing slack :   35845ps 
Start-point  : rx_inst/fifo_inst/state_inst/f_full_reg/CK
End-point    : rx_inst/fifo_inst/memory_inst/pow_opt_RC_CG_HIER_INST5/RC_CGIC_INST/E

path  33:

         Pin                    Type          Fanout Load Slew Delay Arrival   Location    
                               (Domain)              (fF) (ps)  (ps)   (ps)       (x,   y) 
-------------------------------------------------------------------------------------------
(clock sys_clk)           launch                                           0 R             
rx_inst
  fifo_inst
    state_inst
      f_full_reg/CK                                          0    +0       0 R             
      f_full_reg/Q        DFFRX1_LP(slow)          3 30.5  397  +904     904 F             
    state_inst/f_full 
    write_pointer_inst/f_full 
      g58/A                                                       +0     904               
      g58/Y               INVX1_LP(slow)           1  9.6  307  +435    1339 R             
      g64__7098/B                                                 +0    1339               
      g64__7098/Y         CLKAND2X2_LP(slow)       5 37.1  441  +612    1951 R             
    write_pointer_inst/can_write 
    memory_inst/can_write 
      g1208__2802/B                                               +0    1951               
      g1208__2802/Y       NAND2X2_LP(slow)         2 16.8  245  +340    2290 F             
      g1206/A                                                     +0    2290               
      g1206/Y             INVX1_LP(slow)           1 11.3  324  +381    2672 R             
      g1201__5526/B                                               +0    2672               
      g1201__5526/Y       NAND2X2_LP(slow)         4 32.9  359  +422    3094 F             
      g1190__2346/B                                               +0    3094               
      g1190__2346/Y       NOR2X2_LP(slow)          1  9.7  328  +420    3514 R             
      pow_opt_RC_CG_HIER_INST2/enable 
        RC_CGIC_INST/E    ICGPRECX1(slow)                         +0    3514               
        RC_CGIC_INST/CK   setup                              0  +306    3820 F             
- - - - - - - - - - - - - - - - - - - - - - - - - - - - - - - - - - - - - - - - - - - - - -
(clock sys_clk)           capture                                      41665 F             
                          uncertainty                          -2000   39665 F             
-------------------------------------------------------------------------------------------
Cost Group   : 'cg_enable_group_sys_clk' (path_group 'cg_enable_group_sys_clk')
Timing slack :   35845ps 
Start-point  : rx_inst/fifo_inst/state_inst/f_full_reg/CK
End-point    : rx_inst/fifo_inst/memory_inst/pow_opt_RC_CG_HIER_INST2/RC_CGIC_INST/E

path  34:

         Pin                    Type          Fanout Load Slew Delay Arrival   Location    
                               (Domain)              (fF) (ps)  (ps)   (ps)       (x,   y) 
-------------------------------------------------------------------------------------------
(clock sys_clk)           launch                                           0 R             
rx_inst
  fifo_inst
    state_inst
      f_full_reg/CK                                          0    +0       0 R             
      f_full_reg/Q        DFFRX1_LP(slow)          3 30.5  397  +904     904 F             
    state_inst/f_full 
    write_pointer_inst/f_full 
      g58/A                                                       +0     904               
      g58/Y               INVX1_LP(slow)           1  9.6  307  +435    1339 R             
      g64__7098/B                                                 +0    1339               
      g64__7098/Y         CLKAND2X2_LP(slow)       5 37.1  441  +612    1951 R             
    write_pointer_inst/can_write 
    memory_inst/can_write 
      g1208__2802/B                                               +0    1951               
      g1208__2802/Y       NAND2X2_LP(slow)         2 16.8  245  +340    2290 F             
      g1206/A                                                     +0    2290               
      g1206/Y             INVX1_LP(slow)           1 11.3  324  +381    2672 R             
      g1201__5526/B                                               +0    2672               
      g1201__5526/Y       NAND2X2_LP(slow)         4 32.9  359  +422    3094 F             
      g1192__7410/B                                               +0    3094               
      g1192__7410/Y       NOR2X2_LP(slow)          1  9.7  328  +420    3514 R             
      pow_opt_RC_CG_HIER_INST1/enable 
        RC_CGIC_INST/E    ICGPRECX1(slow)                         +0    3514               
        RC_CGIC_INST/CK   setup                              0  +306    3820 F             
- - - - - - - - - - - - - - - - - - - - - - - - - - - - - - - - - - - - - - - - - - - - - -
(clock sys_clk)           capture                                      41665 F             
                          uncertainty                          -2000   39665 F             
-------------------------------------------------------------------------------------------
Cost Group   : 'cg_enable_group_sys_clk' (path_group 'cg_enable_group_sys_clk')
Timing slack :   35845ps 
Start-point  : rx_inst/fifo_inst/state_inst/f_full_reg/CK
End-point    : rx_inst/fifo_inst/memory_inst/pow_opt_RC_CG_HIER_INST1/RC_CGIC_INST/E

path  35:

         Pin                    Type          Fanout Load Slew Delay Arrival   Location    
                               (Domain)              (fF) (ps)  (ps)   (ps)       (x,   y) 
-------------------------------------------------------------------------------------------
(clock sys_clk)           launch                                           0 R             
rx_inst
  fifo_inst
    state_inst
      f_full_reg/CK                                          0    +0       0 R             
      f_full_reg/Q        DFFRX1_LP(slow)          3 30.5  397  +904     904 F             
    state_inst/f_full 
    write_pointer_inst/f_full 
      g58/A                                                       +0     904               
      g58/Y               INVX1_LP(slow)           1  9.6  307  +435    1339 R             
      g64__7098/B                                                 +0    1339               
      g64__7098/Y         CLKAND2X2_LP(slow)       5 37.1  441  +612    1951 R             
    write_pointer_inst/can_write 
    memory_inst/can_write 
      g1208__2802/B                                               +0    1951               
      g1208__2802/Y       NAND2X2_LP(slow)         2 16.8  245  +340    2290 F             
      g1204__3680/B                                               +0    2290               
      g1204__3680/Y       NOR2X2_LP(slow)          2 16.6  485  +495    2786 R             
      g1187__9315/B                                               +0    2786               
      g1187__9315/Y       CLKAND2X2_LP(slow)       1  9.7  146  +446    3232 R             
      pow_opt_RC_CG_HIER_INST8/enable 
        RC_CGIC_INST/E    ICGPRECX1(slow)                         +0    3232               
        RC_CGIC_INST/CK   setup                              0  +240    3471 F             
- - - - - - - - - - - - - - - - - - - - - - - - - - - - - - - - - - - - - - - - - - - - - -
(clock sys_clk)           capture                                      41665 F             
                          uncertainty                          -2000   39665 F             
-------------------------------------------------------------------------------------------
Cost Group   : 'cg_enable_group_sys_clk' (path_group 'cg_enable_group_sys_clk')
Timing slack :   36194ps 
Start-point  : rx_inst/fifo_inst/state_inst/f_full_reg/CK
End-point    : rx_inst/fifo_inst/memory_inst/pow_opt_RC_CG_HIER_INST8/RC_CGIC_INST/E

path  36:

         Pin                    Type          Fanout Load Slew Delay Arrival   Location    
                               (Domain)              (fF) (ps)  (ps)   (ps)       (x,   y) 
-------------------------------------------------------------------------------------------
(clock sys_clk)           launch                                           0 R             
rx_inst
  fifo_inst
    state_inst
      f_full_reg/CK                                          0    +0       0 R             
      f_full_reg/Q        DFFRX1_LP(slow)          3 30.5  818 +1166    1166 R             
    state_inst/f_full 
    write_pointer_inst/f_full 
      g58/A                                                       +0    1166               
      g58/Y               INVX1_LP(slow)           1  9.6  285  +435    1602 F             
      g64__7098/B                                                 +0    1602               
      g64__7098/Y         CLKAND2X2_LP(slow)       5 37.1  225  +508    2110 F             
      pow_opt_RC_CG_HIER_INST18/enable 
        RC_CGIC_INST/E    ICGPRECX1(slow)                         +0    2110               
        RC_CGIC_INST/CK   setup                              0  +511    2621 F             
- - - - - - - - - - - - - - - - - - - - - - - - - - - - - - - - - - - - - - - - - - - - - -
(clock sys_clk)           capture                                      41665 F             
                          uncertainty                          -2000   39665 F             
-------------------------------------------------------------------------------------------
Cost Group   : 'cg_enable_group_sys_clk' (path_group 'cg_enable_group_sys_clk')
Timing slack :   37044ps 
Start-point  : rx_inst/fifo_inst/state_inst/f_full_reg/CK
End-point    : rx_inst/fifo_inst/write_pointer_inst/pow_opt_RC_CG_HIER_INST18/RC_CGIC_INST/E

path  37:

         Pin                    Type          Fanout Load Slew Delay Arrival   Location    
                               (Domain)              (fF) (ps)  (ps)   (ps)       (x,   y) 
-------------------------------------------------------------------------------------------
(clock sys_clk)           launch                                           0 R             
tx_inst
  fifo_inst
    state_inst
      f_empty_reg/CK                                         0    +0       0 R             
      f_empty_reg/Q       SDFFSX1_LP(slow)         4 29.5  794 +1018    1018 R             
    state_inst/f_empty 
    read_pointer_inst/f_empty 
      g58/A                                                       +0    1018               
      g58/Y               INVX1_LP(slow)           1  9.6  280  +428    1445 F             
      g64__5477/A                                                 +0    1446               
      g64__5477/Y         CLKAND2X2_LP(slow)       5 35.2  215  +515    1961 F             
      pow_opt_RC_CG_HIER_INST17/enable 
        RC_CGIC_INST/E    ICGPRECX1(slow)                         +0    1961               
        RC_CGIC_INST/CK   setup                              0  +508    2469 F             
- - - - - - - - - - - - - - - - - - - - - - - - - - - - - - - - - - - - - - - - - - - - - -
(clock sys_clk)           capture                                      41665 F             
                          uncertainty                          -2000   39665 F             
-------------------------------------------------------------------------------------------
Cost Group   : 'cg_enable_group_sys_clk' (path_group 'cg_enable_group_sys_clk')
Timing slack :   37196ps 
Start-point  : tx_inst/fifo_inst/state_inst/f_empty_reg/CK
End-point    : tx_inst/fifo_inst/read_pointer_inst/pow_opt_RC_CG_HIER_INST17/RC_CGIC_INST/E

path  38:

         Pin                    Type          Fanout Load Slew Delay Arrival   Location    
                               (Domain)              (fF) (ps)  (ps)   (ps)       (x,   y) 
-------------------------------------------------------------------------------------------
(clock sys_clk)           launch                                           0 R             
tx_inst
  fifo_inst
    state_inst
      f_empty_reg/CK                                         0    +0       0 R             
      f_empty_reg/Q       SDFFSX1_LP(slow)         4 29.5  794 +1018    1018 R             
    state_inst/f_empty 
    read_pointer_inst/f_empty 
      g58/A                                                       +0    1018               
      g58/Y               INVX1_LP(slow)           1  9.6  280  +428    1445 F             
      g64__5477/A                                                 +0    1446               
      g64__5477/Y         CLKAND2X2_LP(slow)       5 35.2  215  +515    1961 F             
    read_pointer_inst/can_read 
    memory_inst/can_read 
      pow_opt_RC_CG_HIER_INST0/enable 
        RC_CGIC_INST/E    ICGPRECX1(slow)                         +0    1961               
        RC_CGIC_INST/CK   setup                              0  +508    2469 F             
- - - - - - - - - - - - - - - - - - - - - - - - - - - - - - - - - - - - - - - - - - - - - -
(clock sys_clk)           capture                                      41665 F             
                          uncertainty                          -2000   39665 F             
-------------------------------------------------------------------------------------------
Cost Group   : 'cg_enable_group_sys_clk' (path_group 'cg_enable_group_sys_clk')
Timing slack :   37196ps 
Start-point  : tx_inst/fifo_inst/state_inst/f_empty_reg/CK
End-point    : tx_inst/fifo_inst/memory_inst/pow_opt_RC_CG_HIER_INST0/RC_CGIC_INST/E

path  39:

        Pin                  Type         Fanout Load Slew Delay Arrival   Location    
                            (Domain)             (fF) (ps)  (ps)   (ps)       (x,   y) 
---------------------------------------------------------------------------------------
(clock sys_clk)         launch                                         0 R             
rx_inst
  uart_rx_inst
    rx_done_o_reg/CK                                     0    +0       0 R             
    rx_done_o_reg/QN    DFFX1_LP(slow)         1 11.2  313  +803     803 R             
    g1244__7410/A                                             +0     803               
    g1244__7410/Y       NAND2X2_LP(slow)       1  9.7  144  +222    1025 F             
    pow_opt_RC_CG_HIER_INST19/enable 
      RC_CGIC_INST/E    ICGPRECX1(slow)                       +0    1025               
      RC_CGIC_INST/CK   setup                            0  +487    1512 F             
- - - - - - - - - - - - - - - - - - - - - - - - - - - - - - - - - - - - - - - - - - - -
(clock sys_clk)         capture                                    41665 F             
                        uncertainty                        -2000   39665 F             
---------------------------------------------------------------------------------------
Cost Group   : 'cg_enable_group_sys_clk' (path_group 'cg_enable_group_sys_clk')
Timing slack :   38153ps 
Start-point  : rx_inst/uart_rx_inst/rx_done_o_reg/CK
End-point    : rx_inst/uart_rx_inst/pow_opt_RC_CG_HIER_INST19/RC_CGIC_INST/E

path  40:

            Pin                      Type          Fanout Load Slew  Delay Arrival   Location    
                                    (Domain)              (fF) (ps)  (ps)    (ps)       (x,   y) 
-------------------------------------------------------------------------------------------------
(clock sys_clk)                launch                                            0 R             
(constraint.sdc_line_15_3_1)   ext delay                            +33000   33000 R             
tx_wr_en                       in port                  1  9.6   75    +49   33049 R             
tx_inst/wr_en 
  fifo_inst/wr_en 
    write_pointer_inst/wr_en 
      g64__2883/B                                                       +0   33049               
      g64__2883/Y              CLKAND2X2_LP(slow)       6 44.5  523   +565   33615 R             
    write_pointer_inst/can_write 
    state_inst/can_write 
      g510__8428/S0                                                     +0   33615               
      g510__8428/Y             MX2X1_LP(slow)           1 11.2  189   +638   34252 F             
      g509__4319/B                                                      +0   34252               
      g509__4319/Y             NOR2X2_LP(slow)          1  9.5  306   +332   34584 R             
      f_full_reg/D             DFFRX1_LP(slow)                          +0   34584               
      f_full_reg/CK            setup                              0   +318   34903 R             
- - - - - - - - - - - - - - - - - - - - - - - - - - - - - - - - - - - - - - - - - - - - - - - - -
(clock sys_clk)                capture                                       83330 R             
                               uncertainty                           -2000   81330 R             
-------------------------------------------------------------------------------------------------
Cost Group   : 'sys_clk' (path_group 'sys_clk')
Timing slack :   46427ps 
Start-point  : tx_wr_en
End-point    : tx_inst/fifo_inst/state_inst/f_full_reg/D

path  41:

            Pin                      Type          Fanout Load Slew  Delay Arrival   Location    
                                    (Domain)              (fF) (ps)  (ps)    (ps)       (x,   y) 
-------------------------------------------------------------------------------------------------
(clock sys_clk)                launch                                            0 R             
(constraint.sdc_line_15_3_1)   ext delay                            +33000   33000 F             
tx_wr_en                       in port                  1  9.6   59    +44   33044 F             
tx_inst/wr_en 
  fifo_inst/wr_en 
    write_pointer_inst/wr_en 
      g64__2883/B                                                       +0   33045               
      g64__2883/Y              CLKAND2X2_LP(slow)       6 44.5  264   +409   33454 F             
    write_pointer_inst/can_write 
    state_inst/can_write 
      g529__9945/B                                                      +0   33454               
      g529__9945/Y             NOR2X2_LP(slow)          1 11.1  350   +400   33854 R             
      f_empty_reg/SE           SDFFSX1_LP(slow)                         +0   33854               
      f_empty_reg/CK           setup                              0   +778   34633 R             
- - - - - - - - - - - - - - - - - - - - - - - - - - - - - - - - - - - - - - - - - - - - - - - - -
(clock sys_clk)                capture                                       83330 R             
                               uncertainty                           -2000   81330 R             
-------------------------------------------------------------------------------------------------
Cost Group   : 'sys_clk' (path_group 'sys_clk')
Timing slack :   46697ps 
Start-point  : tx_wr_en
End-point    : tx_inst/fifo_inst/state_inst/f_empty_reg/SE

path  42:

            Pin                      Type          Fanout Load Slew  Delay Arrival   Location    
                                    (Domain)              (fF) (ps)  (ps)    (ps)       (x,   y) 
-------------------------------------------------------------------------------------------------
(clock sys_clk)                launch                                            0 R             
(constraint.sdc_line_15_2_1)   ext delay                            +33000   33000 R             
rx_read_en                     in port                  1  9.6   75    +49   33049 R             
rx_inst/read_en 
  fifo_inst/rd_en 
    read_pointer_inst/rd_en 
      g64__4733/B                                                       +0   33049               
      g64__4733/Y              CLKAND2X2_LP(slow)       5 35.4  422   +492   33541 R             
    read_pointer_inst/can_read 
    state_inst/can_read 
      g511__1666/D                                                      +0   33541               
      g511__1666/Y             AND4X2_LP(slow)          1  9.6  194   +614   34156 R             
      f_empty_reg/D            SDFFSX1_LP(slow)                         +0   34156               
      f_empty_reg/CK           setup                              0   +474   34630 R             
- - - - - - - - - - - - - - - - - - - - - - - - - - - - - - - - - - - - - - - - - - - - - - - - -
(clock sys_clk)                capture                                       83330 R             
                               uncertainty                           -2000   81330 R             
-------------------------------------------------------------------------------------------------
Cost Group   : 'sys_clk' (path_group 'sys_clk')
Timing slack :   46700ps 
Start-point  : rx_read_en
End-point    : rx_inst/fifo_inst/state_inst/f_empty_reg/D

path  43:

            Pin                      Type          Fanout Load Slew  Delay Arrival   Location    
                                    (Domain)              (fF) (ps)  (ps)    (ps)       (x,   y) 
-------------------------------------------------------------------------------------------------
(clock sys_clk)                launch                                            0 R             
(constraint.sdc_line_15_2_1)   ext delay                            +33000   33000 F             
rx_read_en                     in port                  1  9.6   59    +44   33044 F             
rx_inst/read_en 
  fifo_inst/rd_en 
    read_pointer_inst/rd_en 
      g64__4733/B                                                       +0   33045               
      g64__4733/Y              CLKAND2X2_LP(slow)       5 35.4  216   +371   33416 F             
    read_pointer_inst/can_read 
    state_inst/can_read 
      g529__8246/B                                                      +0   33416               
      g529__8246/Y             NOR2X2_LP(slow)          1 11.1  347   +376   33792 R             
      f_empty_reg/SE           SDFFSX1_LP(slow)                         +0   33792               
      f_empty_reg/CK           setup                              0   +778   34570 R             
- - - - - - - - - - - - - - - - - - - - - - - - - - - - - - - - - - - - - - - - - - - - - - - - -
(clock sys_clk)                capture                                       83330 R             
                               uncertainty                           -2000   81330 R             
-------------------------------------------------------------------------------------------------
Cost Group   : 'sys_clk' (path_group 'sys_clk')
Timing slack :   46760ps 
Start-point  : rx_read_en
End-point    : rx_inst/fifo_inst/state_inst/f_empty_reg/SE

path  44:

            Pin                     Type         Fanout Load Slew  Delay Arrival   Location    
                                   (Domain)             (fF) (ps)  (ps)    (ps)       (x,   y) 
-----------------------------------------------------------------------------------------------
(clock sys_clk)                 launch                                         0 R             
rx_inst
  fifo_inst
    state_inst
      f_full_reg/CK                                             0     +0       0 R             
      f_full_reg/Q              DFFRX1_LP(slow)       3 30.5  818  +1166    1166 R             
    state_inst/f_full 
  fifo_inst/f_full 
rx_inst/fifo_full 
rx_fifo_full                    interconnect                  818     +0    1166 R             
                                out port                              +0    1166 R             
(constraint.sdc_line_19_29_1)   ext delay                         +33000   34166 R             
- - - - - - - - - - - - - - - - - - - - - - - - - - - - - - - - - - - - - - - - - - - - - - - -
(clock sys_clk)                 capture                                    83330 R             
                                uncertainty                        -2000   81330 R             
-----------------------------------------------------------------------------------------------
Cost Group   : 'sys_clk' (path_group 'sys_clk')
Timing slack :   47164ps 
Start-point  : rx_inst/fifo_inst/state_inst/f_full_reg/CK
End-point    : rx_fifo_full

path  45:

            Pin                      Type          Fanout Load Slew  Delay Arrival   Location    
                                    (Domain)              (fF) (ps)  (ps)    (ps)       (x,   y) 
-------------------------------------------------------------------------------------------------
(clock sys_clk)                launch                                            0 R             
(constraint.sdc_line_15_2_1)   ext delay                            +33000   33000 F             
rx_read_en                     in port                  1  9.6   59    +44   33044 F             
rx_inst/read_en 
  fifo_inst/rd_en 
    read_pointer_inst/rd_en 
      g64__4733/B                                                       +0   33045               
      g64__4733/Y              CLKAND2X2_LP(slow)       5 35.4  216   +371   33416 F             
    read_pointer_inst/can_read 
    state_inst/can_read 
      g509__2883/B                                                      +0   33416               
      g509__2883/Y             NOR2X2_LP(slow)          1  9.5  308   +346   33761 R             
      f_full_reg/D             DFFRX1_LP(slow)                          +0   33762               
      f_full_reg/CK            setup                              0   +319   34081 R             
- - - - - - - - - - - - - - - - - - - - - - - - - - - - - - - - - - - - - - - - - - - - - - - - -
(clock sys_clk)                capture                                       83330 R             
                               uncertainty                           -2000   81330 R             
-------------------------------------------------------------------------------------------------
Cost Group   : 'sys_clk' (path_group 'sys_clk')
Timing slack :   47249ps 
Start-point  : rx_read_en
End-point    : rx_inst/fifo_inst/state_inst/f_full_reg/D

path  46:

            Pin                     Type         Fanout Load Slew  Delay Arrival   Location    
                                   (Domain)             (fF) (ps)  (ps)    (ps)       (x,   y) 
-----------------------------------------------------------------------------------------------
(clock sys_clk)                 launch                                         0 R             
tx_inst
  fifo_inst
    state_inst
      f_full_reg/CK                                             0     +0       0 R             
      f_full_reg/Q              DFFRX1_LP(slow)       2 23.4  637  +1037    1037 R             
    state_inst/f_full 
  fifo_inst/f_full 
tx_inst/tx_full_o 
tx_fifo_full                    interconnect                  637     +0    1037 R             
                                out port                              +0    1037 R             
(constraint.sdc_line_19_31_1)   ext delay                         +33000   34037 R             
- - - - - - - - - - - - - - - - - - - - - - - - - - - - - - - - - - - - - - - - - - - - - - - -
(clock sys_clk)                 capture                                    83330 R             
                                uncertainty                        -2000   81330 R             
-----------------------------------------------------------------------------------------------
Cost Group   : 'sys_clk' (path_group 'sys_clk')
Timing slack :   47293ps 
Start-point  : tx_inst/fifo_inst/state_inst/f_full_reg/CK
End-point    : tx_fifo_full

path  47:

            Pin                      Type         Fanout Load Slew  Delay Arrival   Location    
                                    (Domain)             (fF) (ps)  (ps)    (ps)       (x,   y) 
------------------------------------------------------------------------------------------------
(clock sys_clk)                 launch                                          0 R             
rx_inst
  fifo_inst
    state_inst
      f_empty_reg/CK                                             0     +0       0 R             
      f_empty_reg/Q             SDFFSX1_LP(slow)       3 29.0  781  +1009    1009 R             
    state_inst/f_empty 
  fifo_inst/f_empty 
rx_inst/fifo_empty 
rx_fifo_empty                   interconnect                   781     +0    1009 R             
                                out port                               +0    1009 R             
(constraint.sdc_line_19_30_1)   ext delay                          +33000   34009 R             
- - - - - - - - - - - - - - - - - - - - - - - - - - - - - - - - - - - - - - - - - - - - - - - - 
(clock sys_clk)                 capture                                     83330 R             
                                uncertainty                         -2000   81330 R             
------------------------------------------------------------------------------------------------
Cost Group   : 'sys_clk' (path_group 'sys_clk')
Timing slack :   47321ps 
Start-point  : rx_inst/fifo_inst/state_inst/f_empty_reg/CK
End-point    : rx_fifo_empty

path  48:

          Pin                  Type        Fanout Load Slew  Delay Arrival   Location    
                              (Domain)            (fF) (ps)  (ps)    (ps)       (x,   y) 
-----------------------------------------------------------------------------------------
(clock sys_clk)            launch                                        0 R             
tx_inst
  uart_tx_inst
    tx_o_buf_reg/CK                                       0     +0       0 R             
    tx_o_buf_reg/Q         DFFX1_LP(slow)       2 25.0  674   +903     903 R             
  uart_tx_inst/tx_o 
tx_inst/tx_o 
tx_o                       interconnect                 674     +0     903 R             
                           out port                             +0     903 R             
(constraint.sdc_line_19)   ext delay                        +33000   33903 R             
- - - - - - - - - - - - - - - - - - - - - - - - - - - - - - - - - - - - - - - - - - - - -
(clock sys_clk)            capture                                   83330 R             
                           uncertainty                       -2000   81330 R             
-----------------------------------------------------------------------------------------
Cost Group   : 'sys_clk' (path_group 'sys_clk')
Timing slack :   47427ps 
Start-point  : tx_inst/uart_tx_inst/tx_o_buf_reg/CK
End-point    : tx_o

path  49:

            Pin                    Type        Fanout Load Slew  Delay Arrival   Location    
                                  (Domain)            (fF) (ps)  (ps)    (ps)       (x,   y) 
---------------------------------------------------------------------------------------------
(clock sys_clk)                launch                                        0 R             
(constraint.sdc_line_15_1_1)   ext delay                        +33000   33000 F             
rx_i                           in port              1  9.6   59    +44   33044 F             
rx_inst/rx_i 
  uart_rx_inst/rx_i 
    g1252__4319/A                                                   +0   33045               
    g1252__4319/Y              OR2X1_LP(slow)       1  9.5  164   +436   33480 F             
    meta_reg/D                 DFFX1_LP(slow)                       +0   33481               
    meta_reg/CK                setup                          0   +347   33828 R             
- - - - - - - - - - - - - - - - - - - - - - - - - - - - - - - - - - - - - - - - - - - - - - -
(clock sys_clk)                capture                                   83330 R             
                               uncertainty                       -2000   81330 R             
---------------------------------------------------------------------------------------------
Cost Group   : 'sys_clk' (path_group 'sys_clk')
Timing slack :   47502ps 
Start-point  : rx_i
End-point    : rx_inst/uart_rx_inst/meta_reg/D

path  50:

            Pin                    Type        Fanout Load Slew  Delay Arrival   Location    
                                  (Domain)            (fF) (ps)  (ps)    (ps)       (x,   y) 
---------------------------------------------------------------------------------------------
(clock sys_clk)                launch                                        0 R             
(constraint.sdc_line_15_4_1)   ext delay                        +33000   33000 R             
tx_din[7]                      in port             16 92.2  515   +359   33359 R             
tx_inst/tx_data_i[7] 
  fifo_inst/din[7] 
    memory_inst/din[7] 
      mem_reg[15][7]/D         DFFX1_LP(slow)                       +0   33359               
      mem_reg[15][7]/CK        setup                          0   +417   33776 R             
- - - - - - - - - - - - - - - - - - - - - - - - - - - - - - - - - - - - - - - - - - - - - - -
(clock sys_clk)                capture                                   83330 R             
                               uncertainty                       -2000   81330 R             
---------------------------------------------------------------------------------------------
Cost Group   : 'sys_clk' (path_group 'sys_clk')
Timing slack :   47554ps 
Start-point  : tx_din[7]
End-point    : tx_inst/fifo_inst/memory_inst/mem_reg[15][7]/D

