============================================================
  Generated by:           Genus(TM) Synthesis Solution 23.10-p004_1
  Generated on:           May 13 2026  05:15:00 pm
  Module:                 uart_top
  Library domain:         slow
    Domain index:         0
    Technology libraries: sky130_ss_1.62_125_LP 1.0
                          sky130_ss_1.62_125 1.0
                          sky130_ss_1.62_125_HS 1.0
                          physical_cells 
  Library domain:         fast
    Domain index:         1
    Technology libraries: sky130_ff_1.98_0_LP 1.0
                          sky130_ff_1.98_0 1.0
                          sky130_ff_1.98_0_HS 1.0
                          physical_cells 
  Library domain:         typ
    Domain index:         2
    Technology libraries: sky130_tt_1.8_25 1.0
                          physical_cells 
  Operating conditions:   ss_1.62_125 
  Operating conditions:   ff_1.98_0 
  Operating conditions:   tt_1.8_25 
  Interconnect mode:      global
  Area mode:              physical library
============================================================

path   1:

            Pin                      Type          Fanout Load Slew  Delay Arrival   Location    
                                    (Domain)              (fF) (ps)  (ps)    (ps)       (x,   y) 
-------------------------------------------------------------------------------------------------
(clock sys_clk)                launch                                            0 R             
(constraint.sdc_line_15_3_1)   ext delay                            +33000   33000 R             
tx_wr_en                       in port                  1  9.6   75    +49   33049 R             
tx_inst/wr_en 
  fifo_inst/wr_en 
    write_pointer_inst/wr_en 
      g64__2883/B                                                       +0   33049               
      g64__2883/Y              CLKAND2X2_LP(slow)       6 44.6  524   +566   33615 R             
    write_pointer_inst/can_write 
    memory_inst/can_write 
      g251/B                                                            +0   33615               
      g251/Y                   NAND2X1_LP(slow)         5 38.9  930   +964   34580 F             
      g250/A                                                            +0   34580               
      g250/Y                   INVX1_LP(slow)           1  9.8  444   +694   35273 R             
      g247/B                                                            +0   35273               
      g247/Y                   AND2X1(slow)             3 20.7  255   +471   35744 R             
      g246/A                                                            +0   35744               
      g246/Y                   INVX1_LP(slow)           2 18.6  253   +325   36068 F             
      g232/C                                                            +0   36068               
      g232/Y                   NOR3X2_LP(slow)          1  9.7  499   +488   36557 R             
      pow_opt_RC_CG_HIER_INST11/enable 
        RC_CGIC_INST/E         ICGPRECX1(slow)                          +0   36557               
        RC_CGIC_INST/CK        setup                              0   +369   36926 F             
- - - - - - - - - - - - - - - - - - - - - - - - - - - - - - - - - - - - - - - - - - - - - - - - -
(clock sys_clk)                capture                                       41665 F             
                               uncertainty                           -2000   39665 F             
-------------------------------------------------------------------------------------------------
Cost Group   : 'cg_enable_group_sys_clk' (path_group 'cg_enable_group_sys_clk')
Timing slack :    2739ps 
Start-point  : tx_wr_en
End-point    : tx_inst/fifo_inst/memory_inst/pow_opt_RC_CG_HIER_INST11/RC_CGIC_INST/E

path   2:

            Pin                      Type          Fanout Load Slew  Delay Arrival   Location    
                                    (Domain)              (fF) (ps)  (ps)    (ps)       (x,   y) 
-------------------------------------------------------------------------------------------------
(clock sys_clk)                launch                                            0 R             
(constraint.sdc_line_15_3_1)   ext delay                            +33000   33000 R             
tx_wr_en                       in port                  1  9.6   75    +49   33049 R             
tx_inst/wr_en 
  fifo_inst/wr_en 
    write_pointer_inst/wr_en 
      g64__2883/B                                                       +0   33049               
      g64__2883/Y              CLKAND2X2_LP(slow)       6 44.6  524   +566   33615 R             
    write_pointer_inst/can_write 
    memory_inst/can_write 
      g251/B                                                            +0   33615               
      g251/Y                   NAND2X1_LP(slow)         5 38.9  930   +964   34580 F             
      g250/A                                                            +0   34580               
      g250/Y                   INVX1_LP(slow)           1  9.8  444   +694   35273 R             
      g247/B                                                            +0   35273               
      g247/Y                   AND2X1(slow)             3 20.7  255   +471   35744 R             
      g246/A                                                            +0   35744               
      g246/Y                   INVX1_LP(slow)           2 18.6  253   +325   36068 F             
      g1160__4319/C                                                     +0   36068               
      g1160__4319/Y            NOR3X2_LP(slow)          1  9.7  497   +488   36557 R             
      pow_opt_RC_CG_HIER_INST15/enable 
        RC_CGIC_INST/E         ICGPRECX1(slow)                          +0   36557               
        RC_CGIC_INST/CK        setup                              0   +368   36925 F             
- - - - - - - - - - - - - - - - - - - - - - - - - - - - - - - - - - - - - - - - - - - - - - - - -
(clock sys_clk)                capture                                       41665 F             
                               uncertainty                           -2000   39665 F             
-------------------------------------------------------------------------------------------------
Cost Group   : 'cg_enable_group_sys_clk' (path_group 'cg_enable_group_sys_clk')
Timing slack :    2740ps 
Start-point  : tx_wr_en
End-point    : tx_inst/fifo_inst/memory_inst/pow_opt_RC_CG_HIER_INST15/RC_CGIC_INST/E

path   3:

            Pin                      Type          Fanout Load Slew  Delay Arrival   Location    
                                    (Domain)              (fF) (ps)  (ps)    (ps)       (x,   y) 
-------------------------------------------------------------------------------------------------
(clock sys_clk)                launch                                            0 R             
(constraint.sdc_line_15_3_1)   ext delay                            +33000   33000 R             
tx_wr_en                       in port                  1  9.6   75    +49   33049 R             
tx_inst/wr_en 
  fifo_inst/wr_en 
    write_pointer_inst/wr_en 
      g64__2883/B                                                       +0   33049               
      g64__2883/Y              CLKAND2X2_LP(slow)       6 44.6  524   +566   33615 R             
    write_pointer_inst/can_write 
    memory_inst/can_write 
      g251/B                                                            +0   33615               
      g251/Y                   NAND2X1_LP(slow)         5 38.9  930   +964   34580 F             
      g250/A                                                            +0   34580               
      g250/Y                   INVX1_LP(slow)           1  9.8  444   +694   35273 R             
      g247/B                                                            +0   35273               
      g247/Y                   AND2X1(slow)             3 20.7  255   +471   35744 R             
      g233/C                                                            +0   35744               
      g233/Y                   AND3X2_LP(slow)          1  9.7  175   +454   36198 R             
      pow_opt_RC_CG_HIER_INST13/enable 
        RC_CGIC_INST/E         ICGPRECX1(slow)                          +0   36198               
        RC_CGIC_INST/CK        setup                              0   +250   36448 F             
- - - - - - - - - - - - - - - - - - - - - - - - - - - - - - - - - - - - - - - - - - - - - - - - -
(clock sys_clk)                capture                                       41665 F             
                               uncertainty                           -2000   39665 F             
-------------------------------------------------------------------------------------------------
Cost Group   : 'cg_enable_group_sys_clk' (path_group 'cg_enable_group_sys_clk')
Timing slack :    3217ps 
Start-point  : tx_wr_en
End-point    : tx_inst/fifo_inst/memory_inst/pow_opt_RC_CG_HIER_INST13/RC_CGIC_INST/E

path   4:

            Pin                      Type          Fanout Load Slew  Delay Arrival   Location    
                                    (Domain)              (fF) (ps)  (ps)    (ps)       (x,   y) 
-------------------------------------------------------------------------------------------------
(clock sys_clk)                launch                                            0 R             
(constraint.sdc_line_15_3_1)   ext delay                            +33000   33000 R             
tx_wr_en                       in port                  1  9.6   75    +49   33049 R             
tx_inst/wr_en 
  fifo_inst/wr_en 
    write_pointer_inst/wr_en 
      g64__2883/B                                                       +0   33049               
      g64__2883/Y              CLKAND2X2_LP(slow)       6 44.6  524   +566   33615 R             
    write_pointer_inst/can_write 
    memory_inst/can_write 
      g251/B                                                            +0   33615               
      g251/Y                   NAND2X1_LP(slow)         5 38.9  930   +964   34580 F             
      g250/A                                                            +0   34580               
      g250/Y                   INVX1_LP(slow)           1  9.8  444   +694   35273 R             
      g247/B                                                            +0   35273               
      g247/Y                   AND2X1(slow)             3 20.7  255   +471   35744 R             
      g1159__6260/C                                                     +0   35744               
      g1159__6260/Y            AND3X2_LP(slow)          1  9.7  171   +454   36198 R             
      pow_opt_RC_CG_HIER_INST9/enable 
        RC_CGIC_INST/E         ICGPRECX1(slow)                          +0   36198               
        RC_CGIC_INST/CK        setup                              0   +249   36446 F             
- - - - - - - - - - - - - - - - - - - - - - - - - - - - - - - - - - - - - - - - - - - - - - - - -
(clock sys_clk)                capture                                       41665 F             
                               uncertainty                           -2000   39665 F             
-------------------------------------------------------------------------------------------------
Cost Group   : 'cg_enable_group_sys_clk' (path_group 'cg_enable_group_sys_clk')
Timing slack :    3219ps 
Start-point  : tx_wr_en
End-point    : tx_inst/fifo_inst/memory_inst/pow_opt_RC_CG_HIER_INST9/RC_CGIC_INST/E

path   5:

            Pin                      Type          Fanout Load Slew  Delay Arrival   Location    
                                    (Domain)              (fF) (ps)  (ps)    (ps)       (x,   y) 
-------------------------------------------------------------------------------------------------
(clock sys_clk)                launch                                            0 R             
(constraint.sdc_line_15_3_1)   ext delay                            +33000   33000 R             
tx_wr_en                       in port                  1  9.6   75    +49   33049 R             
tx_inst/wr_en 
  fifo_inst/wr_en 
    write_pointer_inst/wr_en 
      g64__2883/B                                                       +0   33049               
      g64__2883/Y              CLKAND2X2_LP(slow)       6 44.6  524   +566   33615 R             
    write_pointer_inst/can_write 
    memory_inst/can_write 
      g251/B                                                            +0   33615               
      g251/Y                   NAND2X1_LP(slow)         5 38.9  930   +964   34580 F             
      g243/C                                                            +0   34580               
      g243/Y                   NOR3X2_LP(slow)          1  9.7  599   +783   35362 R             
      pow_opt_RC_CG_HIER_INST16/enable 
        RC_CGIC_INST/E         ICGPRECX1(slow)                          +0   35362               
        RC_CGIC_INST/CK        setup                              0   +395   35757 F             
- - - - - - - - - - - - - - - - - - - - - - - - - - - - - - - - - - - - - - - - - - - - - - - - -
(clock sys_clk)                capture                                       41665 F             
                               uncertainty                           -2000   39665 F             
-------------------------------------------------------------------------------------------------
Cost Group   : 'cg_enable_group_sys_clk' (path_group 'cg_enable_group_sys_clk')
Timing slack :    3908ps 
Start-point  : tx_wr_en
End-point    : tx_inst/fifo_inst/memory_inst/pow_opt_RC_CG_HIER_INST16/RC_CGIC_INST/E

path   6:

            Pin                      Type          Fanout Load Slew  Delay Arrival   Location    
                                    (Domain)              (fF) (ps)  (ps)    (ps)       (x,   y) 
-------------------------------------------------------------------------------------------------
(clock sys_clk)                launch                                            0 R             
(constraint.sdc_line_15_3_1)   ext delay                            +33000   33000 R             
tx_wr_en                       in port                  1  9.6   75    +49   33049 R             
tx_inst/wr_en 
  fifo_inst/wr_en 
    write_pointer_inst/wr_en 
      g64__2883/B                                                       +0   33049               
      g64__2883/Y              CLKAND2X2_LP(slow)       6 44.6  524   +566   33615 R             
    write_pointer_inst/can_write 
    memory_inst/can_write 
      g251/B                                                            +0   33615               
      g251/Y                   NAND2X1_LP(slow)         5 38.9  930   +964   34580 F             
      g242/C                                                            +0   34580               
      g242/Y                   NOR3X2_LP(slow)          1  9.7  599   +783   35362 R             
      pow_opt_RC_CG_HIER_INST14/enable 
        RC_CGIC_INST/E         ICGPRECX1(slow)                          +0   35362               
        RC_CGIC_INST/CK        setup                              0   +395   35757 F             
- - - - - - - - - - - - - - - - - - - - - - - - - - - - - - - - - - - - - - - - - - - - - - - - -
(clock sys_clk)                capture                                       41665 F             
                               uncertainty                           -2000   39665 F             
-------------------------------------------------------------------------------------------------
Cost Group   : 'cg_enable_group_sys_clk' (path_group 'cg_enable_group_sys_clk')
Timing slack :    3908ps 
Start-point  : tx_wr_en
End-point    : tx_inst/fifo_inst/memory_inst/pow_opt_RC_CG_HIER_INST14/RC_CGIC_INST/E

path   7:

            Pin                      Type          Fanout Load Slew  Delay Arrival   Location    
                                    (Domain)              (fF) (ps)  (ps)    (ps)       (x,   y) 
-------------------------------------------------------------------------------------------------
(clock sys_clk)                launch                                            0 R             
(constraint.sdc_line_15_3_1)   ext delay                            +33000   33000 R             
tx_wr_en                       in port                  1  9.6   75    +49   33049 R             
tx_inst/wr_en 
  fifo_inst/wr_en 
    write_pointer_inst/wr_en 
      g64__2883/B                                                       +0   33049               
      g64__2883/Y              CLKAND2X2_LP(slow)       6 44.6  524   +566   33615 R             
    write_pointer_inst/can_write 
    memory_inst/can_write 
      g251/B                                                            +0   33615               
      g251/Y                   NAND2X1_LP(slow)         5 38.9  930   +964   34580 F             
      g244/C                                                            +0   34580               
      g244/Y                   NOR3X2_LP(slow)          1  9.7  599   +783   35362 R             
      pow_opt_RC_CG_HIER_INST12/enable 
        RC_CGIC_INST/E         ICGPRECX1(slow)                          +0   35362               
        RC_CGIC_INST/CK        setup                              0   +395   35757 F             
- - - - - - - - - - - - - - - - - - - - - - - - - - - - - - - - - - - - - - - - - - - - - - - - -
(clock sys_clk)                capture                                       41665 F             
                               uncertainty                           -2000   39665 F             
-------------------------------------------------------------------------------------------------
Cost Group   : 'cg_enable_group_sys_clk' (path_group 'cg_enable_group_sys_clk')
Timing slack :    3908ps 
Start-point  : tx_wr_en
End-point    : tx_inst/fifo_inst/memory_inst/pow_opt_RC_CG_HIER_INST12/RC_CGIC_INST/E

path   8:

            Pin                      Type          Fanout Load Slew  Delay Arrival   Location    
                                    (Domain)              (fF) (ps)  (ps)    (ps)       (x,   y) 
-------------------------------------------------------------------------------------------------
(clock sys_clk)                launch                                            0 R             
(constraint.sdc_line_15_3_1)   ext delay                            +33000   33000 R             
tx_wr_en                       in port                  1  9.6   75    +49   33049 R             
tx_inst/wr_en 
  fifo_inst/wr_en 
    write_pointer_inst/wr_en 
      g64__2883/B                                                       +0   33049               
      g64__2883/Y              CLKAND2X2_LP(slow)       6 44.6  524   +566   33615 R             
    write_pointer_inst/can_write 
    memory_inst/can_write 
      g251/B                                                            +0   33615               
      g251/Y                   NAND2X1_LP(slow)         5 38.9  930   +964   34580 F             
      g245/C                                                            +0   34580               
      g245/Y                   NOR3X2_LP(slow)          1  9.7  599   +783   35362 R             
      pow_opt_RC_CG_HIER_INST10/enable 
        RC_CGIC_INST/E         ICGPRECX1(slow)                          +0   35362               
        RC_CGIC_INST/CK        setup                              0   +395   35757 F             
- - - - - - - - - - - - - - - - - - - - - - - - - - - - - - - - - - - - - - - - - - - - - - - - -
(clock sys_clk)                capture                                       41665 F             
                               uncertainty                           -2000   39665 F             
-------------------------------------------------------------------------------------------------
Cost Group   : 'cg_enable_group_sys_clk' (path_group 'cg_enable_group_sys_clk')
Timing slack :    3908ps 
Start-point  : tx_wr_en
End-point    : tx_inst/fifo_inst/memory_inst/pow_opt_RC_CG_HIER_INST10/RC_CGIC_INST/E

path   9:

            Pin                      Type          Fanout Load Slew  Delay Arrival   Location    
                                    (Domain)              (fF) (ps)  (ps)    (ps)       (x,   y) 
-------------------------------------------------------------------------------------------------
(clock sys_clk)                launch                                            0 R             
(constraint.sdc_line_15_3_1)   ext delay                            +33000   33000 R             
tx_wr_en                       in port                  1  9.6   75    +49   33049 R             
tx_inst/wr_en 
  fifo_inst/wr_en 
    write_pointer_inst/wr_en 
      g64__2883/B                                                       +0   33049               
      g64__2883/Y              CLKAND2X2_LP(slow)       6 44.6  524   +566   33615 R             
    write_pointer_inst/can_write 
    memory_inst/can_write 
      g248/C                                                            +0   33615               
      g248/Y                   NAND3X2_LP(slow)         4 32.9  659   +625   34241 F             
      g240/B                                                            +0   34241               
      g240/Y                   NOR2X2_LP(slow)          1  9.7  396   +549   34790 R             
      pow_opt_RC_CG_HIER_INST8/enable 
        RC_CGIC_INST/E         ICGPRECX1(slow)                          +0   34790               
        RC_CGIC_INST/CK        setup                              0   +331   35121 F             
- - - - - - - - - - - - - - - - - - - - - - - - - - - - - - - - - - - - - - - - - - - - - - - - -
(clock sys_clk)                capture                                       41665 F             
                               uncertainty                           -2000   39665 F             
-------------------------------------------------------------------------------------------------
Cost Group   : 'cg_enable_group_sys_clk' (path_group 'cg_enable_group_sys_clk')
Timing slack :    4544ps 
Start-point  : tx_wr_en
End-point    : tx_inst/fifo_inst/memory_inst/pow_opt_RC_CG_HIER_INST8/RC_CGIC_INST/E

path  10:

            Pin                      Type          Fanout Load Slew  Delay Arrival   Location    
                                    (Domain)              (fF) (ps)  (ps)    (ps)       (x,   y) 
-------------------------------------------------------------------------------------------------
(clock sys_clk)                launch                                            0 R             
(constraint.sdc_line_15_3_1)   ext delay                            +33000   33000 R             
tx_wr_en                       in port                  1  9.6   75    +49   33049 R             
tx_inst/wr_en 
  fifo_inst/wr_en 
    write_pointer_inst/wr_en 
      g64__2883/B                                                       +0   33049               
      g64__2883/Y              CLKAND2X2_LP(slow)       6 44.6  524   +566   33615 R             
    write_pointer_inst/can_write 
    memory_inst/can_write 
      g248/C                                                            +0   33615               
      g248/Y                   NAND3X2_LP(slow)         4 32.9  659   +625   34241 F             
      g236/B                                                            +0   34241               
      g236/Y                   NOR2X2_LP(slow)          1  9.7  396   +549   34790 R             
      pow_opt_RC_CG_HIER_INST7/enable 
        RC_CGIC_INST/E         ICGPRECX1(slow)                          +0   34790               
        RC_CGIC_INST/CK        setup                              0   +331   35121 F             
- - - - - - - - - - - - - - - - - - - - - - - - - - - - - - - - - - - - - - - - - - - - - - - - -
(clock sys_clk)                capture                                       41665 F             
                               uncertainty                           -2000   39665 F             
-------------------------------------------------------------------------------------------------
Cost Group   : 'cg_enable_group_sys_clk' (path_group 'cg_enable_group_sys_clk')
Timing slack :    4544ps 
Start-point  : tx_wr_en
End-point    : tx_inst/fifo_inst/memory_inst/pow_opt_RC_CG_HIER_INST7/RC_CGIC_INST/E

path  11:

            Pin                      Type          Fanout Load Slew  Delay Arrival   Location    
                                    (Domain)              (fF) (ps)  (ps)    (ps)       (x,   y) 
-------------------------------------------------------------------------------------------------
(clock sys_clk)                launch                                            0 R             
(constraint.sdc_line_15_3_1)   ext delay                            +33000   33000 R             
tx_wr_en                       in port                  1  9.6   75    +49   33049 R             
tx_inst/wr_en 
  fifo_inst/wr_en 
    write_pointer_inst/wr_en 
      g64__2883/B                                                       +0   33049               
      g64__2883/Y              CLKAND2X2_LP(slow)       6 44.6  524   +566   33615 R             
    write_pointer_inst/can_write 
    memory_inst/can_write 
      g249/C                                                            +0   33615               
      g249/Y                   NAND3X2_LP(slow)         4 32.9  659   +625   34241 F             
      g234/B                                                            +0   34241               
      g234/Y                   NOR2X2_LP(slow)          1  9.7  396   +549   34790 R             
      pow_opt_RC_CG_HIER_INST6/enable 
        RC_CGIC_INST/E         ICGPRECX1(slow)                          +0   34790               
        RC_CGIC_INST/CK        setup                              0   +331   35121 F             
- - - - - - - - - - - - - - - - - - - - - - - - - - - - - - - - - - - - - - - - - - - - - - - - -
(clock sys_clk)                capture                                       41665 F             
                               uncertainty                           -2000   39665 F             
-------------------------------------------------------------------------------------------------
Cost Group   : 'cg_enable_group_sys_clk' (path_group 'cg_enable_group_sys_clk')
Timing slack :    4544ps 
Start-point  : tx_wr_en
End-point    : tx_inst/fifo_inst/memory_inst/pow_opt_RC_CG_HIER_INST6/RC_CGIC_INST/E

path  12:

            Pin                      Type          Fanout Load Slew  Delay Arrival   Location    
                                    (Domain)              (fF) (ps)  (ps)    (ps)       (x,   y) 
-------------------------------------------------------------------------------------------------
(clock sys_clk)                launch                                            0 R             
(constraint.sdc_line_15_3_1)   ext delay                            +33000   33000 R             
tx_wr_en                       in port                  1  9.6   75    +49   33049 R             
tx_inst/wr_en 
  fifo_inst/wr_en 
    write_pointer_inst/wr_en 
      g64__2883/B                                                       +0   33049               
      g64__2883/Y              CLKAND2X2_LP(slow)       6 44.6  524   +566   33615 R             
    write_pointer_inst/can_write 
    memory_inst/can_write 
      g249/C                                                            +0   33615               
      g249/Y                   NAND3X2_LP(slow)         4 32.9  659   +625   34241 F             
      g238/B                                                            +0   34241               
      g238/Y                   NOR2X2_LP(slow)          1  9.7  396   +549   34790 R             
      pow_opt_RC_CG_HIER_INST5/enable 
        RC_CGIC_INST/E         ICGPRECX1(slow)                          +0   34790               
        RC_CGIC_INST/CK        setup                              0   +331   35121 F             
- - - - - - - - - - - - - - - - - - - - - - - - - - - - - - - - - - - - - - - - - - - - - - - - -
(clock sys_clk)                capture                                       41665 F             
                               uncertainty                           -2000   39665 F             
-------------------------------------------------------------------------------------------------
Cost Group   : 'cg_enable_group_sys_clk' (path_group 'cg_enable_group_sys_clk')
Timing slack :    4544ps 
Start-point  : tx_wr_en
End-point    : tx_inst/fifo_inst/memory_inst/pow_opt_RC_CG_HIER_INST5/RC_CGIC_INST/E

path  13:

            Pin                      Type          Fanout Load Slew  Delay Arrival   Location    
                                    (Domain)              (fF) (ps)  (ps)    (ps)       (x,   y) 
-------------------------------------------------------------------------------------------------
(clock sys_clk)                launch                                            0 R             
(constraint.sdc_line_15_3_1)   ext delay                            +33000   33000 R             
tx_wr_en                       in port                  1  9.6   75    +49   33049 R             
tx_inst/wr_en 
  fifo_inst/wr_en 
    write_pointer_inst/wr_en 
      g64__2883/B                                                       +0   33049               
      g64__2883/Y              CLKAND2X2_LP(slow)       6 44.6  524   +566   33615 R             
    write_pointer_inst/can_write 
    memory_inst/can_write 
      g248/C                                                            +0   33615               
      g248/Y                   NAND3X2_LP(slow)         4 32.9  659   +625   34241 F             
      g239/B                                                            +0   34241               
      g239/Y                   NOR2X2_LP(slow)          1  9.7  396   +549   34790 R             
      pow_opt_RC_CG_HIER_INST4/enable 
        RC_CGIC_INST/E         ICGPRECX1(slow)                          +0   34790               
        RC_CGIC_INST/CK        setup                              0   +331   35121 F             
- - - - - - - - - - - - - - - - - - - - - - - - - - - - - - - - - - - - - - - - - - - - - - - - -
(clock sys_clk)                capture                                       41665 F             
                               uncertainty                           -2000   39665 F             
-------------------------------------------------------------------------------------------------
Cost Group   : 'cg_enable_group_sys_clk' (path_group 'cg_enable_group_sys_clk')
Timing slack :    4544ps 
Start-point  : tx_wr_en
End-point    : tx_inst/fifo_inst/memory_inst/pow_opt_RC_CG_HIER_INST4/RC_CGIC_INST/E

path  14:

            Pin                      Type          Fanout Load Slew  Delay Arrival   Location    
                                    (Domain)              (fF) (ps)  (ps)    (ps)       (x,   y) 
-------------------------------------------------------------------------------------------------
(clock sys_clk)                launch                                            0 R             
(constraint.sdc_line_15_3_1)   ext delay                            +33000   33000 R             
tx_wr_en                       in port                  1  9.6   75    +49   33049 R             
tx_inst/wr_en 
  fifo_inst/wr_en 
    write_pointer_inst/wr_en 
      g64__2883/B                                                       +0   33049               
      g64__2883/Y              CLKAND2X2_LP(slow)       6 44.6  524   +566   33615 R             
    write_pointer_inst/can_write 
    memory_inst/can_write 
      g248/C                                                            +0   33615               
      g248/Y                   NAND3X2_LP(slow)         4 32.9  659   +625   34241 F             
      g237/B                                                            +0   34241               
      g237/Y                   NOR2X2_LP(slow)          1  9.7  396   +549   34790 R             
      pow_opt_RC_CG_HIER_INST3/enable 
        RC_CGIC_INST/E         ICGPRECX1(slow)                          +0   34790               
        RC_CGIC_INST/CK        setup                              0   +331   35121 F             
- - - - - - - - - - - - - - - - - - - - - - - - - - - - - - - - - - - - - - - - - - - - - - - - -
(clock sys_clk)                capture                                       41665 F             
                               uncertainty                           -2000   39665 F             
-------------------------------------------------------------------------------------------------
Cost Group   : 'cg_enable_group_sys_clk' (path_group 'cg_enable_group_sys_clk')
Timing slack :    4544ps 
Start-point  : tx_wr_en
End-point    : tx_inst/fifo_inst/memory_inst/pow_opt_RC_CG_HIER_INST3/RC_CGIC_INST/E

path  15:

            Pin                      Type          Fanout Load Slew  Delay Arrival   Location    
                                    (Domain)              (fF) (ps)  (ps)    (ps)       (x,   y) 
-------------------------------------------------------------------------------------------------
(clock sys_clk)                launch                                            0 R             
(constraint.sdc_line_15_3_1)   ext delay                            +33000   33000 R             
tx_wr_en                       in port                  1  9.6   75    +49   33049 R             
tx_inst/wr_en 
  fifo_inst/wr_en 
    write_pointer_inst/wr_en 
      g64__2883/B                                                       +0   33049               
      g64__2883/Y              CLKAND2X2_LP(slow)       6 44.6  524   +566   33615 R             
    write_pointer_inst/can_write 
    memory_inst/can_write 
      g249/C                                                            +0   33615               
      g249/Y                   NAND3X2_LP(slow)         4 32.9  659   +625   34241 F             
      g241/B                                                            +0   34241               
      g241/Y                   NOR2X2_LP(slow)          1  9.7  396   +549   34790 R             
      pow_opt_RC_CG_HIER_INST2/enable 
        RC_CGIC_INST/E         ICGPRECX1(slow)                          +0   34790               
        RC_CGIC_INST/CK        setup                              0   +331   35121 F             
- - - - - - - - - - - - - - - - - - - - - - - - - - - - - - - - - - - - - - - - - - - - - - - - -
(clock sys_clk)                capture                                       41665 F             
                               uncertainty                           -2000   39665 F             
-------------------------------------------------------------------------------------------------
Cost Group   : 'cg_enable_group_sys_clk' (path_group 'cg_enable_group_sys_clk')
Timing slack :    4544ps 
Start-point  : tx_wr_en
End-point    : tx_inst/fifo_inst/memory_inst/pow_opt_RC_CG_HIER_INST2/RC_CGIC_INST/E

path  16:

            Pin                      Type          Fanout Load Slew  Delay Arrival   Location    
                                    (Domain)              (fF) (ps)  (ps)    (ps)       (x,   y) 
-------------------------------------------------------------------------------------------------
(clock sys_clk)                launch                                            0 R             
(constraint.sdc_line_15_3_1)   ext delay                            +33000   33000 R             
tx_wr_en                       in port                  1  9.6   75    +49   33049 R             
tx_inst/wr_en 
  fifo_inst/wr_en 
    write_pointer_inst/wr_en 
      g64__2883/B                                                       +0   33049               
      g64__2883/Y              CLKAND2X2_LP(slow)       6 44.6  524   +566   33615 R             
    write_pointer_inst/can_write 
    memory_inst/can_write 
      g249/C                                                            +0   33615               
      g249/Y                   NAND3X2_LP(slow)         4 32.9  659   +625   34241 F             
      g235/B                                                            +0   34241               
      g235/Y                   NOR2X2_LP(slow)          1  9.7  396   +549   34790 R             
      pow_opt_RC_CG_HIER_INST1/enable 
        RC_CGIC_INST/E         ICGPRECX1(slow)                          +0   34790               
        RC_CGIC_INST/CK        setup                              0   +331   35121 F             
- - - - - - - - - - - - - - - - - - - - - - - - - - - - - - - - - - - - - - - - - - - - - - - - -
(clock sys_clk)                capture                                       41665 F             
                               uncertainty                           -2000   39665 F             
-------------------------------------------------------------------------------------------------
Cost Group   : 'cg_enable_group_sys_clk' (path_group 'cg_enable_group_sys_clk')
Timing slack :    4544ps 
Start-point  : tx_wr_en
End-point    : tx_inst/fifo_inst/memory_inst/pow_opt_RC_CG_HIER_INST1/RC_CGIC_INST/E

path  17:

            Pin                      Type          Fanout Load Slew  Delay Arrival   Location    
                                    (Domain)              (fF) (ps)  (ps)    (ps)       (x,   y) 
-------------------------------------------------------------------------------------------------
(clock sys_clk)                launch                                            0 R             
(constraint.sdc_line_15_3_1)   ext delay                            +33000   33000 R             
tx_wr_en                       in port                  1  9.6   75    +49   33049 R             
tx_inst/wr_en 
  fifo_inst/wr_en 
    write_pointer_inst/wr_en 
      g64__2883/B                                                       +0   33049               
      g64__2883/Y              CLKAND2X2_LP(slow)       6 44.6  524   +566   33615 R             
      pow_opt_RC_CG_HIER_INST18/enable 
        RC_CGIC_INST/E         ICGPRECX1(slow)                          +0   33615               
        RC_CGIC_INST/CK        setup                              0   +378   33994 F             
- - - - - - - - - - - - - - - - - - - - - - - - - - - - - - - - - - - - - - - - - - - - - - - - -
(clock sys_clk)                capture                                       41665 F             
                               uncertainty                           -2000   39665 F             
-------------------------------------------------------------------------------------------------
Cost Group   : 'cg_enable_group_sys_clk' (path_group 'cg_enable_group_sys_clk')
Timing slack :    5671ps 
Start-point  : tx_wr_en
End-point    : tx_inst/fifo_inst/write_pointer_inst/pow_opt_RC_CG_HIER_INST18/RC_CGIC_INST/E

path  18:

            Pin                      Type          Fanout Load Slew  Delay Arrival   Location    
                                    (Domain)              (fF) (ps)  (ps)    (ps)       (x,   y) 
-------------------------------------------------------------------------------------------------
(clock sys_clk)                launch                                            0 R             
(constraint.sdc_line_15_2_1)   ext delay                            +33000   33000 F             
rx_read_en                     in port                  1  9.6   59    +44   33044 F             
rx_inst/read_en 
  fifo_inst/rd_en 
    read_pointer_inst/rd_en 
      g64__4733/B                                                       +0   33045               
      g64__4733/Y              CLKAND2X2_LP(slow)       4 29.7  187   +347   33391 F             
    read_pointer_inst/can_read 
    pow_opt_RC_CG_DECLONE_HIER_INST/enable 
      RC_CGIC_INST/E           ICGPRECX1(slow)                          +0   33391               
      RC_CGIC_INST/CK          setup                              0   +500   33891 F             
- - - - - - - - - - - - - - - - - - - - - - - - - - - - - - - - - - - - - - - - - - - - - - - - -
(clock sys_clk)                capture                                       41665 F             
                               uncertainty                           -2000   39665 F             
-------------------------------------------------------------------------------------------------
Cost Group   : 'cg_enable_group_sys_clk' (path_group 'cg_enable_group_sys_clk')
Timing slack :    5774ps 
Start-point  : rx_read_en
End-point    : rx_inst/fifo_inst/pow_opt_RC_CG_DECLONE_HIER_INST/RC_CGIC_INST/E

path  19:

         Pin                    Type          Fanout Load Slew Delay Arrival   Location    
                               (Domain)              (fF) (ps)  (ps)   (ps)       (x,   y) 
-------------------------------------------------------------------------------------------
(clock sys_clk)           launch                                           0 R             
rx_inst
  fifo_inst
    state_inst
      f_full_reg/CK                                          0    +0       0 R             
      f_full_reg/Q        DFFRX1_LP(slow)          3 29.1  782 +1141    1141 R             
    state_inst/f_full 
    write_pointer_inst/f_full 
      g58/A                                                       +0    1141               
      g58/Y               INVX1_LP(slow)           1  9.6  277  +424    1564 F             
      g64__7098/B                                                 +0    1565               
      g64__7098/Y         CLKAND2X2_LP(slow)       5 35.5  217  +497    2061 F             
    write_pointer_inst/can_write 
    memory_inst/can_write 
      g225/A                                                      +0    2061               
      g225/Y              INVX1_LP(slow)           1 11.2  320  +363    2424 R             
      g219/B                                                      +0    2424               
      g219/Y              NOR2X2_LP(slow)          2 15.3  306  +224    2648 F             
      g1205/A                                                     +0    2648               
      g1205/Y             INVX1_LP(slow)           1  9.5  288  +384    3032 R             
      g217/B                                                      +0    3032               
      g217/Y              OR2X1_LP(slow)           4 32.9  877  +815    3847 R             
      g210/B                                                      +0    3847               
      g210/Y              NOR2X2_LP(slow)          1  9.7  220  +297    4144 F             
      pow_opt_RC_CG_HIER_INST11/enable 
        RC_CGIC_INST/E    ICGPRECX1(slow)                         +0    4144               
        RC_CGIC_INST/CK   setup                              0  +510    4653 F             
- - - - - - - - - - - - - - - - - - - - - - - - - - - - - - - - - - - - - - - - - - - - - -
(clock sys_clk)           capture                                      41665 F             
                          uncertainty                          -2000   39665 F             
-------------------------------------------------------------------------------------------
Cost Group   : 'cg_enable_group_sys_clk' (path_group 'cg_enable_group_sys_clk')
Timing slack :   35012ps 
Start-point  : rx_inst/fifo_inst/state_inst/f_full_reg/CK
End-point    : rx_inst/fifo_inst/memory_inst/pow_opt_RC_CG_HIER_INST11/RC_CGIC_INST/E

path  20:

         Pin                    Type          Fanout Load Slew Delay Arrival   Location    
                               (Domain)              (fF) (ps)  (ps)   (ps)       (x,   y) 
-------------------------------------------------------------------------------------------
(clock sys_clk)           launch                                           0 R             
rx_inst
  fifo_inst
    state_inst
      f_full_reg/CK                                          0    +0       0 R             
      f_full_reg/Q        DFFRX1_LP(slow)          3 29.1  782 +1141    1141 R             
    state_inst/f_full 
    write_pointer_inst/f_full 
      g58/A                                                       +0    1141               
      g58/Y               INVX1_LP(slow)           1  9.6  277  +424    1564 F             
      g64__7098/B                                                 +0    1565               
      g64__7098/Y         CLKAND2X2_LP(slow)       5 35.5  217  +497    2061 F             
    write_pointer_inst/can_write 
    memory_inst/can_write 
      g225/A                                                      +0    2061               
      g225/Y              INVX1_LP(slow)           1 11.2  320  +363    2424 R             
      g219/B                                                      +0    2424               
      g219/Y              NOR2X2_LP(slow)          2 15.3  306  +224    2648 F             
      g1205/A                                                     +0    2648               
      g1205/Y             INVX1_LP(slow)           1  9.5  288  +384    3032 R             
      g217/B                                                      +0    3032               
      g217/Y              OR2X1_LP(slow)           4 32.9  877  +815    3847 R             
      g211/B                                                      +0    3847               
      g211/Y              NOR2X2_LP(slow)          1  9.7  219  +297    4144 F             
      pow_opt_RC_CG_HIER_INST15/enable 
        RC_CGIC_INST/E    ICGPRECX1(slow)                         +0    4144               
        RC_CGIC_INST/CK   setup                              0  +509    4653 F             
- - - - - - - - - - - - - - - - - - - - - - - - - - - - - - - - - - - - - - - - - - - - - -
(clock sys_clk)           capture                                      41665 F             
                          uncertainty                          -2000   39665 F             
-------------------------------------------------------------------------------------------
Cost Group   : 'cg_enable_group_sys_clk' (path_group 'cg_enable_group_sys_clk')
Timing slack :   35012ps 
Start-point  : rx_inst/fifo_inst/state_inst/f_full_reg/CK
End-point    : rx_inst/fifo_inst/memory_inst/pow_opt_RC_CG_HIER_INST15/RC_CGIC_INST/E

path  21:

         Pin                    Type          Fanout Load Slew Delay Arrival   Location    
                               (Domain)              (fF) (ps)  (ps)   (ps)       (x,   y) 
-------------------------------------------------------------------------------------------
(clock sys_clk)           launch                                           0 R             
rx_inst
  fifo_inst
    state_inst
      f_full_reg/CK                                          0    +0       0 R             
      f_full_reg/Q        DFFRX1_LP(slow)          3 29.1  782 +1141    1141 R             
    state_inst/f_full 
    write_pointer_inst/f_full 
      g58/A                                                       +0    1141               
      g58/Y               INVX1_LP(slow)           1  9.6  277  +424    1564 F             
      g64__7098/B                                                 +0    1565               
      g64__7098/Y         CLKAND2X2_LP(slow)       5 35.5  217  +497    2061 F             
    write_pointer_inst/can_write 
    memory_inst/can_write 
      g225/A                                                      +0    2061               
      g225/Y              INVX1_LP(slow)           1 11.2  320  +363    2424 R             
      g219/B                                                      +0    2424               
      g219/Y              NOR2X2_LP(slow)          2 15.3  306  +224    2648 F             
      g1205/A                                                     +0    2648               
      g1205/Y             INVX1_LP(slow)           1  9.5  288  +384    3032 R             
      g217/B                                                      +0    3032               
      g217/Y              OR2X1_LP(slow)           4 32.9  877  +815    3847 R             
      g1184__7482/B                                               +0    3847               
      g1184__7482/Y       NOR2X2_LP(slow)          1  9.7  216  +297    4144 F             
      pow_opt_RC_CG_HIER_INST12/enable 
        RC_CGIC_INST/E    ICGPRECX1(slow)                         +0    4144               
        RC_CGIC_INST/CK   setup                              0  +508    4652 F             
- - - - - - - - - - - - - - - - - - - - - - - - - - - - - - - - - - - - - - - - - - - - - -
(clock sys_clk)           capture                                      41665 F             
                          uncertainty                          -2000   39665 F             
-------------------------------------------------------------------------------------------
Cost Group   : 'cg_enable_group_sys_clk' (path_group 'cg_enable_group_sys_clk')
Timing slack :   35013ps 
Start-point  : rx_inst/fifo_inst/state_inst/f_full_reg/CK
End-point    : rx_inst/fifo_inst/memory_inst/pow_opt_RC_CG_HIER_INST12/RC_CGIC_INST/E

path  22:

         Pin                    Type          Fanout Load Slew Delay Arrival   Location    
                               (Domain)              (fF) (ps)  (ps)   (ps)       (x,   y) 
-------------------------------------------------------------------------------------------
(clock sys_clk)           launch                                           0 R             
rx_inst
  fifo_inst
    state_inst
      f_full_reg/CK                                          0    +0       0 R             
      f_full_reg/Q        DFFRX1_LP(slow)          3 29.1  782 +1141    1141 R             
    state_inst/f_full 
    write_pointer_inst/f_full 
      g58/A                                                       +0    1141               
      g58/Y               INVX1_LP(slow)           1  9.6  277  +424    1564 F             
      g64__7098/B                                                 +0    1565               
      g64__7098/Y         CLKAND2X2_LP(slow)       5 35.5  217  +497    2061 F             
    write_pointer_inst/can_write 
    memory_inst/can_write 
      g225/A                                                      +0    2061               
      g225/Y              INVX1_LP(slow)           1 11.2  320  +363    2424 R             
      g219/B                                                      +0    2424               
      g219/Y              NOR2X2_LP(slow)          2 15.3  306  +224    2648 F             
      g1205/A                                                     +0    2648               
      g1205/Y             INVX1_LP(slow)           1  9.5  288  +384    3032 R             
      g217/B                                                      +0    3032               
      g217/Y              OR2X1_LP(slow)           4 32.9  877  +815    3847 R             
      g212/B                                                      +0    3847               
      g212/Y              NOR2X2_LP(slow)          1  9.7  215  +297    4144 F             
      pow_opt_RC_CG_HIER_INST16/enable 
        RC_CGIC_INST/E    ICGPRECX1(slow)                         +0    4144               
        RC_CGIC_INST/CK   setup                              0  +508    4652 F             
- - - - - - - - - - - - - - - - - - - - - - - - - - - - - - - - - - - - - - - - - - - - - -
(clock sys_clk)           capture                                      41665 F             
                          uncertainty                          -2000   39665 F             
-------------------------------------------------------------------------------------------
Cost Group   : 'cg_enable_group_sys_clk' (path_group 'cg_enable_group_sys_clk')
Timing slack :   35013ps 
Start-point  : rx_inst/fifo_inst/state_inst/f_full_reg/CK
End-point    : rx_inst/fifo_inst/memory_inst/pow_opt_RC_CG_HIER_INST16/RC_CGIC_INST/E

path  23:

         Pin                    Type          Fanout Load Slew Delay Arrival   Location    
                               (Domain)              (fF) (ps)  (ps)   (ps)       (x,   y) 
-------------------------------------------------------------------------------------------
(clock sys_clk)           launch                                           0 R             
rx_inst
  fifo_inst
    state_inst
      f_full_reg/CK                                          0    +0       0 R             
      f_full_reg/Q        DFFRX1_LP(slow)          3 29.1  380  +891     891 F             
    state_inst/f_full 
    write_pointer_inst/f_full 
      g58/A                                                       +0     891               
      g58/Y               INVX1_LP(slow)           1  9.6  303  +427    1318 R             
      g64__7098/B                                                 +0    1318               
      g64__7098/Y         CLKAND2X2_LP(slow)       5 35.5  423  +597    1915 R             
    write_pointer_inst/can_write 
    memory_inst/can_write 
      g225/A                                                      +0    1915               
      g225/Y              INVX1_LP(slow)           1 11.2  212  +328    2243 F             
      g219/B                                                      +0    2244               
      g219/Y              NOR2X2_LP(slow)          2 15.3  482  +454    2698 R             
      g216/B                                                      +0    2698               
      g216/Y              NAND2X1_LP(slow)         4 32.9  887  +840    3538 F             
      g205/B                                                      +0    3538               
      g205/Y              NOR2X2_LP(slow)          1  9.7  446  +639    4177 R             
      pow_opt_RC_CG_HIER_INST14/enable 
        RC_CGIC_INST/E    ICGPRECX1(slow)                         +0    4177               
        RC_CGIC_INST/CK   setup                              0  +350    4527 F             
- - - - - - - - - - - - - - - - - - - - - - - - - - - - - - - - - - - - - - - - - - - - - -
(clock sys_clk)           capture                                      41665 F             
                          uncertainty                          -2000   39665 F             
-------------------------------------------------------------------------------------------
Cost Group   : 'cg_enable_group_sys_clk' (path_group 'cg_enable_group_sys_clk')
Timing slack :   35138ps 
Start-point  : rx_inst/fifo_inst/state_inst/f_full_reg/CK
End-point    : rx_inst/fifo_inst/memory_inst/pow_opt_RC_CG_HIER_INST14/RC_CGIC_INST/E

path  24:

         Pin                    Type          Fanout Load Slew Delay Arrival   Location    
                               (Domain)              (fF) (ps)  (ps)   (ps)       (x,   y) 
-------------------------------------------------------------------------------------------
(clock sys_clk)           launch                                           0 R             
rx_inst
  fifo_inst
    state_inst
      f_full_reg/CK                                          0    +0       0 R             
      f_full_reg/Q        DFFRX1_LP(slow)          3 29.1  380  +891     891 F             
    state_inst/f_full 
    write_pointer_inst/f_full 
      g58/A                                                       +0     891               
      g58/Y               INVX1_LP(slow)           1  9.6  303  +427    1318 R             
      g64__7098/B                                                 +0    1318               
      g64__7098/Y         CLKAND2X2_LP(slow)       5 35.5  423  +597    1915 R             
    write_pointer_inst/can_write 
    memory_inst/can_write 
      g225/A                                                      +0    1915               
      g225/Y              INVX1_LP(slow)           1 11.2  212  +328    2243 F             
      g219/B                                                      +0    2244               
      g219/Y              NOR2X2_LP(slow)          2 15.3  482  +454    2698 R             
      g216/B                                                      +0    2698               
      g216/Y              NAND2X1_LP(slow)         4 32.9  887  +840    3538 F             
      g203/B                                                      +0    3538               
      g203/Y              NOR2X2_LP(slow)          1  9.7  446  +639    4177 R             
      pow_opt_RC_CG_HIER_INST13/enable 
        RC_CGIC_INST/E    ICGPRECX1(slow)                         +0    4177               
        RC_CGIC_INST/CK   setup                              0  +350    4527 F             
- - - - - - - - - - - - - - - - - - - - - - - - - - - - - - - - - - - - - - - - - - - - - -
(clock sys_clk)           capture                                      41665 F             
                          uncertainty                          -2000   39665 F             
-------------------------------------------------------------------------------------------
Cost Group   : 'cg_enable_group_sys_clk' (path_group 'cg_enable_group_sys_clk')
Timing slack :   35138ps 
Start-point  : rx_inst/fifo_inst/state_inst/f_full_reg/CK
End-point    : rx_inst/fifo_inst/memory_inst/pow_opt_RC_CG_HIER_INST13/RC_CGIC_INST/E

path  25:

         Pin                    Type          Fanout Load Slew Delay Arrival   Location    
                               (Domain)              (fF) (ps)  (ps)   (ps)       (x,   y) 
-------------------------------------------------------------------------------------------
(clock sys_clk)           launch                                           0 R             
rx_inst
  fifo_inst
    state_inst
      f_full_reg/CK                                          0    +0       0 R             
      f_full_reg/Q        DFFRX1_LP(slow)          3 29.1  380  +891     891 F             
    state_inst/f_full 
    write_pointer_inst/f_full 
      g58/A                                                       +0     891               
      g58/Y               INVX1_LP(slow)           1  9.6  303  +427    1318 R             
      g64__7098/B                                                 +0    1318               
      g64__7098/Y         CLKAND2X2_LP(slow)       5 35.5  423  +597    1915 R             
    write_pointer_inst/can_write 
    memory_inst/can_write 
      g225/A                                                      +0    1915               
      g225/Y              INVX1_LP(slow)           1 11.2  212  +328    2243 F             
      g219/B                                                      +0    2244               
      g219/Y              NOR2X2_LP(slow)          2 15.3  482  +454    2698 R             
      g216/B                                                      +0    2698               
      g216/Y              NAND2X1_LP(slow)         4 32.9  887  +840    3538 F             
      g204/B                                                      +0    3538               
      g204/Y              NOR2X2_LP(slow)          1  9.7  446  +639    4177 R             
      pow_opt_RC_CG_HIER_INST10/enable 
        RC_CGIC_INST/E    ICGPRECX1(slow)                         +0    4177               
        RC_CGIC_INST/CK   setup                              0  +350    4527 F             
- - - - - - - - - - - - - - - - - - - - - - - - - - - - - - - - - - - - - - - - - - - - - -
(clock sys_clk)           capture                                      41665 F             
                          uncertainty                          -2000   39665 F             
-------------------------------------------------------------------------------------------
Cost Group   : 'cg_enable_group_sys_clk' (path_group 'cg_enable_group_sys_clk')
Timing slack :   35138ps 
Start-point  : rx_inst/fifo_inst/state_inst/f_full_reg/CK
End-point    : rx_inst/fifo_inst/memory_inst/pow_opt_RC_CG_HIER_INST10/RC_CGIC_INST/E

path  26:

         Pin                    Type          Fanout Load Slew Delay Arrival   Location    
                               (Domain)              (fF) (ps)  (ps)   (ps)       (x,   y) 
-------------------------------------------------------------------------------------------
(clock sys_clk)           launch                                           0 R             
rx_inst
  fifo_inst
    state_inst
      f_full_reg/CK                                          0    +0       0 R             
      f_full_reg/Q        DFFRX1_LP(slow)          3 29.1  380  +891     891 F             
    state_inst/f_full 
    write_pointer_inst/f_full 
      g58/A                                                       +0     891               
      g58/Y               INVX1_LP(slow)           1  9.6  303  +427    1318 R             
      g64__7098/B                                                 +0    1318               
      g64__7098/Y         CLKAND2X2_LP(slow)       5 35.5  423  +597    1915 R             
    write_pointer_inst/can_write 
    memory_inst/can_write 
      g225/A                                                      +0    1915               
      g225/Y              INVX1_LP(slow)           1 11.2  212  +328    2243 F             
      g219/B                                                      +0    2244               
      g219/Y              NOR2X2_LP(slow)          2 15.3  482  +454    2698 R             
      g216/B                                                      +0    2698               
      g216/Y              NAND2X1_LP(slow)         4 32.9  887  +840    3538 F             
      g206/B                                                      +0    3538               
      g206/Y              NOR2X2_LP(slow)          1  9.7  446  +639    4177 R             
      pow_opt_RC_CG_HIER_INST9/enable 
        RC_CGIC_INST/E    ICGPRECX1(slow)                         +0    4177               
        RC_CGIC_INST/CK   setup                              0  +350    4527 F             
- - - - - - - - - - - - - - - - - - - - - - - - - - - - - - - - - - - - - - - - - - - - - -
(clock sys_clk)           capture                                      41665 F             
                          uncertainty                          -2000   39665 F             
-------------------------------------------------------------------------------------------
Cost Group   : 'cg_enable_group_sys_clk' (path_group 'cg_enable_group_sys_clk')
Timing slack :   35138ps 
Start-point  : rx_inst/fifo_inst/state_inst/f_full_reg/CK
End-point    : rx_inst/fifo_inst/memory_inst/pow_opt_RC_CG_HIER_INST9/RC_CGIC_INST/E

path  27:

         Pin                    Type          Fanout Load Slew Delay Arrival   Location    
                               (Domain)              (fF) (ps)  (ps)   (ps)       (x,   y) 
-------------------------------------------------------------------------------------------
(clock sys_clk)           launch                                           0 R             
rx_inst
  fifo_inst
    state_inst
      f_full_reg/CK                                          0    +0       0 R             
      f_full_reg/Q        DFFRX1_LP(slow)          3 29.1  380  +891     891 F             
    state_inst/f_full 
    write_pointer_inst/f_full 
      g58/A                                                       +0     891               
      g58/Y               INVX1_LP(slow)           1  9.6  303  +427    1318 R             
      g64__7098/B                                                 +0    1318               
      g64__7098/Y         CLKAND2X2_LP(slow)       5 35.5  423  +597    1915 R             
    write_pointer_inst/can_write 
    memory_inst/can_write 
      g218/B                                                      +0    1915               
      g218/Y              NAND2X1_LP(slow)         2 16.7  538  +530    2446 F             
      g214/B                                                      +0    2446               
      g214/Y              NOR2X2_LP(slow)          2 15.2  491  +612    3057 R             
      g213/A                                                      +0    3057               
      g213/Y              INVX1_LP(slow)           3 25.7  373  +511    3568 F             
      g207/B                                                      +0    3568               
      g207/Y              NOR2X2_LP(slow)          1  9.7  405  +426    3994 R             
      pow_opt_RC_CG_HIER_INST7/enable 
        RC_CGIC_INST/E    ICGPRECX1(slow)                         +0    3994               
        RC_CGIC_INST/CK   setup                              0  +335    4328 F             
- - - - - - - - - - - - - - - - - - - - - - - - - - - - - - - - - - - - - - - - - - - - - -
(clock sys_clk)           capture                                      41665 F             
                          uncertainty                          -2000   39665 F             
-------------------------------------------------------------------------------------------
Cost Group   : 'cg_enable_group_sys_clk' (path_group 'cg_enable_group_sys_clk')
Timing slack :   35337ps 
Start-point  : rx_inst/fifo_inst/state_inst/f_full_reg/CK
End-point    : rx_inst/fifo_inst/memory_inst/pow_opt_RC_CG_HIER_INST7/RC_CGIC_INST/E

path  28:

         Pin                    Type          Fanout Load Slew Delay Arrival   Location    
                               (Domain)              (fF) (ps)  (ps)   (ps)       (x,   y) 
-------------------------------------------------------------------------------------------
(clock sys_clk)           launch                                           0 R             
rx_inst
  fifo_inst
    state_inst
      f_full_reg/CK                                          0    +0       0 R             
      f_full_reg/Q        DFFRX1_LP(slow)          3 29.1  380  +891     891 F             
    state_inst/f_full 
    write_pointer_inst/f_full 
      g58/A                                                       +0     891               
      g58/Y               INVX1_LP(slow)           1  9.6  303  +427    1318 R             
      g64__7098/B                                                 +0    1318               
      g64__7098/Y         CLKAND2X2_LP(slow)       5 35.5  423  +597    1915 R             
    write_pointer_inst/can_write 
    memory_inst/can_write 
      g218/B                                                      +0    1915               
      g218/Y              NAND2X1_LP(slow)         2 16.7  538  +530    2446 F             
      g214/B                                                      +0    2446               
      g214/Y              NOR2X2_LP(slow)          2 15.2  491  +612    3057 R             
      g213/A                                                      +0    3057               
      g213/Y              INVX1_LP(slow)           3 25.7  373  +511    3568 F             
      g208/B                                                      +0    3568               
      g208/Y              NOR2X2_LP(slow)          1  9.7  405  +426    3994 R             
      pow_opt_RC_CG_HIER_INST3/enable 
        RC_CGIC_INST/E    ICGPRECX1(slow)                         +0    3994               
        RC_CGIC_INST/CK   setup                              0  +335    4328 F             
- - - - - - - - - - - - - - - - - - - - - - - - - - - - - - - - - - - - - - - - - - - - - -
(clock sys_clk)           capture                                      41665 F             
                          uncertainty                          -2000   39665 F             
-------------------------------------------------------------------------------------------
Cost Group   : 'cg_enable_group_sys_clk' (path_group 'cg_enable_group_sys_clk')
Timing slack :   35337ps 
Start-point  : rx_inst/fifo_inst/state_inst/f_full_reg/CK
End-point    : rx_inst/fifo_inst/memory_inst/pow_opt_RC_CG_HIER_INST3/RC_CGIC_INST/E

path  29:

         Pin                    Type          Fanout Load Slew Delay Arrival   Location    
                               (Domain)              (fF) (ps)  (ps)   (ps)       (x,   y) 
-------------------------------------------------------------------------------------------
(clock sys_clk)           launch                                           0 R             
rx_inst
  fifo_inst
    state_inst
      f_full_reg/CK                                          0    +0       0 R             
      f_full_reg/Q        DFFRX1_LP(slow)          3 29.1  380  +891     891 F             
    state_inst/f_full 
    write_pointer_inst/f_full 
      g58/A                                                       +0     891               
      g58/Y               INVX1_LP(slow)           1  9.6  303  +427    1318 R             
      g64__7098/B                                                 +0    1318               
      g64__7098/Y         CLKAND2X2_LP(slow)       5 35.5  423  +597    1915 R             
    write_pointer_inst/can_write 
    memory_inst/can_write 
      g218/B                                                      +0    1915               
      g218/Y              NAND2X1_LP(slow)         2 16.7  538  +530    2446 F             
      g214/B                                                      +0    2446               
      g214/Y              NOR2X2_LP(slow)          2 15.2  491  +612    3057 R             
      g213/A                                                      +0    3057               
      g213/Y              INVX1_LP(slow)           3 25.7  373  +511    3568 F             
      g209/B                                                      +0    3568               
      g209/Y              NOR2X2_LP(slow)          1  9.7  331  +426    3994 R             
      pow_opt_RC_CG_HIER_INST4/enable 
        RC_CGIC_INST/E    ICGPRECX1(slow)                         +0    3994               
        RC_CGIC_INST/CK   setup                              0  +308    4301 F             
- - - - - - - - - - - - - - - - - - - - - - - - - - - - - - - - - - - - - - - - - - - - - -
(clock sys_clk)           capture                                      41665 F             
                          uncertainty                          -2000   39665 F             
-------------------------------------------------------------------------------------------
Cost Group   : 'cg_enable_group_sys_clk' (path_group 'cg_enable_group_sys_clk')
Timing slack :   35364ps 
Start-point  : rx_inst/fifo_inst/state_inst/f_full_reg/CK
End-point    : rx_inst/fifo_inst/memory_inst/pow_opt_RC_CG_HIER_INST4/RC_CGIC_INST/E

path  30:

         Pin                    Type          Fanout Load Slew Delay Arrival   Location    
                               (Domain)              (fF) (ps)  (ps)   (ps)       (x,   y) 
-------------------------------------------------------------------------------------------
(clock sys_clk)           launch                                           0 R             
rx_inst
  fifo_inst
    state_inst
      f_full_reg/CK                                          0    +0       0 R             
      f_full_reg/Q        DFFRX1_LP(slow)          3 29.1  782 +1141    1141 R             
    state_inst/f_full 
    write_pointer_inst/f_full 
      g58/A                                                       +0    1141               
      g58/Y               INVX1_LP(slow)           1  9.6  277  +424    1564 F             
      g64__7098/B                                                 +0    1565               
      g64__7098/Y         CLKAND2X2_LP(slow)       5 35.5  217  +497    2061 F             
    write_pointer_inst/can_write 
    memory_inst/can_write 
      g218/B                                                      +0    2061               
      g218/Y              NAND2X1_LP(slow)         2 16.7  519  +470    2532 R             
      g215/B                                                      +0    2532               
      g215/Y              OR2X1_LP(slow)           4 32.9  875  +875    3406 R             
      g199/B                                                      +0    3406               
      g199/Y              NOR2X2_LP(slow)          1  9.7  220  +297    3703 F             
      pow_opt_RC_CG_HIER_INST1/enable 
        RC_CGIC_INST/E    ICGPRECX1(slow)                         +0    3703               
        RC_CGIC_INST/CK   setup                              0  +510    4212 F             
- - - - - - - - - - - - - - - - - - - - - - - - - - - - - - - - - - - - - - - - - - - - - -
(clock sys_clk)           capture                                      41665 F             
                          uncertainty                          -2000   39665 F             
-------------------------------------------------------------------------------------------
Cost Group   : 'cg_enable_group_sys_clk' (path_group 'cg_enable_group_sys_clk')
Timing slack :   35452ps 
Start-point  : rx_inst/fifo_inst/state_inst/f_full_reg/CK
End-point    : rx_inst/fifo_inst/memory_inst/pow_opt_RC_CG_HIER_INST1/RC_CGIC_INST/E

path  31:

         Pin                    Type          Fanout Load Slew Delay Arrival   Location    
                               (Domain)              (fF) (ps)  (ps)   (ps)       (x,   y) 
-------------------------------------------------------------------------------------------
(clock sys_clk)           launch                                           0 R             
rx_inst
  fifo_inst
    state_inst
      f_full_reg/CK                                          0    +0       0 R             
      f_full_reg/Q        DFFRX1_LP(slow)          3 29.1  782 +1141    1141 R             
    state_inst/f_full 
    write_pointer_inst/f_full 
      g58/A                                                       +0    1141               
      g58/Y               INVX1_LP(slow)           1  9.6  277  +424    1564 F             
      g64__7098/B                                                 +0    1565               
      g64__7098/Y         CLKAND2X2_LP(slow)       5 35.5  217  +497    2061 F             
    write_pointer_inst/can_write 
    memory_inst/can_write 
      g218/B                                                      +0    2061               
      g218/Y              NAND2X1_LP(slow)         2 16.7  519  +470    2532 R             
      g215/B                                                      +0    2532               
      g215/Y              OR2X1_LP(slow)           4 32.9  875  +875    3406 R             
      g202/B                                                      +0    3406               
      g202/Y              NOR2X2_LP(slow)          1  9.7  219  +297    3703 F             
      pow_opt_RC_CG_HIER_INST5/enable 
        RC_CGIC_INST/E    ICGPRECX1(slow)                         +0    3703               
        RC_CGIC_INST/CK   setup                              0  +509    4212 F             
- - - - - - - - - - - - - - - - - - - - - - - - - - - - - - - - - - - - - - - - - - - - - -
(clock sys_clk)           capture                                      41665 F             
                          uncertainty                          -2000   39665 F             
-------------------------------------------------------------------------------------------
Cost Group   : 'cg_enable_group_sys_clk' (path_group 'cg_enable_group_sys_clk')
Timing slack :   35453ps 
Start-point  : rx_inst/fifo_inst/state_inst/f_full_reg/CK
End-point    : rx_inst/fifo_inst/memory_inst/pow_opt_RC_CG_HIER_INST5/RC_CGIC_INST/E

path  32:

         Pin                    Type          Fanout Load Slew Delay Arrival   Location    
                               (Domain)              (fF) (ps)  (ps)   (ps)       (x,   y) 
-------------------------------------------------------------------------------------------
(clock sys_clk)           launch                                           0 R             
rx_inst
  fifo_inst
    state_inst
      f_full_reg/CK                                          0    +0       0 R             
      f_full_reg/Q        DFFRX1_LP(slow)          3 29.1  782 +1141    1141 R             
    state_inst/f_full 
    write_pointer_inst/f_full 
      g58/A                                                       +0    1141               
      g58/Y               INVX1_LP(slow)           1  9.6  277  +424    1564 F             
      g64__7098/B                                                 +0    1565               
      g64__7098/Y         CLKAND2X2_LP(slow)       5 35.5  217  +497    2061 F             
    write_pointer_inst/can_write 
    memory_inst/can_write 
      g218/B                                                      +0    2061               
      g218/Y              NAND2X1_LP(slow)         2 16.7  519  +470    2532 R             
      g215/B                                                      +0    2532               
      g215/Y              OR2X1_LP(slow)           4 32.9  875  +875    3406 R             
      g200/B                                                      +0    3406               
      g200/Y              NOR2X2_LP(slow)          1  9.7  216  +297    3703 F             
      pow_opt_RC_CG_HIER_INST2/enable 
        RC_CGIC_INST/E    ICGPRECX1(slow)                         +0    3703               
        RC_CGIC_INST/CK   setup                              0  +508    4211 F             
- - - - - - - - - - - - - - - - - - - - - - - - - - - - - - - - - - - - - - - - - - - - - -
(clock sys_clk)           capture                                      41665 F             
                          uncertainty                          -2000   39665 F             
-------------------------------------------------------------------------------------------
Cost Group   : 'cg_enable_group_sys_clk' (path_group 'cg_enable_group_sys_clk')
Timing slack :   35454ps 
Start-point  : rx_inst/fifo_inst/state_inst/f_full_reg/CK
End-point    : rx_inst/fifo_inst/memory_inst/pow_opt_RC_CG_HIER_INST2/RC_CGIC_INST/E

path  33:

         Pin                    Type          Fanout Load Slew Delay Arrival   Location    
                               (Domain)              (fF) (ps)  (ps)   (ps)       (x,   y) 
-------------------------------------------------------------------------------------------
(clock sys_clk)           launch                                           0 R             
rx_inst
  fifo_inst
    state_inst
      f_full_reg/CK                                          0    +0       0 R             
      f_full_reg/Q        DFFRX1_LP(slow)          3 29.1  782 +1141    1141 R             
    state_inst/f_full 
    write_pointer_inst/f_full 
      g58/A                                                       +0    1141               
      g58/Y               INVX1_LP(slow)           1  9.6  277  +424    1564 F             
      g64__7098/B                                                 +0    1565               
      g64__7098/Y         CLKAND2X2_LP(slow)       5 35.5  217  +497    2061 F             
    write_pointer_inst/can_write 
    memory_inst/can_write 
      g218/B                                                      +0    2061               
      g218/Y              NAND2X1_LP(slow)         2 16.7  519  +470    2532 R             
      g215/B                                                      +0    2532               
      g215/Y              OR2X1_LP(slow)           4 32.9  875  +875    3406 R             
      g201/B                                                      +0    3406               
      g201/Y              NOR2X2_LP(slow)          1  9.7  215  +297    3703 F             
      pow_opt_RC_CG_HIER_INST6/enable 
        RC_CGIC_INST/E    ICGPRECX1(slow)                         +0    3703               
        RC_CGIC_INST/CK   setup                              0  +508    4211 F             
- - - - - - - - - - - - - - - - - - - - - - - - - - - - - - - - - - - - - - - - - - - - - -
(clock sys_clk)           capture                                      41665 F             
                          uncertainty                          -2000   39665 F             
-------------------------------------------------------------------------------------------
Cost Group   : 'cg_enable_group_sys_clk' (path_group 'cg_enable_group_sys_clk')
Timing slack :   35454ps 
Start-point  : rx_inst/fifo_inst/state_inst/f_full_reg/CK
End-point    : rx_inst/fifo_inst/memory_inst/pow_opt_RC_CG_HIER_INST6/RC_CGIC_INST/E

path  34:

         Pin                    Type          Fanout Load Slew Delay Arrival   Location    
                               (Domain)              (fF) (ps)  (ps)   (ps)       (x,   y) 
-------------------------------------------------------------------------------------------
(clock sys_clk)           launch                                           0 R             
rx_inst
  fifo_inst
    state_inst
      f_full_reg/CK                                          0    +0       0 R             
      f_full_reg/Q        DFFRX1_LP(slow)          3 29.1  380  +891     891 F             
    state_inst/f_full 
    write_pointer_inst/f_full 
      g58/A                                                       +0     891               
      g58/Y               INVX1_LP(slow)           1  9.6  303  +427    1318 R             
      g64__7098/B                                                 +0    1318               
      g64__7098/Y         CLKAND2X2_LP(slow)       5 35.5  423  +597    1915 R             
    write_pointer_inst/can_write 
    memory_inst/can_write 
      g218/B                                                      +0    1915               
      g218/Y              NAND2X1_LP(slow)         2 16.7  538  +530    2446 F             
      g214/B                                                      +0    2446               
      g214/Y              NOR2X2_LP(slow)          2 15.2  491  +612    3057 R             
      g1187__9315/B                                               +0    3057               
      g1187__9315/Y       CLKAND2X2_LP(slow)       1  9.7  145  +448    3505 R             
      pow_opt_RC_CG_HIER_INST8/enable 
        RC_CGIC_INST/E    ICGPRECX1(slow)                         +0    3505               
        RC_CGIC_INST/CK   setup                              0  +239    3744 F             
- - - - - - - - - - - - - - - - - - - - - - - - - - - - - - - - - - - - - - - - - - - - - -
(clock sys_clk)           capture                                      41665 F             
                          uncertainty                          -2000   39665 F             
-------------------------------------------------------------------------------------------
Cost Group   : 'cg_enable_group_sys_clk' (path_group 'cg_enable_group_sys_clk')
Timing slack :   35921ps 
Start-point  : rx_inst/fifo_inst/state_inst/f_full_reg/CK
End-point    : rx_inst/fifo_inst/memory_inst/pow_opt_RC_CG_HIER_INST8/RC_CGIC_INST/E

path  35:

         Pin                    Type          Fanout Load Slew Delay Arrival   Location    
                               (Domain)              (fF) (ps)  (ps)   (ps)       (x,   y) 
-------------------------------------------------------------------------------------------
(clock sys_clk)           launch                                           0 R             
rx_inst
  fifo_inst
    state_inst
      f_full_reg/CK                                          0    +0       0 R             
      f_full_reg/Q        DFFRX1_LP(slow)          3 29.1  782 +1141    1141 R             
    state_inst/f_full 
    write_pointer_inst/f_full 
      g58/A                                                       +0    1141               
      g58/Y               INVX1_LP(slow)           1  9.6  277  +424    1564 F             
      g64__7098/B                                                 +0    1565               
      g64__7098/Y         CLKAND2X2_LP(slow)       5 35.5  217  +497    2061 F             
      pow_opt_RC_CG_HIER_INST18/enable 
        RC_CGIC_INST/E    ICGPRECX1(slow)                         +0    2061               
        RC_CGIC_INST/CK   setup                              0  +508    2570 F             
- - - - - - - - - - - - - - - - - - - - - - - - - - - - - - - - - - - - - - - - - - - - - -
(clock sys_clk)           capture                                      41665 F             
                          uncertainty                          -2000   39665 F             
-------------------------------------------------------------------------------------------
Cost Group   : 'cg_enable_group_sys_clk' (path_group 'cg_enable_group_sys_clk')
Timing slack :   37095ps 
Start-point  : rx_inst/fifo_inst/state_inst/f_full_reg/CK
End-point    : rx_inst/fifo_inst/write_pointer_inst/pow_opt_RC_CG_HIER_INST18/RC_CGIC_INST/E

path  36:

        Pin                   Type          Fanout Load Slew Delay Arrival   Location    
                             (Domain)              (fF) (ps)  (ps)   (ps)       (x,   y) 
-----------------------------------------------------------------------------------------
(clock sys_clk)         launch                                           0 R             
tx_inst
  fifo_inst
    state_inst
      f_empty_reg/CK                                       0    +0       0 R             
      f_empty_reg/Q     SDFFSX1_LP(slow)         4 29.5  794 +1018    1018 R             
    state_inst/f_empty 
    read_pointer_inst/f_empty 
      g58/A                                                     +0    1018               
      g58/Y             INVX1_LP(slow)           1  9.6  280  +428    1445 F             
      g64__5477/A                                               +0    1446               
      g64__5477/Y       CLKAND2X2_LP(slow)       4 29.5  186  +490    1936 F             
    read_pointer_inst/can_read 
    pow_opt_RC_CG_DECLONE_HIER_INST/enable 
      RC_CGIC_INST/E    ICGPRECX1(slow)                         +0    1936               
      RC_CGIC_INST/CK   setup                              0  +500    2436 F             
- - - - - - - - - - - - - - - - - - - - - - - - - - - - - - - - - - - - - - - - - - - - -
(clock sys_clk)         capture                                      41665 F             
                        uncertainty                          -2000   39665 F             
-----------------------------------------------------------------------------------------
Cost Group   : 'cg_enable_group_sys_clk' (path_group 'cg_enable_group_sys_clk')
Timing slack :   37230ps 
Start-point  : tx_inst/fifo_inst/state_inst/f_empty_reg/CK
End-point    : tx_inst/fifo_inst/pow_opt_RC_CG_DECLONE_HIER_INST/RC_CGIC_INST/E

path  37:

        Pin                  Type         Fanout Load Slew Delay Arrival   Location    
                            (Domain)             (fF) (ps)  (ps)   (ps)       (x,   y) 
---------------------------------------------------------------------------------------
(clock sys_clk)         launch                                         0 R             
rx_inst
  uart_rx_inst
    rx_done_o_reg/CK                                     0    +0       0 R             
    rx_done_o_reg/QN    DFFX1_LP(slow)         1 11.2  313  +803     803 R             
    g1244__7410/A                                             +0     803               
    g1244__7410/Y       NAND2X2_LP(slow)       1  9.7  236  +222    1025 F             
    pow_opt_RC_CG_HIER_INST19/enable 
      RC_CGIC_INST/E    ICGPRECX1(slow)                       +0    1025               
      RC_CGIC_INST/CK   setup                            0  +514    1539 F             
- - - - - - - - - - - - - - - - - - - - - - - - - - - - - - - - - - - - - - - - - - - -
(clock sys_clk)         capture                                    41665 F             
                        uncertainty                        -2000   39665 F             
---------------------------------------------------------------------------------------
Cost Group   : 'cg_enable_group_sys_clk' (path_group 'cg_enable_group_sys_clk')
Timing slack :   38126ps 
Start-point  : rx_inst/uart_rx_inst/rx_done_o_reg/CK
End-point    : rx_inst/uart_rx_inst/pow_opt_RC_CG_HIER_INST19/RC_CGIC_INST/E

path  38:

            Pin                      Type          Fanout Load Slew  Delay Arrival   Location    
                                    (Domain)              (fF) (ps)  (ps)    (ps)       (x,   y) 
-------------------------------------------------------------------------------------------------
(clock sys_clk)                launch                                            0 R             
(constraint.sdc_line_15_3_1)   ext delay                            +33000   33000 R             
tx_wr_en                       in port                  1  9.6   75    +49   33049 R             
tx_inst/wr_en 
  fifo_inst/wr_en 
    write_pointer_inst/wr_en 
      g64__2883/B                                                       +0   33049               
      g64__2883/Y              CLKAND2X2_LP(slow)       6 44.6  524   +566   33615 R             
    write_pointer_inst/can_write 
    state_inst/can_write 
      g226/S0                                                           +0   33615               
      g226/Y                   MX2X1_LP(slow)           1 11.2  189   +638   34254 F             
      g225/B                                                            +0   34254               
      g225/Y                   NOR2X2_LP(slow)          1  9.5  306   +332   34585 R             
      f_full_reg/D             DFFRX1_LP(slow)                          +0   34586               
      f_full_reg/CK            setup                              0   +318   34904 R             
- - - - - - - - - - - - - - - - - - - - - - - - - - - - - - - - - - - - - - - - - - - - - - - - -
(clock sys_clk)                capture                                       83330 R             
                               uncertainty                           -2000   81330 R             
-------------------------------------------------------------------------------------------------
Cost Group   : 'sys_clk' (path_group 'sys_clk')
Timing slack :   46426ps 
Start-point  : tx_wr_en
End-point    : tx_inst/fifo_inst/state_inst/f_full_reg/D

path  39:

            Pin                      Type          Fanout Load Slew  Delay Arrival   Location    
                                    (Domain)              (fF) (ps)  (ps)    (ps)       (x,   y) 
-------------------------------------------------------------------------------------------------
(clock sys_clk)                launch                                            0 R             
(constraint.sdc_line_15_3_1)   ext delay                            +33000   33000 F             
tx_wr_en                       in port                  1  9.6   59    +44   33044 F             
tx_inst/wr_en 
  fifo_inst/wr_en 
    write_pointer_inst/wr_en 
      g64__2883/B                                                       +0   33045               
      g64__2883/Y              CLKAND2X2_LP(slow)       6 44.6  264   +410   33454 F             
    write_pointer_inst/can_write 
    state_inst/can_write 
      g529__9945/B                                                      +0   33454               
      g529__9945/Y             NOR2X2_LP(slow)          1 11.1  350   +400   33855 R             
      f_empty_reg/SE           SDFFSX1_LP(slow)                         +0   33855               
      f_empty_reg/CK           setup                              0   +778   34634 R             
- - - - - - - - - - - - - - - - - - - - - - - - - - - - - - - - - - - - - - - - - - - - - - - - -
(clock sys_clk)                capture                                       83330 R             
                               uncertainty                           -2000   81330 R             
-------------------------------------------------------------------------------------------------
Cost Group   : 'sys_clk' (path_group 'sys_clk')
Timing slack :   46696ps 
Start-point  : tx_wr_en
End-point    : tx_inst/fifo_inst/state_inst/f_empty_reg/SE

path  40:

            Pin                      Type          Fanout Load Slew  Delay Arrival   Location    
                                    (Domain)              (fF) (ps)  (ps)    (ps)       (x,   y) 
-------------------------------------------------------------------------------------------------
(clock sys_clk)                launch                                            0 R             
(constraint.sdc_line_15_2_1)   ext delay                            +33000   33000 R             
rx_read_en                     in port                  1  9.6   75    +49   33049 R             
rx_inst/read_en 
  fifo_inst/rd_en 
    read_pointer_inst/rd_en 
      g64__4733/B                                                       +0   33049               
      g64__4733/Y              CLKAND2X2_LP(slow)       4 29.7  359   +446   33496 R             
    read_pointer_inst/can_read 
    state_inst/can_read 
      g511__1666/D                                                      +0   33496               
      g511__1666/Y             AND4X2_LP(slow)          1  9.6  194   +591   34087 R             
      f_empty_reg/D            SDFFSX1_LP(slow)                         +0   34087               
      f_empty_reg/CK           setup                              0   +474   34561 R             
- - - - - - - - - - - - - - - - - - - - - - - - - - - - - - - - - - - - - - - - - - - - - - - - -
(clock sys_clk)                capture                                       83330 R             
                               uncertainty                           -2000   81330 R             
-------------------------------------------------------------------------------------------------
Cost Group   : 'sys_clk' (path_group 'sys_clk')
Timing slack :   46769ps 
Start-point  : rx_read_en
End-point    : rx_inst/fifo_inst/state_inst/f_empty_reg/D

path  41:

            Pin                      Type          Fanout Load Slew  Delay Arrival   Location    
                                    (Domain)              (fF) (ps)  (ps)    (ps)       (x,   y) 
-------------------------------------------------------------------------------------------------
(clock sys_clk)                launch                                            0 R             
(constraint.sdc_line_15_2_1)   ext delay                            +33000   33000 F             
rx_read_en                     in port                  1  9.6   59    +44   33044 F             
rx_inst/read_en 
  fifo_inst/rd_en 
    read_pointer_inst/rd_en 
      g64__4733/B                                                       +0   33045               
      g64__4733/Y              CLKAND2X2_LP(slow)       4 29.7  187   +347   33391 F             
    read_pointer_inst/can_read 
    state_inst/can_read 
      g529__8246/B                                                      +0   33391               
      g529__8246/Y             NOR2X2_LP(slow)          1 11.1  345   +362   33753 R             
      f_empty_reg/SE           SDFFSX1_LP(slow)                         +0   33753               
      f_empty_reg/CK           setup                              0   +777   34530 R             
- - - - - - - - - - - - - - - - - - - - - - - - - - - - - - - - - - - - - - - - - - - - - - - - -
(clock sys_clk)                capture                                       83330 R             
                               uncertainty                           -2000   81330 R             
-------------------------------------------------------------------------------------------------
Cost Group   : 'sys_clk' (path_group 'sys_clk')
Timing slack :   46800ps 
Start-point  : rx_read_en
End-point    : rx_inst/fifo_inst/state_inst/f_empty_reg/SE

path  42:

            Pin                     Type         Fanout Load Slew  Delay Arrival   Location    
                                   (Domain)             (fF) (ps)  (ps)    (ps)       (x,   y) 
-----------------------------------------------------------------------------------------------
(clock sys_clk)                 launch                                         0 R             
rx_inst
  fifo_inst
    state_inst
      f_full_reg/CK                                             0     +0       0 R             
      f_full_reg/Q              DFFRX1_LP(slow)       3 29.1  782  +1141    1141 R             
    state_inst/f_full 
  fifo_inst/f_full 
rx_inst/fifo_full 
rx_fifo_full                    interconnect                  782     +0    1141 R             
                                out port                              +0    1141 R             
(constraint.sdc_line_19_29_1)   ext delay                         +33000   34141 R             
- - - - - - - - - - - - - - - - - - - - - - - - - - - - - - - - - - - - - - - - - - - - - - - -
(clock sys_clk)                 capture                                    83330 R             
                                uncertainty                        -2000   81330 R             
-----------------------------------------------------------------------------------------------
Cost Group   : 'sys_clk' (path_group 'sys_clk')
Timing slack :   47189ps 
Start-point  : rx_inst/fifo_inst/state_inst/f_full_reg/CK
End-point    : rx_fifo_full

path  43:

            Pin                      Type          Fanout Load Slew  Delay Arrival   Location    
                                    (Domain)              (fF) (ps)  (ps)    (ps)       (x,   y) 
-------------------------------------------------------------------------------------------------
(clock sys_clk)                launch                                            0 R             
(constraint.sdc_line_15_2_1)   ext delay                            +33000   33000 F             
rx_read_en                     in port                  1  9.6   59    +44   33044 F             
rx_inst/read_en 
  fifo_inst/rd_en 
    read_pointer_inst/rd_en 
      g64__4733/B                                                       +0   33045               
      g64__4733/Y              CLKAND2X2_LP(slow)       4 29.7  187   +347   33391 F             
    read_pointer_inst/can_read 
    state_inst/can_read 
      g225/B                                                            +0   33391               
      g225/Y                   NOR2X2_LP(slow)          1  9.5  306   +331   33722 R             
      f_full_reg/D             DFFRX1_LP(slow)                          +0   33722               
      f_full_reg/CK            setup                              0   +318   34041 R             
- - - - - - - - - - - - - - - - - - - - - - - - - - - - - - - - - - - - - - - - - - - - - - - - -
(clock sys_clk)                capture                                       83330 R             
                               uncertainty                           -2000   81330 R             
-------------------------------------------------------------------------------------------------
Cost Group   : 'sys_clk' (path_group 'sys_clk')
Timing slack :   47289ps 
Start-point  : rx_read_en
End-point    : rx_inst/fifo_inst/state_inst/f_full_reg/D

path  44:

            Pin                     Type         Fanout Load Slew  Delay Arrival   Location    
                                   (Domain)             (fF) (ps)  (ps)    (ps)       (x,   y) 
-----------------------------------------------------------------------------------------------
(clock sys_clk)                 launch                                         0 R             
tx_inst
  fifo_inst
    state_inst
      f_full_reg/CK                                             0     +0       0 R             
      f_full_reg/Q              DFFRX1_LP(slow)       2 23.4  637  +1037    1037 R             
    state_inst/f_full 
  fifo_inst/f_full 
tx_inst/tx_full_o 
tx_fifo_full                    interconnect                  637     +0    1037 R             
                                out port                              +0    1037 R             
(constraint.sdc_line_19_31_1)   ext delay                         +33000   34037 R             
- - - - - - - - - - - - - - - - - - - - - - - - - - - - - - - - - - - - - - - - - - - - - - - -
(clock sys_clk)                 capture                                    83330 R             
                                uncertainty                        -2000   81330 R             
-----------------------------------------------------------------------------------------------
Cost Group   : 'sys_clk' (path_group 'sys_clk')
Timing slack :   47293ps 
Start-point  : tx_inst/fifo_inst/state_inst/f_full_reg/CK
End-point    : tx_fifo_full

path  45:

            Pin                      Type         Fanout Load Slew  Delay Arrival   Location    
                                    (Domain)             (fF) (ps)  (ps)    (ps)       (x,   y) 
------------------------------------------------------------------------------------------------
(clock sys_clk)                 launch                                          0 R             
rx_inst
  fifo_inst
    state_inst
      f_empty_reg/CK                                             0     +0       0 R             
      f_empty_reg/Q             SDFFSX1_LP(slow)       3 29.0  781  +1009    1009 R             
    state_inst/f_empty 
  fifo_inst/f_empty 
rx_inst/fifo_empty 
rx_fifo_empty                   interconnect                   781     +0    1009 R             
                                out port                               +0    1009 R             
(constraint.sdc_line_19_30_1)   ext delay                          +33000   34009 R             
- - - - - - - - - - - - - - - - - - - - - - - - - - - - - - - - - - - - - - - - - - - - - - - - 
(clock sys_clk)                 capture                                     83330 R             
                                uncertainty                         -2000   81330 R             
------------------------------------------------------------------------------------------------
Cost Group   : 'sys_clk' (path_group 'sys_clk')
Timing slack :   47321ps 
Start-point  : rx_inst/fifo_inst/state_inst/f_empty_reg/CK
End-point    : rx_fifo_empty

path  46:

          Pin                  Type        Fanout Load Slew  Delay Arrival   Location    
                              (Domain)            (fF) (ps)  (ps)    (ps)       (x,   y) 
-----------------------------------------------------------------------------------------
(clock sys_clk)            launch                                        0 R             
tx_inst
  uart_tx_inst
    tx_o_buf_reg/CK                                       0     +0       0 R             
    tx_o_buf_reg/Q         DFFX1_LP(slow)       2 25.0  674   +903     903 R             
  uart_tx_inst/tx_o 
tx_inst/tx_o 
tx_o                       interconnect                 674     +0     903 R             
                           out port                             +0     903 R             
(constraint.sdc_line_19)   ext delay                        +33000   33903 R             
- - - - - - - - - - - - - - - - - - - - - - - - - - - - - - - - - - - - - - - - - - - - -
(clock sys_clk)            capture                                   83330 R             
                           uncertainty                       -2000   81330 R             
-----------------------------------------------------------------------------------------
Cost Group   : 'sys_clk' (path_group 'sys_clk')
Timing slack :   47427ps 
Start-point  : tx_inst/uart_tx_inst/tx_o_buf_reg/CK
End-point    : tx_o

path  47:

            Pin                    Type        Fanout Load Slew  Delay Arrival   Location    
                                  (Domain)            (fF) (ps)  (ps)    (ps)       (x,   y) 
---------------------------------------------------------------------------------------------
(clock sys_clk)                launch                                        0 R             
(constraint.sdc_line_15_1_1)   ext delay                        +33000   33000 F             
rx_i                           in port              1  9.6   59    +44   33044 F             
rx_inst/rx_i 
  uart_rx_inst/rx_i 
    g1252__4319/A                                                   +0   33045               
    g1252__4319/Y              OR2X1_LP(slow)       1  9.5  164   +436   33480 F             
    meta_reg/D                 DFFX1_LP(slow)                       +0   33481               
    meta_reg/CK                setup                          0   +347   33828 R             
- - - - - - - - - - - - - - - - - - - - - - - - - - - - - - - - - - - - - - - - - - - - - - -
(clock sys_clk)                capture                                   83330 R             
                               uncertainty                       -2000   81330 R             
---------------------------------------------------------------------------------------------
Cost Group   : 'sys_clk' (path_group 'sys_clk')
Timing slack :   47502ps 
Start-point  : rx_i
End-point    : rx_inst/uart_rx_inst/meta_reg/D

path  48:

            Pin                    Type        Fanout Load Slew  Delay Arrival   Location    
                                  (Domain)            (fF) (ps)  (ps)    (ps)       (x,   y) 
---------------------------------------------------------------------------------------------
(clock sys_clk)                launch                                        0 R             
(constraint.sdc_line_15_4_1)   ext delay                        +33000   33000 R             
tx_din[7]                      in port             16 92.2  515   +359   33359 R             
tx_inst/tx_data_i[7] 
  fifo_inst/din[7] 
    memory_inst/din[7] 
      mem_reg[15][7]/D         DFFX1_LP(slow)                       +0   33359               
      mem_reg[15][7]/CK        setup                          0   +417   33776 R             
- - - - - - - - - - - - - - - - - - - - - - - - - - - - - - - - - - - - - - - - - - - - - - -
(clock sys_clk)                capture                                   83330 R             
                               uncertainty                       -2000   81330 R             
---------------------------------------------------------------------------------------------
Cost Group   : 'sys_clk' (path_group 'sys_clk')
Timing slack :   47554ps 
Start-point  : tx_din[7]
End-point    : tx_inst/fifo_inst/memory_inst/mem_reg[15][7]/D

path  49:

            Pin                    Type        Fanout Load Slew  Delay Arrival   Location    
                                  (Domain)            (fF) (ps)  (ps)    (ps)       (x,   y) 
---------------------------------------------------------------------------------------------
(clock sys_clk)                launch                                        0 R             
(constraint.sdc_line_15_5_1)   ext delay                        +33000   33000 R             
tx_din[6]                      in port             16 92.2  515   +359   33359 R             
tx_inst/tx_data_i[6] 
  fifo_inst/din[6] 
    memory_inst/din[6] 
      mem_reg[15][6]/D         DFFX1_LP(slow)                       +0   33359               
      mem_reg[15][6]/CK        setup                          0   +417   33776 R             
- - - - - - - - - - - - - - - - - - - - - - - - - - - - - - - - - - - - - - - - - - - - - - -
(clock sys_clk)                capture                                   83330 R             
                               uncertainty                       -2000   81330 R             
---------------------------------------------------------------------------------------------
Cost Group   : 'sys_clk' (path_group 'sys_clk')
Timing slack :   47554ps 
Start-point  : tx_din[6]
End-point    : tx_inst/fifo_inst/memory_inst/mem_reg[15][6]/D

path  50:

            Pin                    Type        Fanout Load Slew  Delay Arrival   Location    
                                  (Domain)            (fF) (ps)  (ps)    (ps)       (x,   y) 
---------------------------------------------------------------------------------------------
(clock sys_clk)                launch                                        0 R             
(constraint.sdc_line_15_6_1)   ext delay                        +33000   33000 R             
tx_din[5]                      in port             16 92.2  515   +359   33359 R             
tx_inst/tx_data_i[5] 
  fifo_inst/din[5] 
    memory_inst/din[5] 
      mem_reg[15][5]/D         DFFX1_LP(slow)                       +0   33359               
      mem_reg[15][5]/CK        setup                          0   +417   33776 R             
- - - - - - - - - - - - - - - - - - - - - - - - - - - - - - - - - - - - - - - - - - - - - - -
(clock sys_clk)                capture                                   83330 R             
                               uncertainty                       -2000   81330 R             
---------------------------------------------------------------------------------------------
Cost Group   : 'sys_clk' (path_group 'sys_clk')
Timing slack :   47554ps 
Start-point  : tx_din[5]
End-point    : tx_inst/fifo_inst/memory_inst/mem_reg[15][5]/D

