============================================================
  Generated by:           Genus(TM) Synthesis Solution 23.10-p004_1
  Generated on:           May 13 2026  04:15:23 pm
  Module:                 uart_top
  Library domain:         slow
    Domain index:         0
    Technology libraries: sky130_ss_1.62_125_LP 1.0
                          physical_cells 
  Library domain:         fast
    Domain index:         1
    Technology libraries: sky130_ff_1.98_0_LP 1.0
                          physical_cells 
  Library domain:         typ
    Domain index:         2
    Technology libraries: sky130_tt_1.8_25 1.0
                          physical_cells 
  Operating conditions:   ss_1.62_125 
  Operating conditions:   ff_1.98_0 
  Operating conditions:   tt_1.8_25 
  Interconnect mode:      global
  Area mode:              physical library
============================================================

path   1:

            Pin                     Type         Fanout Load Slew  Delay Arrival   Location    
                                   (Domain)             (fF) (ps)  (ps)    (ps)       (x,   y) 
-----------------------------------------------------------------------------------------------
(clock sys_clk)                launch                                          0 R             
(constraint.sdc_line_15_3_1)   ext delay                          +33000   33000 R             
tx_wr_en                       in port                1  9.6  147    +95   33095 R             
tx_inst/wr_en 
  fifo_inst/wr_en 
    write_pointer_inst/wr_en 
      g58/A                                                           +0   33096               
      g58/Y                    INVX1_LP(slow)         1 11.2  152   +199   33294 F             
      g64__8428/B                                                     +0   33294               
      g64__8428/Y              NOR2X2_LP(slow)        7 51.5 1372  +1111   34405 R             
    write_pointer_inst/can_write 
    memory_inst/can_write 
      g181/B                                                          +0   34405               
      g181/Y                   NAND2X2_LP(slow)       5 38.9  632   +847   35252 F             
      g1026/A                                                         +0   35252               
      g1026/Y                  INVX1_LP(slow)         1 11.3  400   +596   35848 R             
      g1025__6783/B                                                   +0   35848               
      g1025__6783/Y            NAND2X2_LP(slow)       4 33.2  497   +458   36306 F             
      g2866__4733/C                                                   +0   36306               
      g2866__4733/Y            NOR3X2_LP(slow)        1  9.5  515   +593   36899 R             
      pow_opt_RC_CG_HIER_INST16/enable 
        g11__1881/B                                                   +0   36899               
        g11__1881/Y            OR2X1_LP(slow)         1  9.4  272   +446   37345 R             
        enl_reg/D              TLATX1_LP(slow)                        +0   37345               
- - - - - - - - - - - - - - - - - - - - - - - - - - - - - - - - - - - - - - - - - - - - - - - -
(clock sys_clk)                open                                        41665 F             
                               uncertainty                         -2000   39665 F             
        enl_reg/G              borrowed                               +0   39665               
-----------------------------------------------------------------------------------------------
Cost Group   : 'cg_enable_group_sys_clk' (path_group 'cg_enable_group_sys_clk')
Timing slack :    2320ps 
Start-point  : tx_wr_en
End-point    : tx_inst/fifo_inst/memory_inst/pow_opt_RC_CG_HIER_INST16/enl_reg/D

path   2:

            Pin                     Type         Fanout Load Slew  Delay Arrival   Location    
                                   (Domain)             (fF) (ps)  (ps)    (ps)       (x,   y) 
-----------------------------------------------------------------------------------------------
(clock sys_clk)                launch                                          0 R             
(constraint.sdc_line_15_3_1)   ext delay                          +33000   33000 R             
tx_wr_en                       in port                1  9.6  147    +95   33095 R             
tx_inst/wr_en 
  fifo_inst/wr_en 
    write_pointer_inst/wr_en 
      g58/A                                                           +0   33096               
      g58/Y                    INVX1_LP(slow)         1 11.2  152   +199   33294 F             
      g64__8428/B                                                     +0   33294               
      g64__8428/Y              NOR2X2_LP(slow)        7 51.5 1372  +1111   34405 R             
    write_pointer_inst/can_write 
    memory_inst/can_write 
      g181/B                                                          +0   34405               
      g181/Y                   NAND2X2_LP(slow)       5 38.9  632   +847   35252 F             
      g1026/A                                                         +0   35252               
      g1026/Y                  INVX1_LP(slow)         1 11.3  400   +596   35848 R             
      g1025__6783/B                                                   +0   35848               
      g1025__6783/Y            NAND2X2_LP(slow)       4 33.2  497   +458   36306 F             
      g2863__5115/C                                                   +0   36306               
      g2863__5115/Y            NOR3X2_LP(slow)        1  9.5  515   +593   36899 R             
      pow_opt_RC_CG_HIER_INST14/enable 
        g11__5122/B                                                   +0   36899               
        g11__5122/Y            OR2X1_LP(slow)         1  9.4  272   +446   37345 R             
        enl_reg/D              TLATX1_LP(slow)                        +0   37345               
- - - - - - - - - - - - - - - - - - - - - - - - - - - - - - - - - - - - - - - - - - - - - - - -
(clock sys_clk)                open                                        41665 F             
                               uncertainty                         -2000   39665 F             
        enl_reg/G              borrowed                               +0   39665               
-----------------------------------------------------------------------------------------------
Cost Group   : 'cg_enable_group_sys_clk' (path_group 'cg_enable_group_sys_clk')
Timing slack :    2320ps 
Start-point  : tx_wr_en
End-point    : tx_inst/fifo_inst/memory_inst/pow_opt_RC_CG_HIER_INST14/enl_reg/D

path   3:

            Pin                     Type         Fanout Load Slew  Delay Arrival   Location    
                                   (Domain)             (fF) (ps)  (ps)    (ps)       (x,   y) 
-----------------------------------------------------------------------------------------------
(clock sys_clk)                launch                                          0 R             
(constraint.sdc_line_15_3_1)   ext delay                          +33000   33000 R             
tx_wr_en                       in port                1  9.6  147    +95   33095 R             
tx_inst/wr_en 
  fifo_inst/wr_en 
    write_pointer_inst/wr_en 
      g58/A                                                           +0   33096               
      g58/Y                    INVX1_LP(slow)         1 11.2  152   +199   33294 F             
      g64__8428/B                                                     +0   33294               
      g64__8428/Y              NOR2X2_LP(slow)        7 51.5 1372  +1111   34405 R             
    write_pointer_inst/can_write 
    memory_inst/can_write 
      g181/B                                                          +0   34405               
      g181/Y                   NAND2X2_LP(slow)       5 38.9  632   +847   35252 F             
      g1026/A                                                         +0   35252               
      g1026/Y                  INVX1_LP(slow)         1 11.3  400   +596   35848 R             
      g1025__6783/B                                                   +0   35848               
      g1025__6783/Y            NAND2X2_LP(slow)       4 33.2  497   +458   36306 F             
      g2860__6131/C                                                   +0   36306               
      g2860__6131/Y            NOR3X2_LP(slow)        1  9.5  515   +593   36899 R             
      pow_opt_RC_CG_HIER_INST12/enable 
        g11__3680/B                                                   +0   36899               
        g11__3680/Y            OR2X1_LP(slow)         1  9.4  272   +446   37345 R             
        enl_reg/D              TLATX1_LP(slow)                        +0   37345               
- - - - - - - - - - - - - - - - - - - - - - - - - - - - - - - - - - - - - - - - - - - - - - - -
(clock sys_clk)                open                                        41665 F             
                               uncertainty                         -2000   39665 F             
        enl_reg/G              borrowed                               +0   39665               
-----------------------------------------------------------------------------------------------
Cost Group   : 'cg_enable_group_sys_clk' (path_group 'cg_enable_group_sys_clk')
Timing slack :    2320ps 
Start-point  : tx_wr_en
End-point    : tx_inst/fifo_inst/memory_inst/pow_opt_RC_CG_HIER_INST12/enl_reg/D

path   4:

            Pin                     Type         Fanout Load Slew  Delay Arrival   Location    
                                   (Domain)             (fF) (ps)  (ps)    (ps)       (x,   y) 
-----------------------------------------------------------------------------------------------
(clock sys_clk)                launch                                          0 R             
(constraint.sdc_line_15_3_1)   ext delay                          +33000   33000 R             
tx_wr_en                       in port                1  9.6  147    +95   33095 R             
tx_inst/wr_en 
  fifo_inst/wr_en 
    write_pointer_inst/wr_en 
      g58/A                                                           +0   33096               
      g58/Y                    INVX1_LP(slow)         1 11.2  152   +199   33294 F             
      g64__8428/B                                                     +0   33294               
      g64__8428/Y              NOR2X2_LP(slow)        7 51.5 1372  +1111   34405 R             
    write_pointer_inst/can_write 
    memory_inst/can_write 
      g181/B                                                          +0   34405               
      g181/Y                   NAND2X2_LP(slow)       5 38.9  632   +847   35252 F             
      g1026/A                                                         +0   35252               
      g1026/Y                  INVX1_LP(slow)         1 11.3  400   +596   35848 R             
      g1025__6783/B                                                   +0   35848               
      g1025__6783/Y            NAND2X2_LP(slow)       4 33.2  497   +458   36306 F             
      g1024__5526/B                                                   +0   36306               
      g1024__5526/Y            NOR2X2_LP(slow)        1  9.5  355   +475   36781 R             
      pow_opt_RC_CG_HIER_INST10/enable 
        g11__4319/B                                                   +0   36781               
        g11__4319/Y            OR2X1_LP(slow)         1  9.4  272   +410   37191 R             
        enl_reg/D              TLATX1_LP(slow)                        +0   37191               
- - - - - - - - - - - - - - - - - - - - - - - - - - - - - - - - - - - - - - - - - - - - - - - -
(clock sys_clk)                open                                        41665 F             
                               uncertainty                         -2000   39665 F             
        enl_reg/G              borrowed                               +0   39665               
-----------------------------------------------------------------------------------------------
Cost Group   : 'cg_enable_group_sys_clk' (path_group 'cg_enable_group_sys_clk')
Timing slack :    2474ps 
Start-point  : tx_wr_en
End-point    : tx_inst/fifo_inst/memory_inst/pow_opt_RC_CG_HIER_INST10/enl_reg/D

path   5:

            Pin                     Type         Fanout Load Slew  Delay Arrival   Location    
                                   (Domain)             (fF) (ps)  (ps)    (ps)       (x,   y) 
-----------------------------------------------------------------------------------------------
(clock sys_clk)                launch                                          0 R             
(constraint.sdc_line_15_3_1)   ext delay                          +33000   33000 R             
tx_wr_en                       in port                1  9.6  147    +95   33095 R             
tx_inst/wr_en 
  fifo_inst/wr_en 
    write_pointer_inst/wr_en 
      g58/A                                                           +0   33096               
      g58/Y                    INVX1_LP(slow)         1 11.2  152   +199   33294 F             
      g64__8428/B                                                     +0   33294               
      g64__8428/Y              NOR2X2_LP(slow)        7 51.5 1372  +1111   34405 R             
    write_pointer_inst/can_write 
    memory_inst/can_write 
      g181/B                                                          +0   34405               
      g181/Y                   NAND2X2_LP(slow)       5 38.9  632   +847   35252 F             
      g2867__6161/C                                                   +0   35252               
      g2867__6161/Y            NOR3X2_LP(slow)        1  9.5  538   +654   35906 R             
      pow_opt_RC_CG_HIER_INST17/enable 
        g11__7482/B                                                   +0   35906               
        g11__7482/Y            OR2X1_LP(slow)         1  9.4  272   +451   36358 R             
        enl_reg/D              TLATX1_LP(slow)                        +0   36358               
- - - - - - - - - - - - - - - - - - - - - - - - - - - - - - - - - - - - - - - - - - - - - - - -
(clock sys_clk)                open                                        41665 F             
                               uncertainty                         -2000   39665 F             
        enl_reg/G              borrowed                               +0   39665               
-----------------------------------------------------------------------------------------------
Cost Group   : 'cg_enable_group_sys_clk' (path_group 'cg_enable_group_sys_clk')
Timing slack :    3307ps 
Start-point  : tx_wr_en
End-point    : tx_inst/fifo_inst/memory_inst/pow_opt_RC_CG_HIER_INST17/enl_reg/D

path   6:

            Pin                     Type         Fanout Load Slew  Delay Arrival   Location    
                                   (Domain)             (fF) (ps)  (ps)    (ps)       (x,   y) 
-----------------------------------------------------------------------------------------------
(clock sys_clk)                launch                                          0 R             
(constraint.sdc_line_15_3_1)   ext delay                          +33000   33000 R             
tx_wr_en                       in port                1  9.6  147    +95   33095 R             
tx_inst/wr_en 
  fifo_inst/wr_en 
    write_pointer_inst/wr_en 
      g58/A                                                           +0   33096               
      g58/Y                    INVX1_LP(slow)         1 11.2  152   +199   33294 F             
      g64__8428/B                                                     +0   33294               
      g64__8428/Y              NOR2X2_LP(slow)        7 51.5 1372  +1111   34405 R             
    write_pointer_inst/can_write 
    memory_inst/can_write 
      g181/B                                                          +0   34405               
      g181/Y                   NAND2X2_LP(slow)       5 38.9  632   +847   35252 F             
      g177/C                                                          +0   35252               
      g177/Y                   NOR3X2_LP(slow)        1  9.5  538   +654   35906 R             
      pow_opt_RC_CG_HIER_INST15/enable 
        g11__7098/B                                                   +0   35906               
        g11__7098/Y            OR2X1_LP(slow)         1  9.4  272   +451   36358 R             
        enl_reg/D              TLATX1_LP(slow)                        +0   36358               
- - - - - - - - - - - - - - - - - - - - - - - - - - - - - - - - - - - - - - - - - - - - - - - -
(clock sys_clk)                open                                        41665 F             
                               uncertainty                         -2000   39665 F             
        enl_reg/G              borrowed                               +0   39665               
-----------------------------------------------------------------------------------------------
Cost Group   : 'cg_enable_group_sys_clk' (path_group 'cg_enable_group_sys_clk')
Timing slack :    3307ps 
Start-point  : tx_wr_en
End-point    : tx_inst/fifo_inst/memory_inst/pow_opt_RC_CG_HIER_INST15/enl_reg/D

path   7:

            Pin                     Type         Fanout Load Slew  Delay Arrival   Location    
                                   (Domain)             (fF) (ps)  (ps)    (ps)       (x,   y) 
-----------------------------------------------------------------------------------------------
(clock sys_clk)                launch                                          0 R             
(constraint.sdc_line_15_3_1)   ext delay                          +33000   33000 R             
tx_wr_en                       in port                1  9.6  147    +95   33095 R             
tx_inst/wr_en 
  fifo_inst/wr_en 
    write_pointer_inst/wr_en 
      g58/A                                                           +0   33096               
      g58/Y                    INVX1_LP(slow)         1 11.2  152   +199   33294 F             
      g64__8428/B                                                     +0   33294               
      g64__8428/Y              NOR2X2_LP(slow)        7 51.5 1372  +1111   34405 R             
    write_pointer_inst/can_write 
    memory_inst/can_write 
      g181/B                                                          +0   34405               
      g181/Y                   NAND2X2_LP(slow)       5 38.9  632   +847   35252 F             
      g2862__1881/C                                                   +0   35252               
      g2862__1881/Y            NOR3X2_LP(slow)        1  9.5  538   +654   35906 R             
      pow_opt_RC_CG_HIER_INST13/enable 
        g11__2802/B                                                   +0   35906               
        g11__2802/Y            OR2X1_LP(slow)         1  9.4  272   +451   36358 R             
        enl_reg/D              TLATX1_LP(slow)                        +0   36358               
- - - - - - - - - - - - - - - - - - - - - - - - - - - - - - - - - - - - - - - - - - - - - - - -
(clock sys_clk)                open                                        41665 F             
                               uncertainty                         -2000   39665 F             
        enl_reg/G              borrowed                               +0   39665               
-----------------------------------------------------------------------------------------------
Cost Group   : 'cg_enable_group_sys_clk' (path_group 'cg_enable_group_sys_clk')
Timing slack :    3307ps 
Start-point  : tx_wr_en
End-point    : tx_inst/fifo_inst/memory_inst/pow_opt_RC_CG_HIER_INST13/enl_reg/D

path   8:

            Pin                     Type         Fanout Load Slew  Delay Arrival   Location    
                                   (Domain)             (fF) (ps)  (ps)    (ps)       (x,   y) 
-----------------------------------------------------------------------------------------------
(clock sys_clk)                launch                                          0 R             
(constraint.sdc_line_15_3_1)   ext delay                          +33000   33000 R             
tx_wr_en                       in port                1  9.6  147    +95   33095 R             
tx_inst/wr_en 
  fifo_inst/wr_en 
    write_pointer_inst/wr_en 
      g58/A                                                           +0   33096               
      g58/Y                    INVX1_LP(slow)         1 11.2  152   +199   33294 F             
      g64__8428/B                                                     +0   33294               
      g64__8428/Y              NOR2X2_LP(slow)        7 51.5 1372  +1111   34405 R             
    write_pointer_inst/can_write 
    memory_inst/can_write 
      g181/B                                                          +0   34405               
      g181/Y                   NAND2X2_LP(slow)       5 38.9  632   +847   35252 F             
      g178/C                                                          +0   35252               
      g178/Y                   NOR3X2_LP(slow)        1  9.5  538   +654   35906 R             
      pow_opt_RC_CG_HIER_INST11/enable 
        g11__5526/B                                                   +0   35906               
        g11__5526/Y            OR2X1_LP(slow)         1  9.4  272   +451   36358 R             
        enl_reg/D              TLATX1_LP(slow)                        +0   36358               
- - - - - - - - - - - - - - - - - - - - - - - - - - - - - - - - - - - - - - - - - - - - - - - -
(clock sys_clk)                open                                        41665 F             
                               uncertainty                         -2000   39665 F             
        enl_reg/G              borrowed                               +0   39665               
-----------------------------------------------------------------------------------------------
Cost Group   : 'cg_enable_group_sys_clk' (path_group 'cg_enable_group_sys_clk')
Timing slack :    3307ps 
Start-point  : tx_wr_en
End-point    : tx_inst/fifo_inst/memory_inst/pow_opt_RC_CG_HIER_INST11/enl_reg/D

path   9:

            Pin                     Type         Fanout Load Slew  Delay Arrival   Location    
                                   (Domain)             (fF) (ps)  (ps)    (ps)       (x,   y) 
-----------------------------------------------------------------------------------------------
(clock sys_clk)                launch                                          0 R             
(constraint.sdc_line_15_3_1)   ext delay                          +33000   33000 R             
tx_wr_en                       in port                1  9.6  147    +95   33095 R             
tx_inst/wr_en 
  fifo_inst/wr_en 
    write_pointer_inst/wr_en 
      g58/A                                                           +0   33096               
      g58/Y                    INVX1_LP(slow)         1 11.2  152   +199   33294 F             
      g64__8428/B                                                     +0   33294               
      g64__8428/Y              NOR2X2_LP(slow)        7 51.5 1372  +1111   34405 R             
    write_pointer_inst/can_write 
    memory_inst/can_write 
      g180/C                                                          +0   34405               
      g180/Y                   NAND3X2_LP(slow)       4 32.9  714   +920   35326 F             
      g176/B                                                          +0   35326               
      g176/Y                   NOR2X2_LP(slow)        1  9.5  404   +568   35894 R             
      pow_opt_RC_CG_HIER_INST9/enable 
        g11__5107/B                                                   +0   35894               
        g11__5107/Y            OR2X1_LP(slow)         1  9.4  272   +421   36315 R             
        enl_reg/D              TLATX1_LP(slow)                        +0   36315               
- - - - - - - - - - - - - - - - - - - - - - - - - - - - - - - - - - - - - - - - - - - - - - - -
(clock sys_clk)                open                                        41665 F             
                               uncertainty                         -2000   39665 F             
        enl_reg/G              borrowed                               +0   39665               
-----------------------------------------------------------------------------------------------
Cost Group   : 'cg_enable_group_sys_clk' (path_group 'cg_enable_group_sys_clk')
Timing slack :    3350ps 
Start-point  : tx_wr_en
End-point    : tx_inst/fifo_inst/memory_inst/pow_opt_RC_CG_HIER_INST9/enl_reg/D

path  10:

            Pin                     Type         Fanout Load Slew  Delay Arrival   Location    
                                   (Domain)             (fF) (ps)  (ps)    (ps)       (x,   y) 
-----------------------------------------------------------------------------------------------
(clock sys_clk)                launch                                          0 R             
(constraint.sdc_line_15_3_1)   ext delay                          +33000   33000 R             
tx_wr_en                       in port                1  9.6  147    +95   33095 R             
tx_inst/wr_en 
  fifo_inst/wr_en 
    write_pointer_inst/wr_en 
      g58/A                                                           +0   33096               
      g58/Y                    INVX1_LP(slow)         1 11.2  152   +199   33294 F             
      g64__8428/B                                                     +0   33294               
      g64__8428/Y              NOR2X2_LP(slow)        7 51.5 1372  +1111   34405 R             
    write_pointer_inst/can_write 
    memory_inst/can_write 
      g180/C                                                          +0   34405               
      g180/Y                   NAND3X2_LP(slow)       4 32.9  714   +920   35326 F             
      g175/B                                                          +0   35326               
      g175/Y                   NOR2X2_LP(slow)        1  9.5  404   +568   35894 R             
      pow_opt_RC_CG_HIER_INST8/enable 
        g11__5477/B                                                   +0   35894               
        g11__5477/Y            OR2X1_LP(slow)         1  9.4  272   +421   36315 R             
        enl_reg/D              TLATX1_LP(slow)                        +0   36315               
- - - - - - - - - - - - - - - - - - - - - - - - - - - - - - - - - - - - - - - - - - - - - - - -
(clock sys_clk)                open                                        41665 F             
                               uncertainty                         -2000   39665 F             
        enl_reg/G              borrowed                               +0   39665               
-----------------------------------------------------------------------------------------------
Cost Group   : 'cg_enable_group_sys_clk' (path_group 'cg_enable_group_sys_clk')
Timing slack :    3350ps 
Start-point  : tx_wr_en
End-point    : tx_inst/fifo_inst/memory_inst/pow_opt_RC_CG_HIER_INST8/enl_reg/D

path  11:

            Pin                     Type         Fanout Load Slew  Delay Arrival   Location    
                                   (Domain)             (fF) (ps)  (ps)    (ps)       (x,   y) 
-----------------------------------------------------------------------------------------------
(clock sys_clk)                launch                                          0 R             
(constraint.sdc_line_15_3_1)   ext delay                          +33000   33000 R             
tx_wr_en                       in port                1  9.6  147    +95   33095 R             
tx_inst/wr_en 
  fifo_inst/wr_en 
    write_pointer_inst/wr_en 
      g58/A                                                           +0   33096               
      g58/Y                    INVX1_LP(slow)         1 11.2  152   +199   33294 F             
      g64__8428/B                                                     +0   33294               
      g64__8428/Y              NOR2X2_LP(slow)        7 51.5 1372  +1111   34405 R             
    write_pointer_inst/can_write 
    memory_inst/can_write 
      g179/C                                                          +0   34405               
      g179/Y                   NAND3X2_LP(slow)       4 32.9  714   +920   35326 F             
      g169/B                                                          +0   35326               
      g169/Y                   NOR2X2_LP(slow)        1  9.5  404   +568   35894 R             
      pow_opt_RC_CG_HIER_INST7/enable 
        g11__7410/B                                                   +0   35894               
        g11__7410/Y            OR2X1_LP(slow)         1  9.4  272   +421   36315 R             
        enl_reg/D              TLATX1_LP(slow)                        +0   36315               
- - - - - - - - - - - - - - - - - - - - - - - - - - - - - - - - - - - - - - - - - - - - - - - -
(clock sys_clk)                open                                        41665 F             
                               uncertainty                         -2000   39665 F             
        enl_reg/G              borrowed                               +0   39665               
-----------------------------------------------------------------------------------------------
Cost Group   : 'cg_enable_group_sys_clk' (path_group 'cg_enable_group_sys_clk')
Timing slack :    3350ps 
Start-point  : tx_wr_en
End-point    : tx_inst/fifo_inst/memory_inst/pow_opt_RC_CG_HIER_INST7/enl_reg/D

path  12:

            Pin                     Type         Fanout Load Slew  Delay Arrival   Location    
                                   (Domain)             (fF) (ps)  (ps)    (ps)       (x,   y) 
-----------------------------------------------------------------------------------------------
(clock sys_clk)                launch                                          0 R             
(constraint.sdc_line_15_3_1)   ext delay                          +33000   33000 R             
tx_wr_en                       in port                1  9.6  147    +95   33095 R             
tx_inst/wr_en 
  fifo_inst/wr_en 
    write_pointer_inst/wr_en 
      g58/A                                                           +0   33096               
      g58/Y                    INVX1_LP(slow)         1 11.2  152   +199   33294 F             
      g64__8428/B                                                     +0   33294               
      g64__8428/Y              NOR2X2_LP(slow)        7 51.5 1372  +1111   34405 R             
    write_pointer_inst/can_write 
    memory_inst/can_write 
      g179/C                                                          +0   34405               
      g179/Y                   NAND3X2_LP(slow)       4 32.9  714   +920   35326 F             
      g172/B                                                          +0   35326               
      g172/Y                   NOR2X2_LP(slow)        1  9.5  404   +568   35894 R             
      pow_opt_RC_CG_HIER_INST6/enable 
        g11__2346/B                                                   +0   35894               
        g11__2346/Y            OR2X1_LP(slow)         1  9.4  272   +421   36315 R             
        enl_reg/D              TLATX1_LP(slow)                        +0   36315               
- - - - - - - - - - - - - - - - - - - - - - - - - - - - - - - - - - - - - - - - - - - - - - - -
(clock sys_clk)                open                                        41665 F             
                               uncertainty                         -2000   39665 F             
        enl_reg/G              borrowed                               +0   39665               
-----------------------------------------------------------------------------------------------
Cost Group   : 'cg_enable_group_sys_clk' (path_group 'cg_enable_group_sys_clk')
Timing slack :    3350ps 
Start-point  : tx_wr_en
End-point    : tx_inst/fifo_inst/memory_inst/pow_opt_RC_CG_HIER_INST6/enl_reg/D

path  13:

            Pin                     Type         Fanout Load Slew  Delay Arrival   Location    
                                   (Domain)             (fF) (ps)  (ps)    (ps)       (x,   y) 
-----------------------------------------------------------------------------------------------
(clock sys_clk)                launch                                          0 R             
(constraint.sdc_line_15_3_1)   ext delay                          +33000   33000 R             
tx_wr_en                       in port                1  9.6  147    +95   33095 R             
tx_inst/wr_en 
  fifo_inst/wr_en 
    write_pointer_inst/wr_en 
      g58/A                                                           +0   33096               
      g58/Y                    INVX1_LP(slow)         1 11.2  152   +199   33294 F             
      g64__8428/B                                                     +0   33294               
      g64__8428/Y              NOR2X2_LP(slow)        7 51.5 1372  +1111   34405 R             
    write_pointer_inst/can_write 
    memory_inst/can_write 
      g180/C                                                          +0   34405               
      g180/Y                   NAND3X2_LP(slow)       4 32.9  714   +920   35326 F             
      g174/B                                                          +0   35326               
      g174/Y                   NOR2X2_LP(slow)        1  9.5  404   +568   35894 R             
      pow_opt_RC_CG_HIER_INST5/enable 
        g11__9945/B                                                   +0   35894               
        g11__9945/Y            OR2X1_LP(slow)         1  9.4  272   +421   36315 R             
        enl_reg/D              TLATX1_LP(slow)                        +0   36315               
- - - - - - - - - - - - - - - - - - - - - - - - - - - - - - - - - - - - - - - - - - - - - - - -
(clock sys_clk)                open                                        41665 F             
                               uncertainty                         -2000   39665 F             
        enl_reg/G              borrowed                               +0   39665               
-----------------------------------------------------------------------------------------------
Cost Group   : 'cg_enable_group_sys_clk' (path_group 'cg_enable_group_sys_clk')
Timing slack :    3350ps 
Start-point  : tx_wr_en
End-point    : tx_inst/fifo_inst/memory_inst/pow_opt_RC_CG_HIER_INST5/enl_reg/D

path  14:

            Pin                     Type         Fanout Load Slew  Delay Arrival   Location    
                                   (Domain)             (fF) (ps)  (ps)    (ps)       (x,   y) 
-----------------------------------------------------------------------------------------------
(clock sys_clk)                launch                                          0 R             
(constraint.sdc_line_15_3_1)   ext delay                          +33000   33000 R             
tx_wr_en                       in port                1  9.6  147    +95   33095 R             
tx_inst/wr_en 
  fifo_inst/wr_en 
    write_pointer_inst/wr_en 
      g58/A                                                           +0   33096               
      g58/Y                    INVX1_LP(slow)         1 11.2  152   +199   33294 F             
      g64__8428/B                                                     +0   33294               
      g64__8428/Y              NOR2X2_LP(slow)        7 51.5 1372  +1111   34405 R             
    write_pointer_inst/can_write 
    memory_inst/can_write 
      g180/C                                                          +0   34405               
      g180/Y                   NAND3X2_LP(slow)       4 32.9  714   +920   35326 F             
      g173/B                                                          +0   35326               
      g173/Y                   NOR2X2_LP(slow)        1  9.5  404   +568   35894 R             
      pow_opt_RC_CG_HIER_INST4/enable 
        g11__6161/B                                                   +0   35894               
        g11__6161/Y            OR2X1_LP(slow)         1  9.4  272   +421   36315 R             
        enl_reg/D              TLATX1_LP(slow)                        +0   36315               
- - - - - - - - - - - - - - - - - - - - - - - - - - - - - - - - - - - - - - - - - - - - - - - -
(clock sys_clk)                open                                        41665 F             
                               uncertainty                         -2000   39665 F             
        enl_reg/G              borrowed                               +0   39665               
-----------------------------------------------------------------------------------------------
Cost Group   : 'cg_enable_group_sys_clk' (path_group 'cg_enable_group_sys_clk')
Timing slack :    3350ps 
Start-point  : tx_wr_en
End-point    : tx_inst/fifo_inst/memory_inst/pow_opt_RC_CG_HIER_INST4/enl_reg/D

path  15:

            Pin                     Type         Fanout Load Slew  Delay Arrival   Location    
                                   (Domain)             (fF) (ps)  (ps)    (ps)       (x,   y) 
-----------------------------------------------------------------------------------------------
(clock sys_clk)                launch                                          0 R             
(constraint.sdc_line_15_3_1)   ext delay                          +33000   33000 R             
tx_wr_en                       in port                1  9.6  147    +95   33095 R             
tx_inst/wr_en 
  fifo_inst/wr_en 
    write_pointer_inst/wr_en 
      g58/A                                                           +0   33096               
      g58/Y                    INVX1_LP(slow)         1 11.2  152   +199   33294 F             
      g64__8428/B                                                     +0   33294               
      g64__8428/Y              NOR2X2_LP(slow)        7 51.5 1372  +1111   34405 R             
    write_pointer_inst/can_write 
    memory_inst/can_write 
      g179/C                                                          +0   34405               
      g179/Y                   NAND3X2_LP(slow)       4 32.9  714   +920   35326 F             
      g171/B                                                          +0   35326               
      g171/Y                   NOR2X2_LP(slow)        1  9.5  404   +568   35894 R             
      pow_opt_RC_CG_HIER_INST3/enable 
        g11__7482/B                                                   +0   35894               
        g11__7482/Y            OR2X1_LP(slow)         1  9.4  272   +421   36315 R             
        enl_reg/D              TLATX1_LP(slow)                        +0   36315               
- - - - - - - - - - - - - - - - - - - - - - - - - - - - - - - - - - - - - - - - - - - - - - - -
(clock sys_clk)                open                                        41665 F             
                               uncertainty                         -2000   39665 F             
        enl_reg/G              borrowed                               +0   39665               
-----------------------------------------------------------------------------------------------
Cost Group   : 'cg_enable_group_sys_clk' (path_group 'cg_enable_group_sys_clk')
Timing slack :    3350ps 
Start-point  : tx_wr_en
End-point    : tx_inst/fifo_inst/memory_inst/pow_opt_RC_CG_HIER_INST3/enl_reg/D

path  16:

            Pin                     Type         Fanout Load Slew  Delay Arrival   Location    
                                   (Domain)             (fF) (ps)  (ps)    (ps)       (x,   y) 
-----------------------------------------------------------------------------------------------
(clock sys_clk)                launch                                          0 R             
(constraint.sdc_line_15_3_1)   ext delay                          +33000   33000 R             
tx_wr_en                       in port                1  9.6  147    +95   33095 R             
tx_inst/wr_en 
  fifo_inst/wr_en 
    write_pointer_inst/wr_en 
      g58/A                                                           +0   33096               
      g58/Y                    INVX1_LP(slow)         1 11.2  152   +199   33294 F             
      g64__8428/B                                                     +0   33294               
      g64__8428/Y              NOR2X2_LP(slow)        7 51.5 1372  +1111   34405 R             
    write_pointer_inst/can_write 
    memory_inst/can_write 
      g179/C                                                          +0   34405               
      g179/Y                   NAND3X2_LP(slow)       4 32.9  714   +920   35326 F             
      g170/B                                                          +0   35326               
      g170/Y                   NOR2X2_LP(slow)        1  9.5  404   +568   35894 R             
      pow_opt_RC_CG_HIER_INST2/enable 
        g11__1881/B                                                   +0   35894               
        g11__1881/Y            OR2X1_LP(slow)         1  9.4  272   +421   36315 R             
        enl_reg/D              TLATX1_LP(slow)                        +0   36315               
- - - - - - - - - - - - - - - - - - - - - - - - - - - - - - - - - - - - - - - - - - - - - - - -
(clock sys_clk)                open                                        41665 F             
                               uncertainty                         -2000   39665 F             
        enl_reg/G              borrowed                               +0   39665               
-----------------------------------------------------------------------------------------------
Cost Group   : 'cg_enable_group_sys_clk' (path_group 'cg_enable_group_sys_clk')
Timing slack :    3350ps 
Start-point  : tx_wr_en
End-point    : tx_inst/fifo_inst/memory_inst/pow_opt_RC_CG_HIER_INST2/enl_reg/D

path  17:

            Pin                    Type         Fanout Load Slew  Delay Arrival   Location    
                                  (Domain)             (fF) (ps)  (ps)    (ps)       (x,   y) 
----------------------------------------------------------------------------------------------
(clock sys_clk)                launch                                         0 R             
(constraint.sdc_line_15_3_1)   ext delay                         +33000   33000 R             
tx_wr_en                       in port               1  9.6  147    +95   33095 R             
tx_inst/wr_en 
  fifo_inst/wr_en 
    write_pointer_inst/wr_en 
      g58/A                                                          +0   33096               
      g58/Y                    INVX1_LP(slow)        1 11.2  152   +199   33294 F             
      g64__8428/B                                                    +0   33294               
      g64__8428/Y              NOR2X2_LP(slow)       7 51.5 1372  +1111   34405 R             
      pow_opt_RC_CG_HIER_INST19/enable 
        g11__6260/B                                                  +0   34405               
        g11__6260/Y            OR2X1_LP(slow)        1  9.4  276   +592   34997 R             
        enl_reg/D              TLATX1_LP(slow)                       +0   34997               
- - - - - - - - - - - - - - - - - - - - - - - - - - - - - - - - - - - - - - - - - - - - - - - 
(clock sys_clk)                open                                       41665 F             
                               uncertainty                        -2000   39665 F             
        enl_reg/G              borrowed                              +0   39665               
----------------------------------------------------------------------------------------------
Cost Group   : 'cg_enable_group_sys_clk' (path_group 'cg_enable_group_sys_clk')
Timing slack :    4668ps 
Start-point  : tx_wr_en
End-point    : tx_inst/fifo_inst/write_pointer_inst/pow_opt_RC_CG_HIER_INST19/enl_reg/D

path  18:

            Pin                    Type         Fanout Load Slew  Delay Arrival   Location    
                                  (Domain)             (fF) (ps)  (ps)    (ps)       (x,   y) 
----------------------------------------------------------------------------------------------
(clock sys_clk)                launch                                         0 R             
(constraint.sdc_line_15_2_1)   ext delay                         +33000   33000 R             
rx_read_en                     in port               1  9.6  147    +95   33095 R             
rx_inst/read_en 
  fifo_inst/rd_en 
    read_pointer_inst/rd_en 
      g58/A                                                          +0   33096               
      g58/Y                    INVX1_LP(slow)        1 11.2  152   +199   33294 F             
      g64__3680/B                                                    +0   33294               
      g64__3680/Y              NOR2X2_LP(slow)       4 29.6  817   +696   33991 R             
    read_pointer_inst/can_read 
    pow_opt_RC_CG_DECLONE_HIER_INST/enable 
      g11__2883/B                                                    +0   33991               
      g11__2883/Y              OR2X1_LP(slow)        1  9.4  274   +514   34505 R             
      enl_reg/D                TLATX1_LP(slow)                       +0   34505               
- - - - - - - - - - - - - - - - - - - - - - - - - - - - - - - - - - - - - - - - - - - - - - - 
(clock sys_clk)                open                                       41665 F             
                               uncertainty                        -2000   39665 F             
      enl_reg/G                borrowed                              +0   39665               
----------------------------------------------------------------------------------------------
Cost Group   : 'cg_enable_group_sys_clk' (path_group 'cg_enable_group_sys_clk')
Timing slack :    5160ps 
Start-point  : rx_read_en
End-point    : rx_inst/fifo_inst/pow_opt_RC_CG_DECLONE_HIER_INST/enl_reg/D

path  19:

       Pin                 Type         Fanout Load Slew Delay Arrival   Location    
                          (Domain)             (fF) (ps)  (ps)   (ps)       (x,   y) 
-------------------------------------------------------------------------------------
(clock sys_clk)       launch                                         0 R             
rx_inst
  fifo_inst
    state_inst
      f_full_reg/CK                                    0    +0       0 R             
      f_full_reg/Q    DFFRX1_LP(slow)        4 37.8  482  +970     970 F             
    state_inst/f_full 
    write_pointer_inst/f_full 
      g64__7482/B                                           +0     970               
      g64__7482/Y     NOR2X2_LP(slow)        6 44.0 1183 +1134    2104 R             
    write_pointer_inst/can_write 
    memory_inst/can_write 
      g191/B                                                +0    2104               
      g191/Y          NAND2X2_LP(slow)       3 22.3  445  +594    2699 F             
      g184/B                                                +0    2699               
      g184/Y          NOR2X2_LP(slow)        2 18.6  554  +633    3332 R             
      g176/B                                                +0    3332               
      g176/Y          NAND2X2_LP(slow)       2 18.4  304  +391    3722 F             
      g173/B                                                +0    3722               
      g173/Y          NOR2X2_LP(slow)        1  9.5  339  +390    4112 R             
      pow_opt_RC_CG_HIER_INST14/enable 
        g11__9315/B                                         +0    4112               
        g11__9315/Y   OR2X1_LP(slow)         1  9.4  272  +406    4518 R             
        enl_reg/D     TLATX1_LP(slow)                       +0    4518               
- - - - - - - - - - - - - - - - - - - - - - - - - - - - - - - - - - - - - - - - - - -
(clock sys_clk)       open                                       41665 F             
                      uncertainty                        -2000   39665 F             
        enl_reg/G     borrowed                              +0   39665               
-------------------------------------------------------------------------------------
Cost Group   : 'cg_enable_group_sys_clk' (path_group 'cg_enable_group_sys_clk')
Timing slack :   35147ps 
Start-point  : rx_inst/fifo_inst/state_inst/f_full_reg/CK
End-point    : rx_inst/fifo_inst/memory_inst/pow_opt_RC_CG_HIER_INST14/enl_reg/D

path  20:

       Pin                 Type         Fanout Load Slew Delay Arrival   Location    
                          (Domain)             (fF) (ps)  (ps)   (ps)       (x,   y) 
-------------------------------------------------------------------------------------
(clock sys_clk)       launch                                         0 R             
rx_inst
  fifo_inst
    state_inst
      f_full_reg/CK                                    0    +0       0 R             
      f_full_reg/Q    DFFRX1_LP(slow)        4 37.8  482  +970     970 F             
    state_inst/f_full 
    write_pointer_inst/f_full 
      g64__7482/B                                           +0     970               
      g64__7482/Y     NOR2X2_LP(slow)        6 44.0 1183 +1134    2104 R             
    write_pointer_inst/can_write 
    memory_inst/can_write 
      g191/B                                                +0    2104               
      g191/Y          NAND2X2_LP(slow)       3 22.3  445  +594    2699 F             
      g184/B                                                +0    2699               
      g184/Y          NOR2X2_LP(slow)        2 18.6  554  +633    3332 R             
      g176/B                                                +0    3332               
      g176/Y          NAND2X2_LP(slow)       2 18.4  304  +391    3722 F             
      g2866__4319/B                                         +0    3722               
      g2866__4319/Y   NOR2X2_LP(slow)        1  9.5  325  +390    4112 R             
      pow_opt_RC_CG_HIER_INST16/enable 
        g11__1666/B                                         +0    4112               
        g11__1666/Y   OR2X1_LP(slow)         1  9.4  272  +401    4513 R             
        enl_reg/D     TLATX1_LP(slow)                       +0    4513               
- - - - - - - - - - - - - - - - - - - - - - - - - - - - - - - - - - - - - - - - - - -
(clock sys_clk)       open                                       41665 F             
                      uncertainty                        -2000   39665 F             
        enl_reg/G     borrowed                              +0   39665               
-------------------------------------------------------------------------------------
Cost Group   : 'cg_enable_group_sys_clk' (path_group 'cg_enable_group_sys_clk')
Timing slack :   35152ps 
Start-point  : rx_inst/fifo_inst/state_inst/f_full_reg/CK
End-point    : rx_inst/fifo_inst/memory_inst/pow_opt_RC_CG_HIER_INST16/enl_reg/D

path  21:

       Pin                 Type         Fanout Load Slew Delay Arrival   Location    
                          (Domain)             (fF) (ps)  (ps)   (ps)       (x,   y) 
-------------------------------------------------------------------------------------
(clock sys_clk)       launch                                         0 R             
rx_inst
  fifo_inst
    state_inst
      f_full_reg/CK                                    0    +0       0 R             
      f_full_reg/Q    DFFRX1_LP(slow)        4 37.8  482  +970     970 F             
    state_inst/f_full 
    write_pointer_inst/f_full 
      g64__7482/B                                           +0     970               
      g64__7482/Y     NOR2X2_LP(slow)        6 44.0 1183 +1134    2104 R             
    write_pointer_inst/can_write 
    memory_inst/can_write 
      g191/B                                                +0    2104               
      g191/Y          NAND2X2_LP(slow)       3 22.3  445  +594    2699 F             
      g184/B                                                +0    2699               
      g184/Y          NOR2X2_LP(slow)        2 18.6  554  +633    3332 R             
      g177/B                                                +0    3332               
      g177/Y          NAND2X2_LP(slow)       2 18.4  284  +391    3722 F             
      g172/B                                                +0    3722               
      g172/Y          NOR2X2_LP(slow)        1  9.5  339  +380    4102 R             
      pow_opt_RC_CG_HIER_INST10/enable 
        g11__8246/B                                         +0    4102               
        g11__8246/Y   OR2X1_LP(slow)         1  9.4  272  +406    4508 R             
        enl_reg/D     TLATX1_LP(slow)                       +0    4508               
- - - - - - - - - - - - - - - - - - - - - - - - - - - - - - - - - - - - - - - - - - -
(clock sys_clk)       open                                       41665 F             
                      uncertainty                        -2000   39665 F             
        enl_reg/G     borrowed                              +0   39665               
-------------------------------------------------------------------------------------
Cost Group   : 'cg_enable_group_sys_clk' (path_group 'cg_enable_group_sys_clk')
Timing slack :   35157ps 
Start-point  : rx_inst/fifo_inst/state_inst/f_full_reg/CK
End-point    : rx_inst/fifo_inst/memory_inst/pow_opt_RC_CG_HIER_INST10/enl_reg/D

path  22:

       Pin                 Type         Fanout Load Slew Delay Arrival   Location    
                          (Domain)             (fF) (ps)  (ps)   (ps)       (x,   y) 
-------------------------------------------------------------------------------------
(clock sys_clk)       launch                                         0 R             
rx_inst
  fifo_inst
    state_inst
      f_full_reg/CK                                    0    +0       0 R             
      f_full_reg/Q    DFFRX1_LP(slow)        4 37.8  482  +970     970 F             
    state_inst/f_full 
    write_pointer_inst/f_full 
      g64__7482/B                                           +0     970               
      g64__7482/Y     NOR2X2_LP(slow)        6 44.0 1183 +1134    2104 R             
    write_pointer_inst/can_write 
    memory_inst/can_write 
      g191/B                                                +0    2104               
      g191/Y          NAND2X2_LP(slow)       3 22.3  445  +594    2699 F             
      g184/B                                                +0    2699               
      g184/Y          NOR2X2_LP(slow)        2 18.6  554  +633    3332 R             
      g177/B                                                +0    3332               
      g177/Y          NAND2X2_LP(slow)       2 18.4  284  +391    3722 F             
      g1020__7410/B                                         +0    3722               
      g1020__7410/Y   NOR2X2_LP(slow)        1  9.5  325  +380    4102 R             
      pow_opt_RC_CG_HIER_INST12/enable 
        g11__5115/B                                         +0    4102               
        g11__5115/Y   OR2X1_LP(slow)         1  9.4  272  +401    4503 R             
        enl_reg/D     TLATX1_LP(slow)                       +0    4503               
- - - - - - - - - - - - - - - - - - - - - - - - - - - - - - - - - - - - - - - - - - -
(clock sys_clk)       open                                       41665 F             
                      uncertainty                        -2000   39665 F             
        enl_reg/G     borrowed                              +0   39665               
-------------------------------------------------------------------------------------
Cost Group   : 'cg_enable_group_sys_clk' (path_group 'cg_enable_group_sys_clk')
Timing slack :   35162ps 
Start-point  : rx_inst/fifo_inst/state_inst/f_full_reg/CK
End-point    : rx_inst/fifo_inst/memory_inst/pow_opt_RC_CG_HIER_INST12/enl_reg/D

path  23:

       Pin                 Type         Fanout Load Slew Delay Arrival   Location    
                          (Domain)             (fF) (ps)  (ps)   (ps)       (x,   y) 
-------------------------------------------------------------------------------------
(clock sys_clk)       launch                                         0 R             
rx_inst
  fifo_inst
    state_inst
      f_full_reg/CK                                    0    +0       0 R             
      f_full_reg/Q    DFFRX1_LP(slow)        4 37.8  482  +970     970 F             
    state_inst/f_full 
    write_pointer_inst/f_full 
      g64__7482/B                                           +0     970               
      g64__7482/Y     NOR2X2_LP(slow)        6 44.0 1183 +1134    2104 R             
    write_pointer_inst/can_write 
    memory_inst/can_write 
      g190/B                                                +0    2104               
      g190/Y          NAND2X2_LP(slow)       2 18.4  410  +545    2650 F             
      g189/B                                                +0    2650               
      g189/Y          NOR2X2_LP(slow)        2 16.9  513  +583    3232 R             
      g188/A                                                +0    3232               
      g188/Y          INVX1_LP(slow)         2 18.4  304  +445    3677 F             
      g180/B                                                +0    3677               
      g180/Y          NOR2X2_LP(slow)        1  9.5  321  +389    4066 R             
      pow_opt_RC_CG_HIER_INST7/enable 
        g11__6783/B                                         +0    4066               
        g11__6783/Y   OR2X1_LP(slow)         1  9.4  272  +400    4466 R             
        enl_reg/D     TLATX1_LP(slow)                       +0    4466               
- - - - - - - - - - - - - - - - - - - - - - - - - - - - - - - - - - - - - - - - - - -
(clock sys_clk)       open                                       41665 F             
                      uncertainty                        -2000   39665 F             
        enl_reg/G     borrowed                              +0   39665               
-------------------------------------------------------------------------------------
Cost Group   : 'cg_enable_group_sys_clk' (path_group 'cg_enable_group_sys_clk')
Timing slack :   35199ps 
Start-point  : rx_inst/fifo_inst/state_inst/f_full_reg/CK
End-point    : rx_inst/fifo_inst/memory_inst/pow_opt_RC_CG_HIER_INST7/enl_reg/D

path  24:

       Pin                 Type         Fanout Load Slew Delay Arrival   Location    
                          (Domain)             (fF) (ps)  (ps)   (ps)       (x,   y) 
-------------------------------------------------------------------------------------
(clock sys_clk)       launch                                         0 R             
rx_inst
  fifo_inst
    state_inst
      f_full_reg/CK                                    0    +0       0 R             
      f_full_reg/Q    DFFRX1_LP(slow)        4 37.8  482  +970     970 F             
    state_inst/f_full 
    write_pointer_inst/f_full 
      g64__7482/B                                           +0     970               
      g64__7482/Y     NOR2X2_LP(slow)        6 44.0 1183 +1134    2104 R             
    write_pointer_inst/can_write 
    memory_inst/can_write 
      g190/B                                                +0    2104               
      g190/Y          NAND2X2_LP(slow)       2 18.4  410  +545    2650 F             
      g189/B                                                +0    2650               
      g189/Y          NOR2X2_LP(slow)        2 16.9  513  +583    3232 R             
      g188/A                                                +0    3232               
      g188/Y          INVX1_LP(slow)         2 18.4  304  +445    3677 F             
      g179/B                                                +0    3677               
      g179/Y          NOR2X2_LP(slow)        1  9.5  316  +389    4066 R             
      pow_opt_RC_CG_HIER_INST3/enable 
        g11__6417/B                                         +0    4066               
        g11__6417/Y   OR2X1_LP(slow)         1  9.4  272  +398    4464 R             
        enl_reg/D     TLATX1_LP(slow)                       +0    4464               
- - - - - - - - - - - - - - - - - - - - - - - - - - - - - - - - - - - - - - - - - - -
(clock sys_clk)       open                                       41665 F             
                      uncertainty                        -2000   39665 F             
        enl_reg/G     borrowed                              +0   39665               
-------------------------------------------------------------------------------------
Cost Group   : 'cg_enable_group_sys_clk' (path_group 'cg_enable_group_sys_clk')
Timing slack :   35201ps 
Start-point  : rx_inst/fifo_inst/state_inst/f_full_reg/CK
End-point    : rx_inst/fifo_inst/memory_inst/pow_opt_RC_CG_HIER_INST3/enl_reg/D

path  25:

       Pin                 Type         Fanout Load Slew Delay Arrival   Location    
                          (Domain)             (fF) (ps)  (ps)   (ps)       (x,   y) 
-------------------------------------------------------------------------------------
(clock sys_clk)       launch                                         0 R             
rx_inst
  fifo_inst
    state_inst
      f_full_reg/CK                                    0    +0       0 R             
      f_full_reg/Q    DFFRX1_LP(slow)        4 37.8  482  +970     970 F             
    state_inst/f_full 
    write_pointer_inst/f_full 
      g64__7482/B                                           +0     970               
      g64__7482/Y     NOR2X2_LP(slow)        6 44.0 1183 +1134    2104 R             
    write_pointer_inst/can_write 
    memory_inst/can_write 
      g190/B                                                +0    2104               
      g190/Y          NAND2X2_LP(slow)       2 18.4  410  +545    2650 F             
      g187/B                                                +0    2650               
      g187/Y          NOR2X2_LP(slow)        2 16.9  507  +583    3232 R             
      g1034/A                                               +0    3232               
      g1034/Y         INVX1_LP(slow)         2 18.4  302  +442    3674 F             
      g1042__6131/B                                         +0    3674               
      g1042__6131/Y   NOR2X2_LP(slow)        1  9.5  321  +389    4063 R             
      pow_opt_RC_CG_HIER_INST9/enable 
        g11__1705/B                                         +0    4063               
        g11__1705/Y   OR2X1_LP(slow)         1  9.4  272  +400    4463 R             
        enl_reg/D     TLATX1_LP(slow)                       +0    4463               
- - - - - - - - - - - - - - - - - - - - - - - - - - - - - - - - - - - - - - - - - - -
(clock sys_clk)       open                                       41665 F             
                      uncertainty                        -2000   39665 F             
        enl_reg/G     borrowed                              +0   39665               
-------------------------------------------------------------------------------------
Cost Group   : 'cg_enable_group_sys_clk' (path_group 'cg_enable_group_sys_clk')
Timing slack :   35202ps 
Start-point  : rx_inst/fifo_inst/state_inst/f_full_reg/CK
End-point    : rx_inst/fifo_inst/memory_inst/pow_opt_RC_CG_HIER_INST9/enl_reg/D

path  26:

       Pin                 Type         Fanout Load Slew Delay Arrival   Location    
                          (Domain)             (fF) (ps)  (ps)   (ps)       (x,   y) 
-------------------------------------------------------------------------------------
(clock sys_clk)       launch                                         0 R             
rx_inst
  fifo_inst
    state_inst
      f_full_reg/CK                                    0    +0       0 R             
      f_full_reg/Q    DFFRX1_LP(slow)        4 37.8  482  +970     970 F             
    state_inst/f_full 
    write_pointer_inst/f_full 
      g64__7482/B                                           +0     970               
      g64__7482/Y     NOR2X2_LP(slow)        6 44.0 1183 +1134    2104 R             
    write_pointer_inst/can_write 
    memory_inst/can_write 
      g190/B                                                +0    2104               
      g190/Y          NAND2X2_LP(slow)       2 18.4  410  +545    2650 F             
      g187/B                                                +0    2650               
      g187/Y          NOR2X2_LP(slow)        2 16.9  507  +583    3232 R             
      g1034/A                                               +0    3232               
      g1034/Y         INVX1_LP(slow)         2 18.4  302  +442    3674 F             
      g1037__2802/B                                         +0    3674               
      g1037__2802/Y   NOR2X2_LP(slow)        1  9.5  316  +389    4063 R             
      pow_opt_RC_CG_HIER_INST5/enable 
        g11__6260/B                                         +0    4063               
        g11__6260/Y   OR2X1_LP(slow)         1  9.4  272  +398    4461 R             
        enl_reg/D     TLATX1_LP(slow)                       +0    4461               
- - - - - - - - - - - - - - - - - - - - - - - - - - - - - - - - - - - - - - - - - - -
(clock sys_clk)       open                                       41665 F             
                      uncertainty                        -2000   39665 F             
        enl_reg/G     borrowed                              +0   39665               
-------------------------------------------------------------------------------------
Cost Group   : 'cg_enable_group_sys_clk' (path_group 'cg_enable_group_sys_clk')
Timing slack :   35204ps 
Start-point  : rx_inst/fifo_inst/state_inst/f_full_reg/CK
End-point    : rx_inst/fifo_inst/memory_inst/pow_opt_RC_CG_HIER_INST5/enl_reg/D

path  27:

       Pin                 Type         Fanout Load Slew Delay Arrival   Location    
                          (Domain)             (fF) (ps)  (ps)   (ps)       (x,   y) 
-------------------------------------------------------------------------------------
(clock sys_clk)       launch                                         0 R             
rx_inst
  fifo_inst
    state_inst
      f_full_reg/CK                                    0    +0       0 R             
      f_full_reg/Q    DFFRX1_LP(slow)        4 37.8  482  +970     970 F             
    state_inst/f_full 
    write_pointer_inst/f_full 
      g64__7482/B                                           +0     970               
      g64__7482/Y     NOR2X2_LP(slow)        6 44.0 1183 +1134    2104 R             
    write_pointer_inst/can_write 
    memory_inst/can_write 
      g190/B                                                +0    2104               
      g190/Y          NAND2X2_LP(slow)       2 18.4  410  +545    2650 F             
      g189/B                                                +0    2650               
      g189/Y          NOR2X2_LP(slow)        2 16.9  513  +583    3232 R             
      g178/B                                                +0    3232               
      g178/Y          NAND2X2_LP(slow)       2 18.4  339  +378    3610 F             
      g174/B                                                +0    3610               
      g174/Y          NOR2X2_LP(slow)        1  9.5  328  +407    4017 R             
      pow_opt_RC_CG_HIER_INST2/enable 
        g11__1666/B                                         +0    4017               
        g11__1666/Y   OR2X1_LP(slow)         1  9.4  272  +402    4419 R             
        enl_reg/D     TLATX1_LP(slow)                       +0    4419               
- - - - - - - - - - - - - - - - - - - - - - - - - - - - - - - - - - - - - - - - - - -
(clock sys_clk)       open                                       41665 F             
                      uncertainty                        -2000   39665 F             
        enl_reg/G     borrowed                              +0   39665               
-------------------------------------------------------------------------------------
Cost Group   : 'cg_enable_group_sys_clk' (path_group 'cg_enable_group_sys_clk')
Timing slack :   35246ps 
Start-point  : rx_inst/fifo_inst/state_inst/f_full_reg/CK
End-point    : rx_inst/fifo_inst/memory_inst/pow_opt_RC_CG_HIER_INST2/enl_reg/D

path  28:

       Pin                 Type         Fanout Load Slew Delay Arrival   Location    
                          (Domain)             (fF) (ps)  (ps)   (ps)       (x,   y) 
-------------------------------------------------------------------------------------
(clock sys_clk)       launch                                         0 R             
rx_inst
  fifo_inst
    state_inst
      f_full_reg/CK                                    0    +0       0 R             
      f_full_reg/Q    DFFRX1_LP(slow)        4 37.8  482  +970     970 F             
    state_inst/f_full 
    write_pointer_inst/f_full 
      g64__7482/B                                           +0     970               
      g64__7482/Y     NOR2X2_LP(slow)        6 44.0 1183 +1134    2104 R             
    write_pointer_inst/can_write 
    memory_inst/can_write 
      g190/B                                                +0    2104               
      g190/Y          NAND2X2_LP(slow)       2 18.4  410  +545    2650 F             
      g189/B                                                +0    2650               
      g189/Y          NOR2X2_LP(slow)        2 16.9  513  +583    3232 R             
      g178/B                                                +0    3232               
      g178/Y          NAND2X2_LP(slow)       2 18.4  339  +378    3610 F             
      g1038__1705/B                                         +0    3610               
      g1038__1705/Y   NOR2X2_LP(slow)        1  9.5  328  +407    4017 R             
      pow_opt_RC_CG_HIER_INST6/enable 
        g11__8428/B                                         +0    4017               
        g11__8428/Y   OR2X1_LP(slow)         1  9.4  272  +402    4419 R             
        enl_reg/D     TLATX1_LP(slow)                       +0    4419               
- - - - - - - - - - - - - - - - - - - - - - - - - - - - - - - - - - - - - - - - - - -
(clock sys_clk)       open                                       41665 F             
                      uncertainty                        -2000   39665 F             
        enl_reg/G     borrowed                              +0   39665               
-------------------------------------------------------------------------------------
Cost Group   : 'cg_enable_group_sys_clk' (path_group 'cg_enable_group_sys_clk')
Timing slack :   35246ps 
Start-point  : rx_inst/fifo_inst/state_inst/f_full_reg/CK
End-point    : rx_inst/fifo_inst/memory_inst/pow_opt_RC_CG_HIER_INST6/enl_reg/D

path  29:

       Pin                 Type         Fanout Load Slew Delay Arrival   Location    
                          (Domain)             (fF) (ps)  (ps)   (ps)       (x,   y) 
-------------------------------------------------------------------------------------
(clock sys_clk)       launch                                         0 R             
rx_inst
  fifo_inst
    state_inst
      f_full_reg/CK                                    0    +0       0 R             
      f_full_reg/Q    DFFRX1_LP(slow)        4 37.8  482  +970     970 F             
    state_inst/f_full 
    write_pointer_inst/f_full 
      g64__7482/B                                           +0     970               
      g64__7482/Y     NOR2X2_LP(slow)        6 44.0 1183 +1134    2104 R             
    write_pointer_inst/can_write 
    memory_inst/can_write 
      g190/B                                                +0    2104               
      g190/Y          NAND2X2_LP(slow)       2 18.4  410  +545    2650 F             
      g187/B                                                +0    2650               
      g187/Y          NOR2X2_LP(slow)        2 16.9  507  +583    3232 R             
      g183/B                                                +0    3232               
      g183/Y          NAND2X2_LP(slow)       2 18.4  339  +376    3608 F             
      g175/B                                                +0    3608               
      g175/Y          NOR2X2_LP(slow)        1  9.5  328  +407    4015 R             
      pow_opt_RC_CG_HIER_INST4/enable 
        g11__2398/B                                         +0    4015               
        g11__2398/Y   OR2X1_LP(slow)         1  9.4  272  +402    4417 R             
        enl_reg/D     TLATX1_LP(slow)                       +0    4417               
- - - - - - - - - - - - - - - - - - - - - - - - - - - - - - - - - - - - - - - - - - -
(clock sys_clk)       open                                       41665 F             
                      uncertainty                        -2000   39665 F             
        enl_reg/G     borrowed                              +0   39665               
-------------------------------------------------------------------------------------
Cost Group   : 'cg_enable_group_sys_clk' (path_group 'cg_enable_group_sys_clk')
Timing slack :   35248ps 
Start-point  : rx_inst/fifo_inst/state_inst/f_full_reg/CK
End-point    : rx_inst/fifo_inst/memory_inst/pow_opt_RC_CG_HIER_INST4/enl_reg/D

path  30:

       Pin                 Type         Fanout Load Slew Delay Arrival   Location    
                          (Domain)             (fF) (ps)  (ps)   (ps)       (x,   y) 
-------------------------------------------------------------------------------------
(clock sys_clk)       launch                                         0 R             
rx_inst
  fifo_inst
    state_inst
      f_full_reg/CK                                    0    +0       0 R             
      f_full_reg/Q    DFFRX1_LP(slow)        4 37.8  482  +970     970 F             
    state_inst/f_full 
    write_pointer_inst/f_full 
      g64__7482/B                                           +0     970               
      g64__7482/Y     NOR2X2_LP(slow)        6 44.0 1183 +1134    2104 R             
    write_pointer_inst/can_write 
    memory_inst/can_write 
      g190/B                                                +0    2104               
      g190/Y          NAND2X2_LP(slow)       2 18.4  410  +545    2650 F             
      g187/B                                                +0    2650               
      g187/Y          NOR2X2_LP(slow)        2 16.9  507  +583    3232 R             
      g183/B                                                +0    3232               
      g183/Y          NAND2X2_LP(slow)       2 18.4  339  +376    3608 F             
      g1041__7098/B                                         +0    3608               
      g1041__7098/Y   NOR2X2_LP(slow)        1  9.5  328  +407    4015 R             
      pow_opt_RC_CG_HIER_INST8/enable 
        g11__1617/B                                         +0    4015               
        g11__1617/Y   OR2X1_LP(slow)         1  9.4  272  +402    4417 R             
        enl_reg/D     TLATX1_LP(slow)                       +0    4417               
- - - - - - - - - - - - - - - - - - - - - - - - - - - - - - - - - - - - - - - - - - -
(clock sys_clk)       open                                       41665 F             
                      uncertainty                        -2000   39665 F             
        enl_reg/G     borrowed                              +0   39665               
-------------------------------------------------------------------------------------
Cost Group   : 'cg_enable_group_sys_clk' (path_group 'cg_enable_group_sys_clk')
Timing slack :   35248ps 
Start-point  : rx_inst/fifo_inst/state_inst/f_full_reg/CK
End-point    : rx_inst/fifo_inst/memory_inst/pow_opt_RC_CG_HIER_INST8/enl_reg/D

path  31:

         Pin                  Type          Fanout Load Slew Delay Arrival   Location    
                             (Domain)              (fF) (ps)  (ps)   (ps)       (x,   y) 
-----------------------------------------------------------------------------------------
(clock sys_clk)          launch                                          0 R             
rx_inst
  fifo_inst
    write_pointer_inst
      wr_ptr_reg[2]/CK                                     0    +0       0 R             
      wr_ptr_reg[2]/Q    DFFRX1_LP(slow)         1 11.3  179  +722     722 F             
      g104/A                                                    +0     722               
      g104/Y             CLKBUFX2_LP(slow)      11 80.7  441  +557    1279 F             
    write_pointer_inst/wr_ptr[2] 
    memory_inst/wr_ptr[2] 
      g194/A                                                    +0    1279               
      g194/Y             INVX1_LP(slow)          4 32.8  876  +890    2169 R             
      g193/B                                                    +0    2169               
      g193/Y             NAND2X2_LP(slow)        3 23.9  401  +548    2717 F             
      g185/A                                                    +0    2717               
      g185/Y             OR2X1_LP(slow)          2 18.4  266  +674    3391 F             
      g182/B                                                    +0    3391               
      g182/Y             NOR2X2_LP(slow)         1  9.5  339  +371    3762 R             
      pow_opt_RC_CG_HIER_INST15/enable 
        g11__2883/B                                             +0    3762               
        g11__2883/Y      OR2X1_LP(slow)          1  9.4  272  +406    4168 R             
        enl_reg/D        TLATX1_LP(slow)                        +0    4168               
- - - - - - - - - - - - - - - - - - - - - - - - - - - - - - - - - - - - - - - - - - - - -
(clock sys_clk)          open                                        41665 F             
                         uncertainty                         -2000   39665 F             
        enl_reg/G        borrowed                               +0   39665               
-----------------------------------------------------------------------------------------
Cost Group   : 'cg_enable_group_sys_clk' (path_group 'cg_enable_group_sys_clk')
Timing slack :   35497ps 
Start-point  : rx_inst/fifo_inst/write_pointer_inst/wr_ptr_reg[2]/CK
End-point    : rx_inst/fifo_inst/memory_inst/pow_opt_RC_CG_HIER_INST15/enl_reg/D

path  32:

         Pin                  Type          Fanout Load Slew Delay Arrival   Location    
                             (Domain)              (fF) (ps)  (ps)   (ps)       (x,   y) 
-----------------------------------------------------------------------------------------
(clock sys_clk)          launch                                          0 R             
rx_inst
  fifo_inst
    write_pointer_inst
      wr_ptr_reg[2]/CK                                     0    +0       0 R             
      wr_ptr_reg[2]/Q    DFFRX1_LP(slow)         1 11.3  179  +722     722 F             
      g104/A                                                    +0     722               
      g104/Y             CLKBUFX2_LP(slow)      11 80.7  441  +557    1279 F             
    write_pointer_inst/wr_ptr[2] 
    memory_inst/wr_ptr[2] 
      g194/A                                                    +0    1279               
      g194/Y             INVX1_LP(slow)          4 32.8  876  +890    2169 R             
      g193/B                                                    +0    2169               
      g193/Y             NAND2X2_LP(slow)        3 23.9  401  +548    2717 F             
      g185/A                                                    +0    2717               
      g185/Y             OR2X1_LP(slow)          2 18.4  266  +674    3391 F             
      g2867__8428/B                                             +0    3391               
      g2867__8428/Y      NOR2X2_LP(slow)         1  9.5  325  +371    3762 R             
      pow_opt_RC_CG_HIER_INST17/enable 
        g11__6417/B                                             +0    3762               
        g11__6417/Y      OR2X1_LP(slow)          1  9.4  272  +401    4163 R             
        enl_reg/D        TLATX1_LP(slow)                        +0    4163               
- - - - - - - - - - - - - - - - - - - - - - - - - - - - - - - - - - - - - - - - - - - - -
(clock sys_clk)          open                                        41665 F             
                         uncertainty                         -2000   39665 F             
        enl_reg/G        borrowed                               +0   39665               
-----------------------------------------------------------------------------------------
Cost Group   : 'cg_enable_group_sys_clk' (path_group 'cg_enable_group_sys_clk')
Timing slack :   35502ps 
Start-point  : rx_inst/fifo_inst/write_pointer_inst/wr_ptr_reg[2]/CK
End-point    : rx_inst/fifo_inst/memory_inst/pow_opt_RC_CG_HIER_INST17/enl_reg/D

path  33:

       Pin                 Type         Fanout Load Slew Delay Arrival   Location    
                          (Domain)             (fF) (ps)  (ps)   (ps)       (x,   y) 
-------------------------------------------------------------------------------------
(clock sys_clk)       launch                                         0 R             
rx_inst
  fifo_inst
    state_inst
      f_full_reg/CK                                    0    +0       0 R             
      f_full_reg/Q    DFFRX1_LP(slow)        4 37.8  482  +970     970 F             
    state_inst/f_full 
    write_pointer_inst/f_full 
      g64__7482/B                                           +0     970               
      g64__7482/Y     NOR2X2_LP(slow)        6 44.0 1183 +1134    2104 R             
    write_pointer_inst/can_write 
    memory_inst/can_write 
      g191/B                                                +0    2104               
      g191/Y          NAND2X2_LP(slow)       3 22.3  445  +594    2699 F             
      g186/B                                                +0    2699               
      g186/Y          OR2X1_LP(slow)         2 18.4  266  +682    3380 F             
      g181/B                                                +0    3380               
      g181/Y          NOR2X2_LP(slow)        1  9.5  339  +371    3751 R             
      pow_opt_RC_CG_HIER_INST11/enable 
        g11__6131/B                                         +0    3751               
        g11__6131/Y   OR2X1_LP(slow)         1  9.4  272  +406    4157 R             
        enl_reg/D     TLATX1_LP(slow)                       +0    4157               
- - - - - - - - - - - - - - - - - - - - - - - - - - - - - - - - - - - - - - - - - - -
(clock sys_clk)       open                                       41665 F             
                      uncertainty                        -2000   39665 F             
        enl_reg/G     borrowed                              +0   39665               
-------------------------------------------------------------------------------------
Cost Group   : 'cg_enable_group_sys_clk' (path_group 'cg_enable_group_sys_clk')
Timing slack :   35508ps 
Start-point  : rx_inst/fifo_inst/state_inst/f_full_reg/CK
End-point    : rx_inst/fifo_inst/memory_inst/pow_opt_RC_CG_HIER_INST11/enl_reg/D

path  34:

       Pin                 Type         Fanout Load Slew Delay Arrival   Location    
                          (Domain)             (fF) (ps)  (ps)   (ps)       (x,   y) 
-------------------------------------------------------------------------------------
(clock sys_clk)       launch                                         0 R             
rx_inst
  fifo_inst
    state_inst
      f_full_reg/CK                                    0    +0       0 R             
      f_full_reg/Q    DFFRX1_LP(slow)        4 37.8  482  +970     970 F             
    state_inst/f_full 
    write_pointer_inst/f_full 
      g64__7482/B                                           +0     970               
      g64__7482/Y     NOR2X2_LP(slow)        6 44.0 1183 +1134    2104 R             
    write_pointer_inst/can_write 
    memory_inst/can_write 
      g191/B                                                +0    2104               
      g191/Y          NAND2X2_LP(slow)       3 22.3  445  +594    2699 F             
      g186/B                                                +0    2699               
      g186/Y          OR2X1_LP(slow)         2 18.4  266  +682    3380 F             
      g2860__6417/B                                         +0    3380               
      g2860__6417/Y   NOR2X2_LP(slow)        1  9.5  325  +371    3751 R             
      pow_opt_RC_CG_HIER_INST13/enable 
        g11__4733/B                                         +0    3751               
        g11__4733/Y   OR2X1_LP(slow)         1  9.4  272  +401    4152 R             
        enl_reg/D     TLATX1_LP(slow)                       +0    4152               
- - - - - - - - - - - - - - - - - - - - - - - - - - - - - - - - - - - - - - - - - - -
(clock sys_clk)       open                                       41665 F             
                      uncertainty                        -2000   39665 F             
        enl_reg/G     borrowed                              +0   39665               
-------------------------------------------------------------------------------------
Cost Group   : 'cg_enable_group_sys_clk' (path_group 'cg_enable_group_sys_clk')
Timing slack :   35513ps 
Start-point  : rx_inst/fifo_inst/state_inst/f_full_reg/CK
End-point    : rx_inst/fifo_inst/memory_inst/pow_opt_RC_CG_HIER_INST13/enl_reg/D

path  35:

        Pin                 Type         Fanout Load Slew Delay Arrival   Location    
                           (Domain)             (fF) (ps)  (ps)   (ps)       (x,   y) 
--------------------------------------------------------------------------------------
(clock sys_clk)        launch                                         0 R             
tx_inst
  fifo_inst
    state_inst
      f_empty_reg/CK                                    0    +0       0 R             
      f_empty_reg/Q    SDFFSX1_LP(slow)       4 31.0  404  +923     923 F             
    state_inst/f_empty 
  fifo_inst/f_empty 
  g19__4733/B                                                +0     923               
  g19__4733/Y          NOR2X2_LP(slow)        1  9.6  336  +437    1360 R             
  fifo_inst/rd_en 
    read_pointer_inst/rd_en 
      g58/A                                                  +0    1360               
      g58/Y            INVX1_LP(slow)         1 11.2  191  +296    1657 F             
      g64__2883/B                                            +0    1657               
      g64__2883/Y      NOR2X2_LP(slow)        4 29.4  812  +712    2369 R             
    read_pointer_inst/can_read 
    pow_opt_RC_CG_DECLONE_HIER_INST/enable 
      g11__7098/B                                            +0    2369               
      g11__7098/Y      OR2X1_LP(slow)         1  9.4  274  +513    2882 R             
      enl_reg/D        TLATX1_LP(slow)                       +0    2882               
- - - - - - - - - - - - - - - - - - - - - - - - - - - - - - - - - - - - - - - - - - - 
(clock sys_clk)        open                                       41665 F             
                       uncertainty                        -2000   39665 F             
      enl_reg/G        borrowed                              +0   39665               
--------------------------------------------------------------------------------------
Cost Group   : 'cg_enable_group_sys_clk' (path_group 'cg_enable_group_sys_clk')
Timing slack :   36783ps 
Start-point  : tx_inst/fifo_inst/state_inst/f_empty_reg/CK
End-point    : tx_inst/fifo_inst/pow_opt_RC_CG_DECLONE_HIER_INST/enl_reg/D

path  36:

       Pin                Type         Fanout Load Slew Delay Arrival   Location    
                         (Domain)             (fF) (ps)  (ps)   (ps)       (x,   y) 
------------------------------------------------------------------------------------
(clock sys_clk)       launch                                        0 R             
rx_inst
  fifo_inst
    state_inst
      f_full_reg/CK                                   0    +0       0 R             
      f_full_reg/Q    DFFRX1_LP(slow)       4 37.8  482  +970     970 F             
    state_inst/f_full 
    write_pointer_inst/f_full 
      g64__7482/B                                          +0     970               
      g64__7482/Y     NOR2X2_LP(slow)       6 44.0 1183 +1134    2104 R             
      pow_opt_RC_CG_HIER_INST19/enable 
        g11__1881/B                                        +0    2104               
        g11__1881/Y   OR2X1_LP(slow)        1  9.4  276  +566    2670 R             
        enl_reg/D     TLATX1_LP(slow)                      +0    2670               
- - - - - - - - - - - - - - - - - - - - - - - - - - - - - - - - - - - - - - - - - - 
(clock sys_clk)       open                                      41665 F             
                      uncertainty                       -2000   39665 F             
        enl_reg/G     borrowed                             +0   39665               
------------------------------------------------------------------------------------
Cost Group   : 'cg_enable_group_sys_clk' (path_group 'cg_enable_group_sys_clk')
Timing slack :   36995ps 
Start-point  : rx_inst/fifo_inst/state_inst/f_full_reg/CK
End-point    : rx_inst/fifo_inst/write_pointer_inst/pow_opt_RC_CG_HIER_INST19/enl_reg/D

path  37:

        Pin                 Type         Fanout Load Slew Delay Arrival   Location    
                           (Domain)             (fF) (ps)  (ps)   (ps)       (x,   y) 
--------------------------------------------------------------------------------------
(clock sys_clk)        launch                                         0 R             
rx_inst
  uart_rx_inst
    rx_done_o_reg/CK                                    0    +0       0 R             
    rx_done_o_reg/QN   DFFX1_LP(slow)         1 11.2  313  +803     803 R             
    g1252__3680/A                                            +0     803               
    g1252__3680/Y      NAND2X2_LP(slow)       1  9.5  237  +220    1023 F             
    pow_opt_RC_CG_HIER_INST20/enable 
      g11__7410/B                                            +0    1023               
      g11__7410/Y      OR2X1_LP(slow)         1  9.4  163  +494    1517 F             
      enl_reg/D        TLATX1_LP(slow)                       +0    1517               
- - - - - - - - - - - - - - - - - - - - - - - - - - - - - - - - - - - - - - - - - - - 
(clock sys_clk)        open                                       41665 F             
                       uncertainty                        -2000   39665 F             
      enl_reg/G        borrowed                              +0   39665               
--------------------------------------------------------------------------------------
Cost Group   : 'cg_enable_group_sys_clk' (path_group 'cg_enable_group_sys_clk')
Timing slack :   38148ps 
Start-point  : rx_inst/uart_rx_inst/rx_done_o_reg/CK
End-point    : rx_inst/uart_rx_inst/pow_opt_RC_CG_HIER_INST20/enl_reg/D

path  38:

         Pin                      Type          Fanout Load Slew Delay Arrival   Location    
                                 (Domain)              (fF) (ps)  (ps)   (ps)       (x,   y) 
---------------------------------------------------------------------------------------------
(clock sys_clk)             launch                                       41665 F             
rx_inst
  uart_rx_inst
    pow_opt_RC_CG_HIER_INST20
      enl_reg/G                                                0    +0   41665 R             
      enl_reg/Q             TLATX1_LP(slow)          1  9.6  280  +778   42443 R             
      g17__6417/B      (b)  CLKAND2X2_LP(slow)                      +0   42443 R             
(clk_gating_check_137)      ext delay                               +0   42443 R             
- - - - - - - - - - - - - - - - - - - - - - - - - - - - - - - - - - - - - - - - - - - - - - -
(clock sys_clk)             capture                                      83330 R             
                            uncertainty                          -2000   81330 R             
---------------------------------------------------------------------------------------------
Cost Group   : 'sys_clk' (path_group 'sys_clk')
Timing slack :   38887ps 
Start-point  : rx_inst/uart_rx_inst/pow_opt_RC_CG_HIER_INST20/enl_reg/G
End-point    : rx_inst/uart_rx_inst/pow_opt_RC_CG_HIER_INST20/g17__6417/B

(b) : Timing paths are broken.

path  39:

         Pin                      Type          Fanout Load Slew Delay Arrival   Location    
                                 (Domain)              (fF) (ps)  (ps)   (ps)       (x,   y) 
---------------------------------------------------------------------------------------------
(clock sys_clk)             launch                                       41665 F             
rx_inst
  fifo_inst
    write_pointer_inst
      pow_opt_RC_CG_HIER_INST19
        enl_reg/G                                              0    +0   41665 R             
        enl_reg/Q           TLATX1_LP(slow)          1  9.6  280  +778   42443 R             
        g17__5115/B    (b)  CLKAND2X2_LP(slow)                      +0   42443 R             
(clk_gating_check_148)      ext delay                               +0   42443 R             
- - - - - - - - - - - - - - - - - - - - - - - - - - - - - - - - - - - - - - - - - - - - - - -
(clock sys_clk)             capture                                      83330 R             
                            uncertainty                          -2000   81330 R             
---------------------------------------------------------------------------------------------
Cost Group   : 'sys_clk' (path_group 'sys_clk')
Timing slack :   38887ps 
Start-point  : rx_inst/fifo_inst/write_pointer_inst/pow_opt_RC_CG_HIER_INST19/enl_reg/G
End-point    : rx_inst/fifo_inst/write_pointer_inst/pow_opt_RC_CG_HIER_INST19/g17__5115/B

(b) : Timing paths are broken.

path  40:

         Pin                      Type          Fanout Load Slew Delay Arrival   Location    
                                 (Domain)              (fF) (ps)  (ps)   (ps)       (x,   y) 
---------------------------------------------------------------------------------------------
(clock sys_clk)             launch                                       41665 F             
tx_inst
  fifo_inst
    write_pointer_inst
      pow_opt_RC_CG_HIER_INST19
        enl_reg/G                                              0    +0   41665 R             
        enl_reg/Q           TLATX1_LP(slow)          1  9.6  280  +778   42443 R             
        g17__4319/B    (b)  CLKAND2X2_LP(slow)                      +0   42443 R             
(clk_gating_check_146)      ext delay                               +0   42443 R             
- - - - - - - - - - - - - - - - - - - - - - - - - - - - - - - - - - - - - - - - - - - - - - -
(clock sys_clk)             capture                                      83330 R             
                            uncertainty                          -2000   81330 R             
---------------------------------------------------------------------------------------------
Cost Group   : 'sys_clk' (path_group 'sys_clk')
Timing slack :   38887ps 
Start-point  : tx_inst/fifo_inst/write_pointer_inst/pow_opt_RC_CG_HIER_INST19/enl_reg/G
End-point    : tx_inst/fifo_inst/write_pointer_inst/pow_opt_RC_CG_HIER_INST19/g17__4319/B

(b) : Timing paths are broken.

path  41:

         Pin                      Type          Fanout Load Slew Delay Arrival   Location    
                                 (Domain)              (fF) (ps)  (ps)   (ps)       (x,   y) 
---------------------------------------------------------------------------------------------
(clock sys_clk)             launch                                       41665 F             
rx_inst
  fifo_inst
    memory_inst
      pow_opt_RC_CG_HIER_INST17
        enl_reg/G                                              0    +0   41665 R             
        enl_reg/Q           TLATX1_LP(slow)          1  9.6  280  +778   42443 R             
        g17__5477/B    (b)  CLKAND2X2_LP(slow)                      +0   42443 R             
(clk_gating_check_163)      ext delay                               +0   42443 R             
- - - - - - - - - - - - - - - - - - - - - - - - - - - - - - - - - - - - - - - - - - - - - - -
(clock sys_clk)             capture                                      83330 R             
                            uncertainty                          -2000   81330 R             
---------------------------------------------------------------------------------------------
Cost Group   : 'sys_clk' (path_group 'sys_clk')
Timing slack :   38887ps 
Start-point  : rx_inst/fifo_inst/memory_inst/pow_opt_RC_CG_HIER_INST17/enl_reg/G
End-point    : rx_inst/fifo_inst/memory_inst/pow_opt_RC_CG_HIER_INST17/g17__5477/B

(b) : Timing paths are broken.

path  42:

         Pin                      Type          Fanout Load Slew Delay Arrival   Location    
                                 (Domain)              (fF) (ps)  (ps)   (ps)       (x,   y) 
---------------------------------------------------------------------------------------------
(clock sys_clk)             launch                                       41665 F             
tx_inst
  fifo_inst
    memory_inst
      pow_opt_RC_CG_HIER_INST17
        enl_reg/G                                              0    +0   41665 R             
        enl_reg/Q           TLATX1_LP(slow)          1  9.6  280  +778   42443 R             
        g17__4733/B    (b)  CLKAND2X2_LP(slow)                      +0   42443 R             
(clk_gating_check_151)      ext delay                               +0   42443 R             
- - - - - - - - - - - - - - - - - - - - - - - - - - - - - - - - - - - - - - - - - - - - - - -
(clock sys_clk)             capture                                      83330 R             
                            uncertainty                          -2000   81330 R             
---------------------------------------------------------------------------------------------
Cost Group   : 'sys_clk' (path_group 'sys_clk')
Timing slack :   38887ps 
Start-point  : tx_inst/fifo_inst/memory_inst/pow_opt_RC_CG_HIER_INST17/enl_reg/G
End-point    : tx_inst/fifo_inst/memory_inst/pow_opt_RC_CG_HIER_INST17/g17__4733/B

(b) : Timing paths are broken.

path  43:

         Pin                      Type          Fanout Load Slew Delay Arrival   Location    
                                 (Domain)              (fF) (ps)  (ps)   (ps)       (x,   y) 
---------------------------------------------------------------------------------------------
(clock sys_clk)             launch                                       41665 F             
rx_inst
  fifo_inst
    memory_inst
      pow_opt_RC_CG_HIER_INST16
        enl_reg/G                                              0    +0   41665 R             
        enl_reg/Q           TLATX1_LP(slow)          1  9.6  280  +778   42443 R             
        g17__7410/B    (b)  CLKAND2X2_LP(slow)                      +0   42443 R             
(clk_gating_check_167)      ext delay                               +0   42443 R             
- - - - - - - - - - - - - - - - - - - - - - - - - - - - - - - - - - - - - - - - - - - - - - -
(clock sys_clk)             capture                                      83330 R             
                            uncertainty                          -2000   81330 R             
---------------------------------------------------------------------------------------------
Cost Group   : 'sys_clk' (path_group 'sys_clk')
Timing slack :   38887ps 
Start-point  : rx_inst/fifo_inst/memory_inst/pow_opt_RC_CG_HIER_INST16/enl_reg/G
End-point    : rx_inst/fifo_inst/memory_inst/pow_opt_RC_CG_HIER_INST16/g17__7410/B

(b) : Timing paths are broken.

path  44:

         Pin                      Type          Fanout Load Slew Delay Arrival   Location    
                                 (Domain)              (fF) (ps)  (ps)   (ps)       (x,   y) 
---------------------------------------------------------------------------------------------
(clock sys_clk)             launch                                       41665 F             
tx_inst
  fifo_inst
    memory_inst
      pow_opt_RC_CG_HIER_INST16
        enl_reg/G                                              0    +0   41665 R             
        enl_reg/Q           TLATX1_LP(slow)          1  9.6  280  +778   42443 R             
        g17__5115/B    (b)  CLKAND2X2_LP(slow)                      +0   42443 R             
(clk_gating_check_152)      ext delay                               +0   42443 R             
- - - - - - - - - - - - - - - - - - - - - - - - - - - - - - - - - - - - - - - - - - - - - - -
(clock sys_clk)             capture                                      83330 R             
                            uncertainty                          -2000   81330 R             
---------------------------------------------------------------------------------------------
Cost Group   : 'sys_clk' (path_group 'sys_clk')
Timing slack :   38887ps 
Start-point  : tx_inst/fifo_inst/memory_inst/pow_opt_RC_CG_HIER_INST16/enl_reg/G
End-point    : tx_inst/fifo_inst/memory_inst/pow_opt_RC_CG_HIER_INST16/g17__5115/B

(b) : Timing paths are broken.

path  45:

         Pin                      Type          Fanout Load Slew Delay Arrival   Location    
                                 (Domain)              (fF) (ps)  (ps)   (ps)       (x,   y) 
---------------------------------------------------------------------------------------------
(clock sys_clk)             launch                                       41665 F             
rx_inst
  fifo_inst
    memory_inst
      pow_opt_RC_CG_HIER_INST15
        enl_reg/G                                              0    +0   41665 R             
        enl_reg/Q           TLATX1_LP(slow)          1  9.6  280  +778   42443 R             
        g17__2346/B    (b)  CLKAND2X2_LP(slow)                      +0   42443 R             
(clk_gating_check_170)      ext delay                               +0   42443 R             
- - - - - - - - - - - - - - - - - - - - - - - - - - - - - - - - - - - - - - - - - - - - - - -
(clock sys_clk)             capture                                      83330 R             
                            uncertainty                          -2000   81330 R             
---------------------------------------------------------------------------------------------
Cost Group   : 'sys_clk' (path_group 'sys_clk')
Timing slack :   38887ps 
Start-point  : rx_inst/fifo_inst/memory_inst/pow_opt_RC_CG_HIER_INST15/enl_reg/G
End-point    : rx_inst/fifo_inst/memory_inst/pow_opt_RC_CG_HIER_INST15/g17__2346/B

(b) : Timing paths are broken.

path  46:

         Pin                      Type          Fanout Load Slew Delay Arrival   Location    
                                 (Domain)              (fF) (ps)  (ps)   (ps)       (x,   y) 
---------------------------------------------------------------------------------------------
(clock sys_clk)             launch                                       41665 F             
tx_inst
  fifo_inst
    memory_inst
      pow_opt_RC_CG_HIER_INST15
        enl_reg/G                                              0    +0   41665 R             
        enl_reg/Q           TLATX1_LP(slow)          1  9.6  280  +778   42443 R             
        g17__6131/B    (b)  CLKAND2X2_LP(slow)                      +0   42443 R             
(clk_gating_check_153)      ext delay                               +0   42443 R             
- - - - - - - - - - - - - - - - - - - - - - - - - - - - - - - - - - - - - - - - - - - - - - -
(clock sys_clk)             capture                                      83330 R             
                            uncertainty                          -2000   81330 R             
---------------------------------------------------------------------------------------------
Cost Group   : 'sys_clk' (path_group 'sys_clk')
Timing slack :   38887ps 
Start-point  : tx_inst/fifo_inst/memory_inst/pow_opt_RC_CG_HIER_INST15/enl_reg/G
End-point    : tx_inst/fifo_inst/memory_inst/pow_opt_RC_CG_HIER_INST15/g17__6131/B

(b) : Timing paths are broken.

path  47:

         Pin                      Type          Fanout Load Slew Delay Arrival   Location    
                                 (Domain)              (fF) (ps)  (ps)   (ps)       (x,   y) 
---------------------------------------------------------------------------------------------
(clock sys_clk)             launch                                       41665 F             
rx_inst
  fifo_inst
    memory_inst
      pow_opt_RC_CG_HIER_INST14
        enl_reg/G                                              0    +0   41665 R             
        enl_reg/Q           TLATX1_LP(slow)          1  9.6  280  +778   42443 R             
        g17__9945/B    (b)  CLKAND2X2_LP(slow)                      +0   42443 R             
(clk_gating_check_173)      ext delay                               +0   42443 R             
- - - - - - - - - - - - - - - - - - - - - - - - - - - - - - - - - - - - - - - - - - - - - - -
(clock sys_clk)             capture                                      83330 R             
                            uncertainty                          -2000   81330 R             
---------------------------------------------------------------------------------------------
Cost Group   : 'sys_clk' (path_group 'sys_clk')
Timing slack :   38887ps 
Start-point  : rx_inst/fifo_inst/memory_inst/pow_opt_RC_CG_HIER_INST14/enl_reg/G
End-point    : rx_inst/fifo_inst/memory_inst/pow_opt_RC_CG_HIER_INST14/g17__9945/B

(b) : Timing paths are broken.

path  48:

         Pin                      Type          Fanout Load Slew Delay Arrival   Location    
                                 (Domain)              (fF) (ps)  (ps)   (ps)       (x,   y) 
---------------------------------------------------------------------------------------------
(clock sys_clk)             launch                                       41665 F             
tx_inst
  fifo_inst
    memory_inst
      pow_opt_RC_CG_HIER_INST14
        enl_reg/G                                              0    +0   41665 R             
        enl_reg/Q           TLATX1_LP(slow)          1  9.6  280  +778   42443 R             
        g17__8246/B    (b)  CLKAND2X2_LP(slow)                      +0   42443 R             
(clk_gating_check_155)      ext delay                               +0   42443 R             
- - - - - - - - - - - - - - - - - - - - - - - - - - - - - - - - - - - - - - - - - - - - - - -
(clock sys_clk)             capture                                      83330 R             
                            uncertainty                          -2000   81330 R             
---------------------------------------------------------------------------------------------
Cost Group   : 'sys_clk' (path_group 'sys_clk')
Timing slack :   38887ps 
Start-point  : tx_inst/fifo_inst/memory_inst/pow_opt_RC_CG_HIER_INST14/enl_reg/G
End-point    : tx_inst/fifo_inst/memory_inst/pow_opt_RC_CG_HIER_INST14/g17__8246/B

(b) : Timing paths are broken.

path  49:

         Pin                      Type          Fanout Load Slew Delay Arrival   Location    
                                 (Domain)              (fF) (ps)  (ps)   (ps)       (x,   y) 
---------------------------------------------------------------------------------------------
(clock sys_clk)             launch                                       41665 F             
rx_inst
  fifo_inst
    memory_inst
      pow_opt_RC_CG_HIER_INST13
        enl_reg/G                                              0    +0   41665 R             
        enl_reg/Q           TLATX1_LP(slow)          1  9.6  280  +778   42443 R             
        g17__6161/B    (b)  CLKAND2X2_LP(slow)                      +0   42443 R             
(clk_gating_check_138)      ext delay                               +0   42443 R             
- - - - - - - - - - - - - - - - - - - - - - - - - - - - - - - - - - - - - - - - - - - - - - -
(clock sys_clk)             capture                                      83330 R             
                            uncertainty                          -2000   81330 R             
---------------------------------------------------------------------------------------------
Cost Group   : 'sys_clk' (path_group 'sys_clk')
Timing slack :   38887ps 
Start-point  : rx_inst/fifo_inst/memory_inst/pow_opt_RC_CG_HIER_INST13/enl_reg/G
End-point    : rx_inst/fifo_inst/memory_inst/pow_opt_RC_CG_HIER_INST13/g17__6161/B

(b) : Timing paths are broken.

path  50:

         Pin                      Type          Fanout Load Slew Delay Arrival   Location    
                                 (Domain)              (fF) (ps)  (ps)   (ps)       (x,   y) 
---------------------------------------------------------------------------------------------
(clock sys_clk)             launch                                       41665 F             
tx_inst
  fifo_inst
    memory_inst
      pow_opt_RC_CG_HIER_INST13
        enl_reg/G                                              0    +0   41665 R             
        enl_reg/Q           TLATX1_LP(slow)          1  9.6  280  +778   42443 R             
        g17__1705/B    (b)  CLKAND2X2_LP(slow)                      +0   42443 R             
(clk_gating_check_156)      ext delay                               +0   42443 R             
- - - - - - - - - - - - - - - - - - - - - - - - - - - - - - - - - - - - - - - - - - - - - - -
(clock sys_clk)             capture                                      83330 R             
                            uncertainty                          -2000   81330 R             
---------------------------------------------------------------------------------------------
Cost Group   : 'sys_clk' (path_group 'sys_clk')
Timing slack :   38887ps 
Start-point  : tx_inst/fifo_inst/memory_inst/pow_opt_RC_CG_HIER_INST13/enl_reg/G
End-point    : tx_inst/fifo_inst/memory_inst/pow_opt_RC_CG_HIER_INST13/g17__1705/B

(b) : Timing paths are broken.

