============================================================
  Generated by:           Genus(TM) Synthesis Solution 23.10-p004_1
  Generated on:           May 13 2026  04:14:52 pm
  Module:                 uart_top
  Library domain:         slow
    Domain index:         0
    Technology libraries: sky130_ss_1.62_125_LP 1.0
                          physical_cells 
  Library domain:         fast
    Domain index:         1
    Technology libraries: sky130_ff_1.98_0_LP 1.0
                          physical_cells 
  Library domain:         typ
    Domain index:         2
    Technology libraries: sky130_tt_1.8_25 1.0
                          physical_cells 
  Operating conditions:   ss_1.62_125 
  Operating conditions:   ff_1.98_0 
  Operating conditions:   tt_1.8_25 
  Interconnect mode:      global
  Area mode:              physical library
============================================================

path   1:

            Pin                        Type          Fanout Load Slew  Delay Arrival   Location    
                                      (Domain)              (fF) (ps)  (ps)    (ps)       (x,   y) 
---------------------------------------------------------------------------------------------------
(clock sys_clk)                   launch                                           0 R             
(constraint.sdc_line_15_3_1)      ext delay                           +33000   33000 R             
tx_wr_en                     (u)  in port                 1  4.2   78    +45   33045 R             
tx_inst/wr_en 
  fifo_inst/wr_en 
    write_pointer_inst/wr_en 
      g40/in_0                                                            +0   33045               
      g40/z                  (u)  unmapped_complex2       6 29.4    0   +429   33474 R             
    write_pointer_inst/can_write 
    memory_inst/can_write 
      g470/in_0                                                           +0   33474               
      g470/z                 (u)  unmapped_complex2       5 21.0    0   +389   33862 F             
      g468/in_0                                                           +0   33862               
      g468/z                 (u)  unmapped_complex2       4 16.8    0   +348   34210 F             
      g483/in_1                                                           +0   34210               
      g483/z                 (u)  unmapped_nor2           1  4.2    0   +174   34384 R             
      pow_opt_RC_CG_HIER_INST16/enable 
        g2/in_0                                                           +0   34384               
        g2/z                 (u)  unmapped_or2            1  4.2    0   +174   34558 R             
        enl_reg/d                 unmapped_latch                          +0   34558               
- - - - - - - - - - - - - - - - - - - - - - - - - - - - - - - - - - - - - - - - - - - - - - - - - -
(clock sys_clk)                   open                                         41665 F             
                                  uncertainty                          -2000   39665 F             
        enl_reg/ena               borrowed                                +0   39665               
---------------------------------------------------------------------------------------------------
Cost Group   : 'cg_enable_group_sys_clk' (path_group 'cg_enable_group_sys_clk')
Timing slack :    5107ps 
Start-point  : tx_wr_en
End-point    : tx_inst/fifo_inst/memory_inst/pow_opt_RC_CG_HIER_INST16/enl_reg/d

(u) : Net has unmapped pin(s).

path   2:

            Pin                        Type          Fanout Load Slew  Delay Arrival   Location    
                                      (Domain)              (fF) (ps)  (ps)    (ps)       (x,   y) 
---------------------------------------------------------------------------------------------------
(clock sys_clk)                   launch                                           0 R             
(constraint.sdc_line_15_3_1)      ext delay                           +33000   33000 R             
tx_wr_en                     (u)  in port                 1  4.2   78    +45   33045 R             
tx_inst/wr_en 
  fifo_inst/wr_en 
    write_pointer_inst/wr_en 
      g40/in_0                                                            +0   33045               
      g40/z                  (u)  unmapped_complex2       6 29.4    0   +429   33474 R             
    write_pointer_inst/can_write 
    memory_inst/can_write 
      g470/in_0                                                           +0   33474               
      g470/z                 (u)  unmapped_complex2       5 21.0    0   +389   33862 F             
      g468/in_0                                                           +0   33862               
      g468/z                 (u)  unmapped_complex2       4 16.8    0   +348   34210 F             
      g485/in_1                                                           +0   34210               
      g485/z                 (u)  unmapped_nor2           1  4.2    0   +174   34384 R             
      pow_opt_RC_CG_HIER_INST14/enable 
        g2/in_0                                                           +0   34384               
        g2/z                 (u)  unmapped_or2            1  4.2    0   +174   34558 R             
        enl_reg/d                 unmapped_latch                          +0   34558               
- - - - - - - - - - - - - - - - - - - - - - - - - - - - - - - - - - - - - - - - - - - - - - - - - -
(clock sys_clk)                   open                                         41665 F             
                                  uncertainty                          -2000   39665 F             
        enl_reg/ena               borrowed                                +0   39665               
---------------------------------------------------------------------------------------------------
Cost Group   : 'cg_enable_group_sys_clk' (path_group 'cg_enable_group_sys_clk')
Timing slack :    5107ps 
Start-point  : tx_wr_en
End-point    : tx_inst/fifo_inst/memory_inst/pow_opt_RC_CG_HIER_INST14/enl_reg/d

(u) : Net has unmapped pin(s).

path   3:

            Pin                        Type          Fanout Load Slew  Delay Arrival   Location    
                                      (Domain)              (fF) (ps)  (ps)    (ps)       (x,   y) 
---------------------------------------------------------------------------------------------------
(clock sys_clk)                   launch                                           0 R             
(constraint.sdc_line_15_3_1)      ext delay                           +33000   33000 R             
tx_wr_en                     (u)  in port                 1  4.2   78    +45   33045 R             
tx_inst/wr_en 
  fifo_inst/wr_en 
    write_pointer_inst/wr_en 
      g40/in_0                                                            +0   33045               
      g40/z                  (u)  unmapped_complex2       6 29.4    0   +429   33474 R             
    write_pointer_inst/can_write 
    memory_inst/can_write 
      g470/in_0                                                           +0   33474               
      g470/z                 (u)  unmapped_complex2       5 21.0    0   +389   33862 F             
      g468/in_0                                                           +0   33862               
      g468/z                 (u)  unmapped_complex2       4 16.8    0   +348   34210 F             
      g487/in_1                                                           +0   34210               
      g487/z                 (u)  unmapped_nor2           1  4.2    0   +174   34384 R             
      pow_opt_RC_CG_HIER_INST12/enable 
        g2/in_0                                                           +0   34384               
        g2/z                 (u)  unmapped_or2            1  4.2    0   +174   34558 R             
        enl_reg/d                 unmapped_latch                          +0   34558               
- - - - - - - - - - - - - - - - - - - - - - - - - - - - - - - - - - - - - - - - - - - - - - - - - -
(clock sys_clk)                   open                                         41665 F             
                                  uncertainty                          -2000   39665 F             
        enl_reg/ena               borrowed                                +0   39665               
---------------------------------------------------------------------------------------------------
Cost Group   : 'cg_enable_group_sys_clk' (path_group 'cg_enable_group_sys_clk')
Timing slack :    5107ps 
Start-point  : tx_wr_en
End-point    : tx_inst/fifo_inst/memory_inst/pow_opt_RC_CG_HIER_INST12/enl_reg/d

(u) : Net has unmapped pin(s).

path   4:

            Pin                        Type          Fanout Load Slew  Delay Arrival   Location    
                                      (Domain)              (fF) (ps)  (ps)    (ps)       (x,   y) 
---------------------------------------------------------------------------------------------------
(clock sys_clk)                   launch                                           0 R             
(constraint.sdc_line_15_3_1)      ext delay                           +33000   33000 R             
tx_wr_en                     (u)  in port                 1  4.2   78    +45   33045 R             
tx_inst/wr_en 
  fifo_inst/wr_en 
    write_pointer_inst/wr_en 
      g40/in_0                                                            +0   33045               
      g40/z                  (u)  unmapped_complex2       6 29.4    0   +429   33474 R             
    write_pointer_inst/can_write 
    memory_inst/can_write 
      g470/in_0                                                           +0   33474               
      g470/z                 (u)  unmapped_complex2       5 21.0    0   +389   33862 F             
      g468/in_0                                                           +0   33862               
      g468/z                 (u)  unmapped_complex2       4 16.8    0   +348   34210 F             
      g489/in_1                                                           +0   34210               
      g489/z                 (u)  unmapped_nor2           1  4.2    0   +174   34384 R             
      pow_opt_RC_CG_HIER_INST10/enable 
        g2/in_0                                                           +0   34384               
        g2/z                 (u)  unmapped_or2            1  4.2    0   +174   34558 R             
        enl_reg/d                 unmapped_latch                          +0   34558               
- - - - - - - - - - - - - - - - - - - - - - - - - - - - - - - - - - - - - - - - - - - - - - - - - -
(clock sys_clk)                   open                                         41665 F             
                                  uncertainty                          -2000   39665 F             
        enl_reg/ena               borrowed                                +0   39665               
---------------------------------------------------------------------------------------------------
Cost Group   : 'cg_enable_group_sys_clk' (path_group 'cg_enable_group_sys_clk')
Timing slack :    5107ps 
Start-point  : tx_wr_en
End-point    : tx_inst/fifo_inst/memory_inst/pow_opt_RC_CG_HIER_INST10/enl_reg/d

(u) : Net has unmapped pin(s).

path   5:

            Pin                        Type          Fanout Load Slew  Delay Arrival   Location    
                                      (Domain)              (fF) (ps)  (ps)    (ps)       (x,   y) 
---------------------------------------------------------------------------------------------------
(clock sys_clk)                   launch                                           0 R             
(constraint.sdc_line_15_3_1)      ext delay                           +33000   33000 R             
tx_wr_en                     (u)  in port                 1  4.2   78    +45   33045 R             
tx_inst/wr_en 
  fifo_inst/wr_en 
    write_pointer_inst/wr_en 
      g40/in_0                                                            +0   33045               
      g40/z                  (u)  unmapped_complex2       6 29.4    0   +429   33474 R             
    write_pointer_inst/can_write 
    memory_inst/can_write 
      g470/in_0                                                           +0   33474               
      g470/z                 (u)  unmapped_complex2       5 21.0    0   +389   33862 F             
      g491/in_1                                                           +0   33862               
      g491/z                 (u)  unmapped_nor2           1  4.2    0   +174   34036 R             
      pow_opt_RC_CG_HIER_INST17/enable 
        g2/in_0                                                           +0   34036               
        g2/z                 (u)  unmapped_or2            1  4.2    0   +174   34210 R             
        enl_reg/d                 unmapped_latch                          +0   34210               
- - - - - - - - - - - - - - - - - - - - - - - - - - - - - - - - - - - - - - - - - - - - - - - - - -
(clock sys_clk)                   open                                         41665 F             
                                  uncertainty                          -2000   39665 F             
        enl_reg/ena               borrowed                                +0   39665               
---------------------------------------------------------------------------------------------------
Cost Group   : 'cg_enable_group_sys_clk' (path_group 'cg_enable_group_sys_clk')
Timing slack :    5455ps 
Start-point  : tx_wr_en
End-point    : tx_inst/fifo_inst/memory_inst/pow_opt_RC_CG_HIER_INST17/enl_reg/d

(u) : Net has unmapped pin(s).

path   6:

            Pin                        Type          Fanout Load Slew  Delay Arrival   Location    
                                      (Domain)              (fF) (ps)  (ps)    (ps)       (x,   y) 
---------------------------------------------------------------------------------------------------
(clock sys_clk)                   launch                                           0 R             
(constraint.sdc_line_15_3_1)      ext delay                           +33000   33000 R             
tx_wr_en                     (u)  in port                 1  4.2   78    +45   33045 R             
tx_inst/wr_en 
  fifo_inst/wr_en 
    write_pointer_inst/wr_en 
      g40/in_0                                                            +0   33045               
      g40/z                  (u)  unmapped_complex2       6 29.4    0   +429   33474 R             
    write_pointer_inst/can_write 
    memory_inst/can_write 
      g470/in_0                                                           +0   33474               
      g470/z                 (u)  unmapped_complex2       5 21.0    0   +389   33862 F             
      g492/in_1                                                           +0   33862               
      g492/z                 (u)  unmapped_nor2           1  4.2    0   +174   34036 R             
      pow_opt_RC_CG_HIER_INST15/enable 
        g2/in_0                                                           +0   34036               
        g2/z                 (u)  unmapped_or2            1  4.2    0   +174   34210 R             
        enl_reg/d                 unmapped_latch                          +0   34210               
- - - - - - - - - - - - - - - - - - - - - - - - - - - - - - - - - - - - - - - - - - - - - - - - - -
(clock sys_clk)                   open                                         41665 F             
                                  uncertainty                          -2000   39665 F             
        enl_reg/ena               borrowed                                +0   39665               
---------------------------------------------------------------------------------------------------
Cost Group   : 'cg_enable_group_sys_clk' (path_group 'cg_enable_group_sys_clk')
Timing slack :    5455ps 
Start-point  : tx_wr_en
End-point    : tx_inst/fifo_inst/memory_inst/pow_opt_RC_CG_HIER_INST15/enl_reg/d

(u) : Net has unmapped pin(s).

path   7:

            Pin                        Type          Fanout Load Slew  Delay Arrival   Location    
                                      (Domain)              (fF) (ps)  (ps)    (ps)       (x,   y) 
---------------------------------------------------------------------------------------------------
(clock sys_clk)                   launch                                           0 R             
(constraint.sdc_line_15_3_1)      ext delay                           +33000   33000 R             
tx_wr_en                     (u)  in port                 1  4.2   78    +45   33045 R             
tx_inst/wr_en 
  fifo_inst/wr_en 
    write_pointer_inst/wr_en 
      g40/in_0                                                            +0   33045               
      g40/z                  (u)  unmapped_complex2       6 29.4    0   +429   33474 R             
    write_pointer_inst/can_write 
    memory_inst/can_write 
      g470/in_0                                                           +0   33474               
      g470/z                 (u)  unmapped_complex2       5 21.0    0   +389   33862 F             
      g493/in_1                                                           +0   33862               
      g493/z                 (u)  unmapped_nor2           1  4.2    0   +174   34036 R             
      pow_opt_RC_CG_HIER_INST13/enable 
        g2/in_0                                                           +0   34036               
        g2/z                 (u)  unmapped_or2            1  4.2    0   +174   34210 R             
        enl_reg/d                 unmapped_latch                          +0   34210               
- - - - - - - - - - - - - - - - - - - - - - - - - - - - - - - - - - - - - - - - - - - - - - - - - -
(clock sys_clk)                   open                                         41665 F             
                                  uncertainty                          -2000   39665 F             
        enl_reg/ena               borrowed                                +0   39665               
---------------------------------------------------------------------------------------------------
Cost Group   : 'cg_enable_group_sys_clk' (path_group 'cg_enable_group_sys_clk')
Timing slack :    5455ps 
Start-point  : tx_wr_en
End-point    : tx_inst/fifo_inst/memory_inst/pow_opt_RC_CG_HIER_INST13/enl_reg/d

(u) : Net has unmapped pin(s).

path   8:

            Pin                        Type          Fanout Load Slew  Delay Arrival   Location    
                                      (Domain)              (fF) (ps)  (ps)    (ps)       (x,   y) 
---------------------------------------------------------------------------------------------------
(clock sys_clk)                   launch                                           0 R             
(constraint.sdc_line_15_3_1)      ext delay                           +33000   33000 R             
tx_wr_en                     (u)  in port                 1  4.2   78    +45   33045 R             
tx_inst/wr_en 
  fifo_inst/wr_en 
    write_pointer_inst/wr_en 
      g40/in_0                                                            +0   33045               
      g40/z                  (u)  unmapped_complex2       6 29.4    0   +429   33474 R             
    write_pointer_inst/can_write 
    memory_inst/can_write 
      g470/in_0                                                           +0   33474               
      g470/z                 (u)  unmapped_complex2       5 21.0    0   +389   33862 F             
      g486/in_1                                                           +0   33862               
      g486/z                 (u)  unmapped_nor2           1  4.2    0   +174   34036 R             
      pow_opt_RC_CG_HIER_INST11/enable 
        g2/in_0                                                           +0   34036               
        g2/z                 (u)  unmapped_or2            1  4.2    0   +174   34210 R             
        enl_reg/d                 unmapped_latch                          +0   34210               
- - - - - - - - - - - - - - - - - - - - - - - - - - - - - - - - - - - - - - - - - - - - - - - - - -
(clock sys_clk)                   open                                         41665 F             
                                  uncertainty                          -2000   39665 F             
        enl_reg/ena               borrowed                                +0   39665               
---------------------------------------------------------------------------------------------------
Cost Group   : 'cg_enable_group_sys_clk' (path_group 'cg_enable_group_sys_clk')
Timing slack :    5455ps 
Start-point  : tx_wr_en
End-point    : tx_inst/fifo_inst/memory_inst/pow_opt_RC_CG_HIER_INST11/enl_reg/d

(u) : Net has unmapped pin(s).

path   9:

            Pin                        Type          Fanout Load Slew  Delay Arrival   Location    
                                      (Domain)              (fF) (ps)  (ps)    (ps)       (x,   y) 
---------------------------------------------------------------------------------------------------
(clock sys_clk)                   launch                                           0 R             
(constraint.sdc_line_15_3_1)      ext delay                           +33000   33000 R             
tx_wr_en                     (u)  in port                 1  4.2   78    +45   33045 R             
tx_inst/wr_en 
  fifo_inst/wr_en 
    write_pointer_inst/wr_en 
      g40/in_0                                                            +0   33045               
      g40/z                  (u)  unmapped_complex2       6 29.4    0   +429   33474 R             
    write_pointer_inst/can_write 
    memory_inst/can_write 
      g467/in_1                                                           +0   33474               
      g467/z                 (u)  unmapped_complex2       4 16.8    0   +348   33822 F             
      g494/in_0                                                           +0   33822               
      g494/z                 (u)  unmapped_nor2           1  4.2    0   +174   33996 R             
      pow_opt_RC_CG_HIER_INST9/enable 
        g2/in_0                                                           +0   33996               
        g2/z                 (u)  unmapped_or2            1  4.2    0   +174   34170 R             
        enl_reg/d                 unmapped_latch                          +0   34170               
- - - - - - - - - - - - - - - - - - - - - - - - - - - - - - - - - - - - - - - - - - - - - - - - - -
(clock sys_clk)                   open                                         41665 F             
                                  uncertainty                          -2000   39665 F             
        enl_reg/ena               borrowed                                +0   39665               
---------------------------------------------------------------------------------------------------
Cost Group   : 'cg_enable_group_sys_clk' (path_group 'cg_enable_group_sys_clk')
Timing slack :    5495ps 
Start-point  : tx_wr_en
End-point    : tx_inst/fifo_inst/memory_inst/pow_opt_RC_CG_HIER_INST9/enl_reg/d

(u) : Net has unmapped pin(s).

path  10:

            Pin                        Type          Fanout Load Slew  Delay Arrival   Location    
                                      (Domain)              (fF) (ps)  (ps)    (ps)       (x,   y) 
---------------------------------------------------------------------------------------------------
(clock sys_clk)                   launch                                           0 R             
(constraint.sdc_line_15_3_1)      ext delay                           +33000   33000 R             
tx_wr_en                     (u)  in port                 1  4.2   78    +45   33045 R             
tx_inst/wr_en 
  fifo_inst/wr_en 
    write_pointer_inst/wr_en 
      g40/in_0                                                            +0   33045               
      g40/z                  (u)  unmapped_complex2       6 29.4    0   +429   33474 R             
    write_pointer_inst/can_write 
    memory_inst/can_write 
      g467/in_1                                                           +0   33474               
      g467/z                 (u)  unmapped_complex2       4 16.8    0   +348   33822 F             
      g495/in_1                                                           +0   33822               
      g495/z                 (u)  unmapped_nor2           1  4.2    0   +174   33996 R             
      pow_opt_RC_CG_HIER_INST8/enable 
        g2/in_0                                                           +0   33996               
        g2/z                 (u)  unmapped_or2            1  4.2    0   +174   34170 R             
        enl_reg/d                 unmapped_latch                          +0   34170               
- - - - - - - - - - - - - - - - - - - - - - - - - - - - - - - - - - - - - - - - - - - - - - - - - -
(clock sys_clk)                   open                                         41665 F             
                                  uncertainty                          -2000   39665 F             
        enl_reg/ena               borrowed                                +0   39665               
---------------------------------------------------------------------------------------------------
Cost Group   : 'cg_enable_group_sys_clk' (path_group 'cg_enable_group_sys_clk')
Timing slack :    5495ps 
Start-point  : tx_wr_en
End-point    : tx_inst/fifo_inst/memory_inst/pow_opt_RC_CG_HIER_INST8/enl_reg/d

(u) : Net has unmapped pin(s).

path  11:

            Pin                        Type          Fanout Load Slew  Delay Arrival   Location    
                                      (Domain)              (fF) (ps)  (ps)    (ps)       (x,   y) 
---------------------------------------------------------------------------------------------------
(clock sys_clk)                   launch                                           0 R             
(constraint.sdc_line_15_3_1)      ext delay                           +33000   33000 R             
tx_wr_en                     (u)  in port                 1  4.2   78    +45   33045 R             
tx_inst/wr_en 
  fifo_inst/wr_en 
    write_pointer_inst/wr_en 
      g40/in_0                                                            +0   33045               
      g40/z                  (u)  unmapped_complex2       6 29.4    0   +429   33474 R             
    write_pointer_inst/can_write 
    memory_inst/can_write 
      g469/in_1                                                           +0   33474               
      g469/z                 (u)  unmapped_complex2       4 16.8    0   +348   33822 F             
      g490/in_0                                                           +0   33822               
      g490/z                 (u)  unmapped_nor2           1  4.2    0   +174   33996 R             
      pow_opt_RC_CG_HIER_INST7/enable 
        g2/in_0                                                           +0   33996               
        g2/z                 (u)  unmapped_or2            1  4.2    0   +174   34170 R             
        enl_reg/d                 unmapped_latch                          +0   34170               
- - - - - - - - - - - - - - - - - - - - - - - - - - - - - - - - - - - - - - - - - - - - - - - - - -
(clock sys_clk)                   open                                         41665 F             
                                  uncertainty                          -2000   39665 F             
        enl_reg/ena               borrowed                                +0   39665               
---------------------------------------------------------------------------------------------------
Cost Group   : 'cg_enable_group_sys_clk' (path_group 'cg_enable_group_sys_clk')
Timing slack :    5495ps 
Start-point  : tx_wr_en
End-point    : tx_inst/fifo_inst/memory_inst/pow_opt_RC_CG_HIER_INST7/enl_reg/d

(u) : Net has unmapped pin(s).

path  12:

            Pin                        Type          Fanout Load Slew  Delay Arrival   Location    
                                      (Domain)              (fF) (ps)  (ps)    (ps)       (x,   y) 
---------------------------------------------------------------------------------------------------
(clock sys_clk)                   launch                                           0 R             
(constraint.sdc_line_15_3_1)      ext delay                           +33000   33000 R             
tx_wr_en                     (u)  in port                 1  4.2   78    +45   33045 R             
tx_inst/wr_en 
  fifo_inst/wr_en 
    write_pointer_inst/wr_en 
      g40/in_0                                                            +0   33045               
      g40/z                  (u)  unmapped_complex2       6 29.4    0   +429   33474 R             
    write_pointer_inst/can_write 
    memory_inst/can_write 
      g469/in_1                                                           +0   33474               
      g469/z                 (u)  unmapped_complex2       4 16.8    0   +348   33822 F             
      g481/in_1                                                           +0   33822               
      g481/z                 (u)  unmapped_nor2           1  4.2    0   +174   33996 R             
      pow_opt_RC_CG_HIER_INST6/enable 
        g2/in_0                                                           +0   33996               
        g2/z                 (u)  unmapped_or2            1  4.2    0   +174   34170 R             
        enl_reg/d                 unmapped_latch                          +0   34170               
- - - - - - - - - - - - - - - - - - - - - - - - - - - - - - - - - - - - - - - - - - - - - - - - - -
(clock sys_clk)                   open                                         41665 F             
                                  uncertainty                          -2000   39665 F             
        enl_reg/ena               borrowed                                +0   39665               
---------------------------------------------------------------------------------------------------
Cost Group   : 'cg_enable_group_sys_clk' (path_group 'cg_enable_group_sys_clk')
Timing slack :    5495ps 
Start-point  : tx_wr_en
End-point    : tx_inst/fifo_inst/memory_inst/pow_opt_RC_CG_HIER_INST6/enl_reg/d

(u) : Net has unmapped pin(s).

path  13:

            Pin                        Type          Fanout Load Slew  Delay Arrival   Location    
                                      (Domain)              (fF) (ps)  (ps)    (ps)       (x,   y) 
---------------------------------------------------------------------------------------------------
(clock sys_clk)                   launch                                           0 R             
(constraint.sdc_line_15_3_1)      ext delay                           +33000   33000 R             
tx_wr_en                     (u)  in port                 1  4.2   78    +45   33045 R             
tx_inst/wr_en 
  fifo_inst/wr_en 
    write_pointer_inst/wr_en 
      g40/in_0                                                            +0   33045               
      g40/z                  (u)  unmapped_complex2       6 29.4    0   +429   33474 R             
    write_pointer_inst/can_write 
    memory_inst/can_write 
      g467/in_1                                                           +0   33474               
      g467/z                 (u)  unmapped_complex2       4 16.8    0   +348   33822 F             
      g488/in_0                                                           +0   33822               
      g488/z                 (u)  unmapped_nor2           1  4.2    0   +174   33996 R             
      pow_opt_RC_CG_HIER_INST5/enable 
        g2/in_0                                                           +0   33996               
        g2/z                 (u)  unmapped_or2            1  4.2    0   +174   34170 R             
        enl_reg/d                 unmapped_latch                          +0   34170               
- - - - - - - - - - - - - - - - - - - - - - - - - - - - - - - - - - - - - - - - - - - - - - - - - -
(clock sys_clk)                   open                                         41665 F             
                                  uncertainty                          -2000   39665 F             
        enl_reg/ena               borrowed                                +0   39665               
---------------------------------------------------------------------------------------------------
Cost Group   : 'cg_enable_group_sys_clk' (path_group 'cg_enable_group_sys_clk')
Timing slack :    5495ps 
Start-point  : tx_wr_en
End-point    : tx_inst/fifo_inst/memory_inst/pow_opt_RC_CG_HIER_INST5/enl_reg/d

(u) : Net has unmapped pin(s).

path  14:

            Pin                        Type          Fanout Load Slew  Delay Arrival   Location    
                                      (Domain)              (fF) (ps)  (ps)    (ps)       (x,   y) 
---------------------------------------------------------------------------------------------------
(clock sys_clk)                   launch                                           0 R             
(constraint.sdc_line_15_3_1)      ext delay                           +33000   33000 R             
tx_wr_en                     (u)  in port                 1  4.2   78    +45   33045 R             
tx_inst/wr_en 
  fifo_inst/wr_en 
    write_pointer_inst/wr_en 
      g40/in_0                                                            +0   33045               
      g40/z                  (u)  unmapped_complex2       6 29.4    0   +429   33474 R             
    write_pointer_inst/can_write 
    memory_inst/can_write 
      g467/in_1                                                           +0   33474               
      g467/z                 (u)  unmapped_complex2       4 16.8    0   +348   33822 F             
      g482/in_1                                                           +0   33822               
      g482/z                 (u)  unmapped_nor2           1  4.2    0   +174   33996 R             
      pow_opt_RC_CG_HIER_INST4/enable 
        g2/in_0                                                           +0   33996               
        g2/z                 (u)  unmapped_or2            1  4.2    0   +174   34170 R             
        enl_reg/d                 unmapped_latch                          +0   34170               
- - - - - - - - - - - - - - - - - - - - - - - - - - - - - - - - - - - - - - - - - - - - - - - - - -
(clock sys_clk)                   open                                         41665 F             
                                  uncertainty                          -2000   39665 F             
        enl_reg/ena               borrowed                                +0   39665               
---------------------------------------------------------------------------------------------------
Cost Group   : 'cg_enable_group_sys_clk' (path_group 'cg_enable_group_sys_clk')
Timing slack :    5495ps 
Start-point  : tx_wr_en
End-point    : tx_inst/fifo_inst/memory_inst/pow_opt_RC_CG_HIER_INST4/enl_reg/d

(u) : Net has unmapped pin(s).

path  15:

            Pin                        Type          Fanout Load Slew  Delay Arrival   Location    
                                      (Domain)              (fF) (ps)  (ps)    (ps)       (x,   y) 
---------------------------------------------------------------------------------------------------
(clock sys_clk)                   launch                                           0 R             
(constraint.sdc_line_15_3_1)      ext delay                           +33000   33000 R             
tx_wr_en                     (u)  in port                 1  4.2   78    +45   33045 R             
tx_inst/wr_en 
  fifo_inst/wr_en 
    write_pointer_inst/wr_en 
      g40/in_0                                                            +0   33045               
      g40/z                  (u)  unmapped_complex2       6 29.4    0   +429   33474 R             
    write_pointer_inst/can_write 
    memory_inst/can_write 
      g469/in_1                                                           +0   33474               
      g469/z                 (u)  unmapped_complex2       4 16.8    0   +348   33822 F             
      g484/in_0                                                           +0   33822               
      g484/z                 (u)  unmapped_nor2           1  4.2    0   +174   33996 R             
      pow_opt_RC_CG_HIER_INST3/enable 
        g2/in_0                                                           +0   33996               
        g2/z                 (u)  unmapped_or2            1  4.2    0   +174   34170 R             
        enl_reg/d                 unmapped_latch                          +0   34170               
- - - - - - - - - - - - - - - - - - - - - - - - - - - - - - - - - - - - - - - - - - - - - - - - - -
(clock sys_clk)                   open                                         41665 F             
                                  uncertainty                          -2000   39665 F             
        enl_reg/ena               borrowed                                +0   39665               
---------------------------------------------------------------------------------------------------
Cost Group   : 'cg_enable_group_sys_clk' (path_group 'cg_enable_group_sys_clk')
Timing slack :    5495ps 
Start-point  : tx_wr_en
End-point    : tx_inst/fifo_inst/memory_inst/pow_opt_RC_CG_HIER_INST3/enl_reg/d

(u) : Net has unmapped pin(s).

path  16:

            Pin                        Type          Fanout Load Slew  Delay Arrival   Location    
                                      (Domain)              (fF) (ps)  (ps)    (ps)       (x,   y) 
---------------------------------------------------------------------------------------------------
(clock sys_clk)                   launch                                           0 R             
(constraint.sdc_line_15_3_1)      ext delay                           +33000   33000 R             
tx_wr_en                     (u)  in port                 1  4.2   78    +45   33045 R             
tx_inst/wr_en 
  fifo_inst/wr_en 
    write_pointer_inst/wr_en 
      g40/in_0                                                            +0   33045               
      g40/z                  (u)  unmapped_complex2       6 29.4    0   +429   33474 R             
    write_pointer_inst/can_write 
    memory_inst/can_write 
      g469/in_1                                                           +0   33474               
      g469/z                 (u)  unmapped_complex2       4 16.8    0   +348   33822 F             
      g496/in_1                                                           +0   33822               
      g496/z                 (u)  unmapped_nor2           1  4.2    0   +174   33996 R             
      pow_opt_RC_CG_HIER_INST2/enable 
        g2/in_0                                                           +0   33996               
        g2/z                 (u)  unmapped_or2            1  4.2    0   +174   34170 R             
        enl_reg/d                 unmapped_latch                          +0   34170               
- - - - - - - - - - - - - - - - - - - - - - - - - - - - - - - - - - - - - - - - - - - - - - - - - -
(clock sys_clk)                   open                                         41665 F             
                                  uncertainty                          -2000   39665 F             
        enl_reg/ena               borrowed                                +0   39665               
---------------------------------------------------------------------------------------------------
Cost Group   : 'cg_enable_group_sys_clk' (path_group 'cg_enable_group_sys_clk')
Timing slack :    5495ps 
Start-point  : tx_wr_en
End-point    : tx_inst/fifo_inst/memory_inst/pow_opt_RC_CG_HIER_INST2/enl_reg/d

(u) : Net has unmapped pin(s).

path  17:

            Pin                        Type          Fanout Load Slew  Delay Arrival   Location    
                                      (Domain)              (fF) (ps)  (ps)    (ps)       (x,   y) 
---------------------------------------------------------------------------------------------------
(clock sys_clk)                   launch                                           0 R             
(constraint.sdc_line_15_3_1)      ext delay                           +33000   33000 R             
tx_wr_en                     (u)  in port                 1  4.2   78    +45   33045 R             
tx_inst/wr_en 
  fifo_inst/wr_en 
    write_pointer_inst/wr_en 
      g40/in_0                                                            +0   33045               
      g40/z                  (u)  unmapped_complex2       6 29.4    0   +429   33474 R             
      pow_opt_RC_CG_HIER_INST19/enable 
        g2/in_0                                                           +0   33474               
        g2/z                 (u)  unmapped_or2            1  4.2    0   +174   33647 R             
        enl_reg/d                 unmapped_latch                          +0   33647               
- - - - - - - - - - - - - - - - - - - - - - - - - - - - - - - - - - - - - - - - - - - - - - - - - -
(clock sys_clk)                   open                                         41665 F             
                                  uncertainty                          -2000   39665 F             
        enl_reg/ena               borrowed                                +0   39665               
---------------------------------------------------------------------------------------------------
Cost Group   : 'cg_enable_group_sys_clk' (path_group 'cg_enable_group_sys_clk')
Timing slack :    6018ps 
Start-point  : tx_wr_en
End-point    : tx_inst/fifo_inst/write_pointer_inst/pow_opt_RC_CG_HIER_INST19/enl_reg/d

(u) : Net has unmapped pin(s).

path  18:

            Pin                        Type          Fanout Load Slew  Delay Arrival   Location    
                                      (Domain)              (fF) (ps)  (ps)    (ps)       (x,   y) 
---------------------------------------------------------------------------------------------------
(clock sys_clk)                   launch                                           0 R             
(constraint.sdc_line_15_2_1)      ext delay                           +33000   33000 R             
rx_read_en                   (u)  in port                 1  4.2   78    +45   33045 R             
rx_inst/read_en 
  fifo_inst/rd_en 
    read_pointer_inst/rd_en 
      g40/in_0                                                            +0   33045               
      g40/z                  (u)  unmapped_complex2       5 25.2    0   +408   33453 R             
      pow_opt_RC_CG_HIER_INST18/enable 
        g2/in_0                                                           +0   33453               
        g2/z                 (u)  unmapped_or2            1  4.2    0   +174   33627 R             
        enl_reg/d                 unmapped_latch                          +0   33627               
- - - - - - - - - - - - - - - - - - - - - - - - - - - - - - - - - - - - - - - - - - - - - - - - - -
(clock sys_clk)                   open                                         41665 F             
                                  uncertainty                          -2000   39665 F             
        enl_reg/ena               borrowed                                +0   39665               
---------------------------------------------------------------------------------------------------
Cost Group   : 'cg_enable_group_sys_clk' (path_group 'cg_enable_group_sys_clk')
Timing slack :    6038ps 
Start-point  : rx_read_en
End-point    : rx_inst/fifo_inst/read_pointer_inst/pow_opt_RC_CG_HIER_INST18/enl_reg/d

(u) : Net has unmapped pin(s).

path  19:

            Pin                        Type          Fanout Load Slew  Delay Arrival   Location    
                                      (Domain)              (fF) (ps)  (ps)    (ps)       (x,   y) 
---------------------------------------------------------------------------------------------------
(clock sys_clk)                   launch                                           0 R             
(constraint.sdc_line_15_2_1)      ext delay                           +33000   33000 R             
rx_read_en                   (u)  in port                 1  4.2   78    +45   33045 R             
rx_inst/read_en 
  fifo_inst/rd_en 
    read_pointer_inst/rd_en 
      g40/in_0                                                            +0   33045               
      g40/z                  (u)  unmapped_complex2       5 25.2    0   +408   33453 R             
    read_pointer_inst/can_read 
    memory_inst/can_read 
      pow_opt_RC_CG_HIER_INST1/enable 
        g2/in_0                                                           +0   33453               
        g2/z                 (u)  unmapped_or2            1  4.2    0   +174   33627 R             
        enl_reg/d                 unmapped_latch                          +0   33627               
- - - - - - - - - - - - - - - - - - - - - - - - - - - - - - - - - - - - - - - - - - - - - - - - - -
(clock sys_clk)                   open                                         41665 F             
                                  uncertainty                          -2000   39665 F             
        enl_reg/ena               borrowed                                +0   39665               
---------------------------------------------------------------------------------------------------
Cost Group   : 'cg_enable_group_sys_clk' (path_group 'cg_enable_group_sys_clk')
Timing slack :    6038ps 
Start-point  : rx_read_en
End-point    : rx_inst/fifo_inst/memory_inst/pow_opt_RC_CG_HIER_INST1/enl_reg/d

(u) : Net has unmapped pin(s).

path  20:

        Pin                    Type          Fanout Load Slew Delay Arrival   Location    
                              (Domain)              (fF) (ps)  (ps)   (ps)       (x,   y) 
------------------------------------------------------------------------------------------
(clock sys_clk)           launch                                          0 R             
rx_inst
  fifo_inst
    state_inst
      f_full_reg/clk                                        0    +0       0 R             
      f_full_reg/q   (u)  unmapped_d_flop         3 26.2    0 +1080    1080 F             
    state_inst/f_full 
    write_pointer_inst/f_full 
      g40/in_1                                                   +0    1080               
      g40/z          (u)  unmapped_complex2       5 25.2    0  +408    1488 R             
    write_pointer_inst/can_write 
    memory_inst/can_write 
      g470/in_0                                                  +0    1488               
      g470/z         (u)  unmapped_complex2       3 12.6    0  +286    1774 F             
      g465/in_0                                                  +0    1774               
      g465/z         (u)  unmapped_complex2       2  8.4    0  +239    2013 F             
      g457/in_0                                                  +0    2013               
      g457/z         (u)  unmapped_or2            2  8.4    0  +239    2252 F             
      g480/in_0                                                  +0    2252               
      g480/z         (u)  unmapped_nor2           1  4.2    0  +174    2426 R             
      pow_opt_RC_CG_HIER_INST16/enable 
        g2/in_0                                                  +0    2426               
        g2/z         (u)  unmapped_or2            1  4.2    0  +174    2600 R             
        enl_reg/d         unmapped_latch                         +0    2600               
- - - - - - - - - - - - - - - - - - - - - - - - - - - - - - - - - - - - - - - - - - - - - 
(clock sys_clk)           open                                        41665 F             
                          uncertainty                         -2000   39665 F             
        enl_reg/ena       borrowed                               +0   39665               
------------------------------------------------------------------------------------------
Cost Group   : 'cg_enable_group_sys_clk' (path_group 'cg_enable_group_sys_clk')
Timing slack :   37065ps 
Start-point  : rx_inst/fifo_inst/state_inst/f_full_reg/clk
End-point    : rx_inst/fifo_inst/memory_inst/pow_opt_RC_CG_HIER_INST16/enl_reg/d

(u) : Net has unmapped pin(s).

path  21:

        Pin                    Type          Fanout Load Slew Delay Arrival   Location    
                              (Domain)              (fF) (ps)  (ps)   (ps)       (x,   y) 
------------------------------------------------------------------------------------------
(clock sys_clk)           launch                                          0 R             
rx_inst
  fifo_inst
    state_inst
      f_full_reg/clk                                        0    +0       0 R             
      f_full_reg/q   (u)  unmapped_d_flop         3 26.2    0 +1080    1080 F             
    state_inst/f_full 
    write_pointer_inst/f_full 
      g40/in_1                                                   +0    1080               
      g40/z          (u)  unmapped_complex2       5 25.2    0  +408    1488 R             
    write_pointer_inst/can_write 
    memory_inst/can_write 
      g470/in_0                                                  +0    1488               
      g470/z         (u)  unmapped_complex2       3 12.6    0  +286    1774 F             
      g465/in_0                                                  +0    1774               
      g465/z         (u)  unmapped_complex2       2  8.4    0  +239    2013 F             
      g457/in_0                                                  +0    2013               
      g457/z         (u)  unmapped_or2            2  8.4    0  +239    2252 F             
      g481/in_0                                                  +0    2252               
      g481/z         (u)  unmapped_complex2       1  4.2    0  +174    2426 R             
      pow_opt_RC_CG_HIER_INST14/enable 
        g2/in_0                                                  +0    2426               
        g2/z         (u)  unmapped_or2            1  4.2    0  +174    2600 R             
        enl_reg/d         unmapped_latch                         +0    2600               
- - - - - - - - - - - - - - - - - - - - - - - - - - - - - - - - - - - - - - - - - - - - - 
(clock sys_clk)           open                                        41665 F             
                          uncertainty                         -2000   39665 F             
        enl_reg/ena       borrowed                               +0   39665               
------------------------------------------------------------------------------------------
Cost Group   : 'cg_enable_group_sys_clk' (path_group 'cg_enable_group_sys_clk')
Timing slack :   37065ps 
Start-point  : rx_inst/fifo_inst/state_inst/f_full_reg/clk
End-point    : rx_inst/fifo_inst/memory_inst/pow_opt_RC_CG_HIER_INST14/enl_reg/d

(u) : Net has unmapped pin(s).

path  22:

        Pin                    Type          Fanout Load Slew Delay Arrival   Location    
                              (Domain)              (fF) (ps)  (ps)   (ps)       (x,   y) 
------------------------------------------------------------------------------------------
(clock sys_clk)           launch                                          0 R             
rx_inst
  fifo_inst
    state_inst
      f_full_reg/clk                                        0    +0       0 R             
      f_full_reg/q   (u)  unmapped_d_flop         3 26.2    0 +1080    1080 F             
    state_inst/f_full 
    write_pointer_inst/f_full 
      g40/in_1                                                   +0    1080               
      g40/z          (u)  unmapped_complex2       5 25.2    0  +408    1488 R             
    write_pointer_inst/can_write 
    memory_inst/can_write 
      g470/in_0                                                  +0    1488               
      g470/z         (u)  unmapped_complex2       3 12.6    0  +286    1774 F             
      g465/in_0                                                  +0    1774               
      g465/z         (u)  unmapped_complex2       2  8.4    0  +239    2013 F             
      g456/in_0                                                  +0    2013               
      g456/z         (u)  unmapped_complex2       2  8.4    0  +239    2252 F             
      g483/in_0                                                  +0    2252               
      g483/z         (u)  unmapped_nor2           1  4.2    0  +174    2426 R             
      pow_opt_RC_CG_HIER_INST12/enable 
        g2/in_0                                                  +0    2426               
        g2/z         (u)  unmapped_or2            1  4.2    0  +174    2600 R             
        enl_reg/d         unmapped_latch                         +0    2600               
- - - - - - - - - - - - - - - - - - - - - - - - - - - - - - - - - - - - - - - - - - - - - 
(clock sys_clk)           open                                        41665 F             
                          uncertainty                         -2000   39665 F             
        enl_reg/ena       borrowed                               +0   39665               
------------------------------------------------------------------------------------------
Cost Group   : 'cg_enable_group_sys_clk' (path_group 'cg_enable_group_sys_clk')
Timing slack :   37065ps 
Start-point  : rx_inst/fifo_inst/state_inst/f_full_reg/clk
End-point    : rx_inst/fifo_inst/memory_inst/pow_opt_RC_CG_HIER_INST12/enl_reg/d

(u) : Net has unmapped pin(s).

path  23:

        Pin                    Type          Fanout Load Slew Delay Arrival   Location    
                              (Domain)              (fF) (ps)  (ps)   (ps)       (x,   y) 
------------------------------------------------------------------------------------------
(clock sys_clk)           launch                                          0 R             
rx_inst
  fifo_inst
    state_inst
      f_full_reg/clk                                        0    +0       0 R             
      f_full_reg/q   (u)  unmapped_d_flop         3 26.2    0 +1080    1080 F             
    state_inst/f_full 
    write_pointer_inst/f_full 
      g40/in_1                                                   +0    1080               
      g40/z          (u)  unmapped_complex2       5 25.2    0  +408    1488 R             
    write_pointer_inst/can_write 
    memory_inst/can_write 
      g470/in_0                                                  +0    1488               
      g470/z         (u)  unmapped_complex2       3 12.6    0  +286    1774 F             
      g465/in_0                                                  +0    1774               
      g465/z         (u)  unmapped_complex2       2  8.4    0  +239    2013 F             
      g456/in_0                                                  +0    2013               
      g456/z         (u)  unmapped_complex2       2  8.4    0  +239    2252 F             
      g484/in_0                                                  +0    2252               
      g484/z         (u)  unmapped_complex2       1  4.2    0  +174    2426 R             
      pow_opt_RC_CG_HIER_INST10/enable 
        g2/in_0                                                  +0    2426               
        g2/z         (u)  unmapped_or2            1  4.2    0  +174    2600 R             
        enl_reg/d         unmapped_latch                         +0    2600               
- - - - - - - - - - - - - - - - - - - - - - - - - - - - - - - - - - - - - - - - - - - - - 
(clock sys_clk)           open                                        41665 F             
                          uncertainty                         -2000   39665 F             
        enl_reg/ena       borrowed                               +0   39665               
------------------------------------------------------------------------------------------
Cost Group   : 'cg_enable_group_sys_clk' (path_group 'cg_enable_group_sys_clk')
Timing slack :   37065ps 
Start-point  : rx_inst/fifo_inst/state_inst/f_full_reg/clk
End-point    : rx_inst/fifo_inst/memory_inst/pow_opt_RC_CG_HIER_INST10/enl_reg/d

(u) : Net has unmapped pin(s).

path  24:

        Pin                    Type          Fanout Load Slew Delay Arrival   Location    
                              (Domain)              (fF) (ps)  (ps)   (ps)       (x,   y) 
------------------------------------------------------------------------------------------
(clock sys_clk)           launch                                          0 R             
rx_inst
  fifo_inst
    state_inst
      f_full_reg/clk                                        0    +0       0 R             
      f_full_reg/q   (u)  unmapped_d_flop         3 26.2    0 +1080    1080 F             
    state_inst/f_full 
    write_pointer_inst/f_full 
      g40/in_1                                                   +0    1080               
      g40/z          (u)  unmapped_complex2       5 25.2    0  +408    1488 R             
    write_pointer_inst/can_write 
    memory_inst/can_write 
      g467/in_1                                                  +0    1488               
      g467/z         (u)  unmapped_nand2          2  8.4    0  +239    1727 F             
      g466/in_0                                                  +0    1727               
      g466/z         (u)  unmapped_or2            3 12.6    0  +286    2013 F             
      g461/in_0                                                  +0    2013               
      g461/z         (u)  unmapped_complex2       2  8.4    0  +239    2252 F             
      g482/in_0                                                  +0    2252               
      g482/z         (u)  unmapped_nor2           1  4.2    0  +174    2426 R             
      pow_opt_RC_CG_HIER_INST8/enable 
        g2/in_0                                                  +0    2426               
        g2/z         (u)  unmapped_or2            1  4.2    0  +174    2600 R             
        enl_reg/d         unmapped_latch                         +0    2600               
- - - - - - - - - - - - - - - - - - - - - - - - - - - - - - - - - - - - - - - - - - - - - 
(clock sys_clk)           open                                        41665 F             
                          uncertainty                         -2000   39665 F             
        enl_reg/ena       borrowed                               +0   39665               
------------------------------------------------------------------------------------------
Cost Group   : 'cg_enable_group_sys_clk' (path_group 'cg_enable_group_sys_clk')
Timing slack :   37065ps 
Start-point  : rx_inst/fifo_inst/state_inst/f_full_reg/clk
End-point    : rx_inst/fifo_inst/memory_inst/pow_opt_RC_CG_HIER_INST8/enl_reg/d

(u) : Net has unmapped pin(s).

path  25:

        Pin                    Type          Fanout Load Slew Delay Arrival   Location    
                              (Domain)              (fF) (ps)  (ps)   (ps)       (x,   y) 
------------------------------------------------------------------------------------------
(clock sys_clk)           launch                                          0 R             
rx_inst
  fifo_inst
    state_inst
      f_full_reg/clk                                        0    +0       0 R             
      f_full_reg/q   (u)  unmapped_d_flop         3 26.2    0 +1080    1080 F             
    state_inst/f_full 
    write_pointer_inst/f_full 
      g40/in_1                                                   +0    1080               
      g40/z          (u)  unmapped_complex2       5 25.2    0  +408    1488 R             
    write_pointer_inst/can_write 
    memory_inst/can_write 
      g467/in_1                                                  +0    1488               
      g467/z         (u)  unmapped_nand2          2  8.4    0  +239    1727 F             
      g462/in_0                                                  +0    1727               
      g462/z         (u)  unmapped_complex2       3 12.6    0  +286    2013 F             
      g458/in_0                                                  +0    2013               
      g458/z         (u)  unmapped_complex2       2  8.4    0  +239    2252 F             
      g486/in_0                                                  +0    2252               
      g486/z         (u)  unmapped_nor2           1  4.2    0  +174    2426 R             
      pow_opt_RC_CG_HIER_INST6/enable 
        g2/in_0                                                  +0    2426               
        g2/z         (u)  unmapped_or2            1  4.2    0  +174    2600 R             
        enl_reg/d         unmapped_latch                         +0    2600               
- - - - - - - - - - - - - - - - - - - - - - - - - - - - - - - - - - - - - - - - - - - - - 
(clock sys_clk)           open                                        41665 F             
                          uncertainty                         -2000   39665 F             
        enl_reg/ena       borrowed                               +0   39665               
------------------------------------------------------------------------------------------
Cost Group   : 'cg_enable_group_sys_clk' (path_group 'cg_enable_group_sys_clk')
Timing slack :   37065ps 
Start-point  : rx_inst/fifo_inst/state_inst/f_full_reg/clk
End-point    : rx_inst/fifo_inst/memory_inst/pow_opt_RC_CG_HIER_INST6/enl_reg/d

(u) : Net has unmapped pin(s).

path  26:

        Pin                    Type          Fanout Load Slew Delay Arrival   Location    
                              (Domain)              (fF) (ps)  (ps)   (ps)       (x,   y) 
------------------------------------------------------------------------------------------
(clock sys_clk)           launch                                          0 R             
rx_inst
  fifo_inst
    state_inst
      f_full_reg/clk                                        0    +0       0 R             
      f_full_reg/q   (u)  unmapped_d_flop         3 26.2    0 +1080    1080 F             
    state_inst/f_full 
    write_pointer_inst/f_full 
      g40/in_1                                                   +0    1080               
      g40/z          (u)  unmapped_complex2       5 25.2    0  +408    1488 R             
    write_pointer_inst/can_write 
    memory_inst/can_write 
      g467/in_1                                                  +0    1488               
      g467/z         (u)  unmapped_nand2          2  8.4    0  +239    1727 F             
      g466/in_0                                                  +0    1727               
      g466/z         (u)  unmapped_or2            3 12.6    0  +286    2013 F             
      g461/in_0                                                  +0    2013               
      g461/z         (u)  unmapped_complex2       2  8.4    0  +239    2252 F             
      g485/in_0                                                  +0    2252               
      g485/z         (u)  unmapped_complex2       1  4.2    0  +174    2426 R             
      pow_opt_RC_CG_HIER_INST4/enable 
        g2/in_0                                                  +0    2426               
        g2/z         (u)  unmapped_or2            1  4.2    0  +174    2600 R             
        enl_reg/d         unmapped_latch                         +0    2600               
- - - - - - - - - - - - - - - - - - - - - - - - - - - - - - - - - - - - - - - - - - - - - 
(clock sys_clk)           open                                        41665 F             
                          uncertainty                         -2000   39665 F             
        enl_reg/ena       borrowed                               +0   39665               
------------------------------------------------------------------------------------------
Cost Group   : 'cg_enable_group_sys_clk' (path_group 'cg_enable_group_sys_clk')
Timing slack :   37065ps 
Start-point  : rx_inst/fifo_inst/state_inst/f_full_reg/clk
End-point    : rx_inst/fifo_inst/memory_inst/pow_opt_RC_CG_HIER_INST4/enl_reg/d

(u) : Net has unmapped pin(s).

path  27:

        Pin                    Type          Fanout Load Slew Delay Arrival   Location    
                              (Domain)              (fF) (ps)  (ps)   (ps)       (x,   y) 
------------------------------------------------------------------------------------------
(clock sys_clk)           launch                                          0 R             
rx_inst
  fifo_inst
    state_inst
      f_full_reg/clk                                        0    +0       0 R             
      f_full_reg/q   (u)  unmapped_d_flop         3 26.2    0 +1080    1080 F             
    state_inst/f_full 
    write_pointer_inst/f_full 
      g40/in_1                                                   +0    1080               
      g40/z          (u)  unmapped_complex2       5 25.2    0  +408    1488 R             
    write_pointer_inst/can_write 
    memory_inst/can_write 
      g467/in_1                                                  +0    1488               
      g467/z         (u)  unmapped_nand2          2  8.4    0  +239    1727 F             
      g462/in_0                                                  +0    1727               
      g462/z         (u)  unmapped_complex2       3 12.6    0  +286    2013 F             
      g458/in_0                                                  +0    2013               
      g458/z         (u)  unmapped_complex2       2  8.4    0  +239    2252 F             
      g479/in_0                                                  +0    2252               
      g479/z         (u)  unmapped_complex2       1  4.2    0  +174    2426 R             
      pow_opt_RC_CG_HIER_INST2/enable 
        g2/in_0                                                  +0    2426               
        g2/z         (u)  unmapped_or2            1  4.2    0  +174    2600 R             
        enl_reg/d         unmapped_latch                         +0    2600               
- - - - - - - - - - - - - - - - - - - - - - - - - - - - - - - - - - - - - - - - - - - - - 
(clock sys_clk)           open                                        41665 F             
                          uncertainty                         -2000   39665 F             
        enl_reg/ena       borrowed                               +0   39665               
------------------------------------------------------------------------------------------
Cost Group   : 'cg_enable_group_sys_clk' (path_group 'cg_enable_group_sys_clk')
Timing slack :   37065ps 
Start-point  : rx_inst/fifo_inst/state_inst/f_full_reg/clk
End-point    : rx_inst/fifo_inst/memory_inst/pow_opt_RC_CG_HIER_INST2/enl_reg/d

(u) : Net has unmapped pin(s).

path  28:

        Pin                    Type          Fanout Load Slew Delay Arrival   Location    
                              (Domain)              (fF) (ps)  (ps)   (ps)       (x,   y) 
------------------------------------------------------------------------------------------
(clock sys_clk)           launch                                          0 R             
rx_inst
  fifo_inst
    state_inst
      f_full_reg/clk                                        0    +0       0 R             
      f_full_reg/q   (u)  unmapped_d_flop         3 26.2    0 +1080    1080 F             
    state_inst/f_full 
    write_pointer_inst/f_full 
      g40/in_1                                                   +0    1080               
      g40/z          (u)  unmapped_complex2       5 25.2    0  +408    1488 R             
    write_pointer_inst/can_write 
    memory_inst/can_write 
      g470/in_0                                                  +0    1488               
      g470/z         (u)  unmapped_complex2       3 12.6    0  +286    1774 F             
      g464/in_0                                                  +0    1774               
      g464/z         (u)  unmapped_or2            2  8.4    0  +239    2013 F             
      g476/in_0                                                  +0    2013               
      g476/z         (u)  unmapped_nor2           1  4.2    0  +174    2187 R             
      pow_opt_RC_CG_HIER_INST17/enable 
        g2/in_0                                                  +0    2187               
        g2/z         (u)  unmapped_or2            1  4.2    0  +174    2361 R             
        enl_reg/d         unmapped_latch                         +0    2361               
- - - - - - - - - - - - - - - - - - - - - - - - - - - - - - - - - - - - - - - - - - - - - 
(clock sys_clk)           open                                        41665 F             
                          uncertainty                         -2000   39665 F             
        enl_reg/ena       borrowed                               +0   39665               
------------------------------------------------------------------------------------------
Cost Group   : 'cg_enable_group_sys_clk' (path_group 'cg_enable_group_sys_clk')
Timing slack :   37304ps 
Start-point  : rx_inst/fifo_inst/state_inst/f_full_reg/clk
End-point    : rx_inst/fifo_inst/memory_inst/pow_opt_RC_CG_HIER_INST17/enl_reg/d

(u) : Net has unmapped pin(s).

path  29:

        Pin                    Type          Fanout Load Slew Delay Arrival   Location    
                              (Domain)              (fF) (ps)  (ps)   (ps)       (x,   y) 
------------------------------------------------------------------------------------------
(clock sys_clk)           launch                                          0 R             
rx_inst
  fifo_inst
    state_inst
      f_full_reg/clk                                        0    +0       0 R             
      f_full_reg/q   (u)  unmapped_d_flop         3 26.2    0 +1080    1080 F             
    state_inst/f_full 
    write_pointer_inst/f_full 
      g40/in_1                                                   +0    1080               
      g40/z          (u)  unmapped_complex2       5 25.2    0  +408    1488 R             
    write_pointer_inst/can_write 
    memory_inst/can_write 
      g470/in_0                                                  +0    1488               
      g470/z         (u)  unmapped_complex2       3 12.6    0  +286    1774 F             
      g464/in_0                                                  +0    1774               
      g464/z         (u)  unmapped_or2            2  8.4    0  +239    2013 F             
      g475/in_0                                                  +0    2013               
      g475/z         (u)  unmapped_complex2       1  4.2    0  +174    2187 R             
      pow_opt_RC_CG_HIER_INST15/enable 
        g2/in_0                                                  +0    2187               
        g2/z         (u)  unmapped_or2            1  4.2    0  +174    2361 R             
        enl_reg/d         unmapped_latch                         +0    2361               
- - - - - - - - - - - - - - - - - - - - - - - - - - - - - - - - - - - - - - - - - - - - - 
(clock sys_clk)           open                                        41665 F             
                          uncertainty                         -2000   39665 F             
        enl_reg/ena       borrowed                               +0   39665               
------------------------------------------------------------------------------------------
Cost Group   : 'cg_enable_group_sys_clk' (path_group 'cg_enable_group_sys_clk')
Timing slack :   37304ps 
Start-point  : rx_inst/fifo_inst/state_inst/f_full_reg/clk
End-point    : rx_inst/fifo_inst/memory_inst/pow_opt_RC_CG_HIER_INST15/enl_reg/d

(u) : Net has unmapped pin(s).

path  30:

        Pin                    Type          Fanout Load Slew Delay Arrival   Location    
                              (Domain)              (fF) (ps)  (ps)   (ps)       (x,   y) 
------------------------------------------------------------------------------------------
(clock sys_clk)           launch                                          0 R             
rx_inst
  fifo_inst
    state_inst
      f_full_reg/clk                                        0    +0       0 R             
      f_full_reg/q   (u)  unmapped_d_flop         3 26.2    0 +1080    1080 F             
    state_inst/f_full 
    write_pointer_inst/f_full 
      g40/in_1                                                   +0    1080               
      g40/z          (u)  unmapped_complex2       5 25.2    0  +408    1488 R             
    write_pointer_inst/can_write 
    memory_inst/can_write 
      g470/in_0                                                  +0    1488               
      g470/z         (u)  unmapped_complex2       3 12.6    0  +286    1774 F             
      g463/in_1                                                  +0    1774               
      g463/z         (u)  unmapped_or2            2  8.4    0  +239    2013 F             
      g472/in_0                                                  +0    2013               
      g472/z         (u)  unmapped_nor2           1  4.2    0  +174    2187 R             
      pow_opt_RC_CG_HIER_INST13/enable 
        g2/in_0                                                  +0    2187               
        g2/z         (u)  unmapped_or2            1  4.2    0  +174    2361 R             
        enl_reg/d         unmapped_latch                         +0    2361               
- - - - - - - - - - - - - - - - - - - - - - - - - - - - - - - - - - - - - - - - - - - - - 
(clock sys_clk)           open                                        41665 F             
                          uncertainty                         -2000   39665 F             
        enl_reg/ena       borrowed                               +0   39665               
------------------------------------------------------------------------------------------
Cost Group   : 'cg_enable_group_sys_clk' (path_group 'cg_enable_group_sys_clk')
Timing slack :   37304ps 
Start-point  : rx_inst/fifo_inst/state_inst/f_full_reg/clk
End-point    : rx_inst/fifo_inst/memory_inst/pow_opt_RC_CG_HIER_INST13/enl_reg/d

(u) : Net has unmapped pin(s).

path  31:

        Pin                    Type          Fanout Load Slew Delay Arrival   Location    
                              (Domain)              (fF) (ps)  (ps)   (ps)       (x,   y) 
------------------------------------------------------------------------------------------
(clock sys_clk)           launch                                          0 R             
rx_inst
  fifo_inst
    state_inst
      f_full_reg/clk                                        0    +0       0 R             
      f_full_reg/q   (u)  unmapped_d_flop         3 26.2    0 +1080    1080 F             
    state_inst/f_full 
    write_pointer_inst/f_full 
      g40/in_1                                                   +0    1080               
      g40/z          (u)  unmapped_complex2       5 25.2    0  +408    1488 R             
    write_pointer_inst/can_write 
    memory_inst/can_write 
      g470/in_0                                                  +0    1488               
      g470/z         (u)  unmapped_complex2       3 12.6    0  +286    1774 F             
      g463/in_1                                                  +0    1774               
      g463/z         (u)  unmapped_or2            2  8.4    0  +239    2013 F             
      g473/in_0                                                  +0    2013               
      g473/z         (u)  unmapped_complex2       1  4.2    0  +174    2187 R             
      pow_opt_RC_CG_HIER_INST11/enable 
        g2/in_0                                                  +0    2187               
        g2/z         (u)  unmapped_or2            1  4.2    0  +174    2361 R             
        enl_reg/d         unmapped_latch                         +0    2361               
- - - - - - - - - - - - - - - - - - - - - - - - - - - - - - - - - - - - - - - - - - - - - 
(clock sys_clk)           open                                        41665 F             
                          uncertainty                         -2000   39665 F             
        enl_reg/ena       borrowed                               +0   39665               
------------------------------------------------------------------------------------------
Cost Group   : 'cg_enable_group_sys_clk' (path_group 'cg_enable_group_sys_clk')
Timing slack :   37304ps 
Start-point  : rx_inst/fifo_inst/state_inst/f_full_reg/clk
End-point    : rx_inst/fifo_inst/memory_inst/pow_opt_RC_CG_HIER_INST11/enl_reg/d

(u) : Net has unmapped pin(s).

path  32:

        Pin                    Type          Fanout Load Slew Delay Arrival   Location    
                              (Domain)              (fF) (ps)  (ps)   (ps)       (x,   y) 
------------------------------------------------------------------------------------------
(clock sys_clk)           launch                                          0 R             
rx_inst
  fifo_inst
    state_inst
      f_full_reg/clk                                        0    +0       0 R             
      f_full_reg/q   (u)  unmapped_d_flop         3 26.2    0 +1080    1080 F             
    state_inst/f_full 
    write_pointer_inst/f_full 
      g40/in_1                                                   +0    1080               
      g40/z          (u)  unmapped_complex2       5 25.2    0  +408    1488 R             
    write_pointer_inst/can_write 
    memory_inst/can_write 
      g467/in_1                                                  +0    1488               
      g467/z         (u)  unmapped_nand2          2  8.4    0  +239    1727 F             
      g466/in_0                                                  +0    1727               
      g466/z         (u)  unmapped_or2            3 12.6    0  +286    2013 F             
      g471/in_0                                                  +0    2013               
      g471/z         (u)  unmapped_nor2           1  4.2    0  +174    2187 R             
      pow_opt_RC_CG_HIER_INST9/enable 
        g2/in_0                                                  +0    2187               
        g2/z         (u)  unmapped_or2            1  4.2    0  +174    2361 R             
        enl_reg/d         unmapped_latch                         +0    2361               
- - - - - - - - - - - - - - - - - - - - - - - - - - - - - - - - - - - - - - - - - - - - - 
(clock sys_clk)           open                                        41665 F             
                          uncertainty                         -2000   39665 F             
        enl_reg/ena       borrowed                               +0   39665               
------------------------------------------------------------------------------------------
Cost Group   : 'cg_enable_group_sys_clk' (path_group 'cg_enable_group_sys_clk')
Timing slack :   37304ps 
Start-point  : rx_inst/fifo_inst/state_inst/f_full_reg/clk
End-point    : rx_inst/fifo_inst/memory_inst/pow_opt_RC_CG_HIER_INST9/enl_reg/d

(u) : Net has unmapped pin(s).

path  33:

        Pin                    Type          Fanout Load Slew Delay Arrival   Location    
                              (Domain)              (fF) (ps)  (ps)   (ps)       (x,   y) 
------------------------------------------------------------------------------------------
(clock sys_clk)           launch                                          0 R             
rx_inst
  fifo_inst
    state_inst
      f_full_reg/clk                                        0    +0       0 R             
      f_full_reg/q   (u)  unmapped_d_flop         3 26.2    0 +1080    1080 F             
    state_inst/f_full 
    write_pointer_inst/f_full 
      g40/in_1                                                   +0    1080               
      g40/z          (u)  unmapped_complex2       5 25.2    0  +408    1488 R             
    write_pointer_inst/can_write 
    memory_inst/can_write 
      g467/in_1                                                  +0    1488               
      g467/z         (u)  unmapped_nand2          2  8.4    0  +239    1727 F             
      g462/in_0                                                  +0    1727               
      g462/z         (u)  unmapped_complex2       3 12.6    0  +286    2013 F             
      g474/in_0                                                  +0    2013               
      g474/z         (u)  unmapped_nor2           1  4.2    0  +174    2187 R             
      pow_opt_RC_CG_HIER_INST7/enable 
        g2/in_0                                                  +0    2187               
        g2/z         (u)  unmapped_or2            1  4.2    0  +174    2361 R             
        enl_reg/d         unmapped_latch                         +0    2361               
- - - - - - - - - - - - - - - - - - - - - - - - - - - - - - - - - - - - - - - - - - - - - 
(clock sys_clk)           open                                        41665 F             
                          uncertainty                         -2000   39665 F             
        enl_reg/ena       borrowed                               +0   39665               
------------------------------------------------------------------------------------------
Cost Group   : 'cg_enable_group_sys_clk' (path_group 'cg_enable_group_sys_clk')
Timing slack :   37304ps 
Start-point  : rx_inst/fifo_inst/state_inst/f_full_reg/clk
End-point    : rx_inst/fifo_inst/memory_inst/pow_opt_RC_CG_HIER_INST7/enl_reg/d

(u) : Net has unmapped pin(s).

path  34:

        Pin                    Type          Fanout Load Slew Delay Arrival   Location    
                              (Domain)              (fF) (ps)  (ps)   (ps)       (x,   y) 
------------------------------------------------------------------------------------------
(clock sys_clk)           launch                                          0 R             
rx_inst
  fifo_inst
    state_inst
      f_full_reg/clk                                        0    +0       0 R             
      f_full_reg/q   (u)  unmapped_d_flop         3 26.2    0 +1080    1080 F             
    state_inst/f_full 
    write_pointer_inst/f_full 
      g40/in_1                                                   +0    1080               
      g40/z          (u)  unmapped_complex2       5 25.2    0  +408    1488 R             
    write_pointer_inst/can_write 
    memory_inst/can_write 
      g467/in_1                                                  +0    1488               
      g467/z         (u)  unmapped_nand2          2  8.4    0  +239    1727 F             
      g466/in_0                                                  +0    1727               
      g466/z         (u)  unmapped_or2            3 12.6    0  +286    2013 F             
      g478/in_0                                                  +0    2013               
      g478/z         (u)  unmapped_nor2           1  4.2    0  +174    2187 R             
      pow_opt_RC_CG_HIER_INST5/enable 
        g2/in_0                                                  +0    2187               
        g2/z         (u)  unmapped_or2            1  4.2    0  +174    2361 R             
        enl_reg/d         unmapped_latch                         +0    2361               
- - - - - - - - - - - - - - - - - - - - - - - - - - - - - - - - - - - - - - - - - - - - - 
(clock sys_clk)           open                                        41665 F             
                          uncertainty                         -2000   39665 F             
        enl_reg/ena       borrowed                               +0   39665               
------------------------------------------------------------------------------------------
Cost Group   : 'cg_enable_group_sys_clk' (path_group 'cg_enable_group_sys_clk')
Timing slack :   37304ps 
Start-point  : rx_inst/fifo_inst/state_inst/f_full_reg/clk
End-point    : rx_inst/fifo_inst/memory_inst/pow_opt_RC_CG_HIER_INST5/enl_reg/d

(u) : Net has unmapped pin(s).

path  35:

        Pin                    Type          Fanout Load Slew Delay Arrival   Location    
                              (Domain)              (fF) (ps)  (ps)   (ps)       (x,   y) 
------------------------------------------------------------------------------------------
(clock sys_clk)           launch                                          0 R             
rx_inst
  fifo_inst
    state_inst
      f_full_reg/clk                                        0    +0       0 R             
      f_full_reg/q   (u)  unmapped_d_flop         3 26.2    0 +1080    1080 F             
    state_inst/f_full 
    write_pointer_inst/f_full 
      g40/in_1                                                   +0    1080               
      g40/z          (u)  unmapped_complex2       5 25.2    0  +408    1488 R             
    write_pointer_inst/can_write 
    memory_inst/can_write 
      g467/in_1                                                  +0    1488               
      g467/z         (u)  unmapped_nand2          2  8.4    0  +239    1727 F             
      g462/in_0                                                  +0    1727               
      g462/z         (u)  unmapped_complex2       3 12.6    0  +286    2013 F             
      g477/in_0                                                  +0    2013               
      g477/z         (u)  unmapped_nor2           1  4.2    0  +174    2187 R             
      pow_opt_RC_CG_HIER_INST3/enable 
        g2/in_0                                                  +0    2187               
        g2/z         (u)  unmapped_or2            1  4.2    0  +174    2361 R             
        enl_reg/d         unmapped_latch                         +0    2361               
- - - - - - - - - - - - - - - - - - - - - - - - - - - - - - - - - - - - - - - - - - - - - 
(clock sys_clk)           open                                        41665 F             
                          uncertainty                         -2000   39665 F             
        enl_reg/ena       borrowed                               +0   39665               
------------------------------------------------------------------------------------------
Cost Group   : 'cg_enable_group_sys_clk' (path_group 'cg_enable_group_sys_clk')
Timing slack :   37304ps 
Start-point  : rx_inst/fifo_inst/state_inst/f_full_reg/clk
End-point    : rx_inst/fifo_inst/memory_inst/pow_opt_RC_CG_HIER_INST3/enl_reg/d

(u) : Net has unmapped pin(s).

path  36:

        Pin                     Type          Fanout Load Slew Delay Arrival   Location    
                               (Domain)              (fF) (ps)  (ps)   (ps)       (x,   y) 
-------------------------------------------------------------------------------------------
(clock sys_clk)            launch                                          0 R             
tx_inst
  fifo_inst
    state_inst
      f_empty_reg/clk                                        0    +0       0 R             
      f_empty_reg/q   (u)  unmapped_d_flop         3 12.6    0 +1018    1018 F             
    state_inst/f_empty 
  fifo_inst/f_empty 
  g10/in_0                                                        +0    1018               
  g10/z               (u)  unmapped_complex2       1  4.2    0  +174    1192 R             
  fifo_inst/rd_en 
    read_pointer_inst/rd_en 
      g40/in_0                                                    +0    1192               
      g40/z           (u)  unmapped_complex2       5 25.2    0  +408    1600 R             
      pow_opt_RC_CG_HIER_INST18/enable 
        g2/in_0                                                   +0    1600               
        g2/z          (u)  unmapped_or2            1  4.2    0  +174    1774 R             
        enl_reg/d          unmapped_latch                         +0    1774               
- - - - - - - - - - - - - - - - - - - - - - - - - - - - - - - - - - - - - - - - - - - - - -
(clock sys_clk)            open                                        41665 F             
                           uncertainty                         -2000   39665 F             
        enl_reg/ena        borrowed                               +0   39665               
-------------------------------------------------------------------------------------------
Cost Group   : 'cg_enable_group_sys_clk' (path_group 'cg_enable_group_sys_clk')
Timing slack :   37891ps 
Start-point  : tx_inst/fifo_inst/state_inst/f_empty_reg/clk
End-point    : tx_inst/fifo_inst/read_pointer_inst/pow_opt_RC_CG_HIER_INST18/enl_reg/d

(u) : Net has unmapped pin(s).

path  37:

        Pin                     Type          Fanout Load Slew Delay Arrival   Location    
                               (Domain)              (fF) (ps)  (ps)   (ps)       (x,   y) 
-------------------------------------------------------------------------------------------
(clock sys_clk)            launch                                          0 R             
tx_inst
  fifo_inst
    state_inst
      f_empty_reg/clk                                        0    +0       0 R             
      f_empty_reg/q   (u)  unmapped_d_flop         3 12.6    0 +1018    1018 F             
    state_inst/f_empty 
  fifo_inst/f_empty 
  g10/in_0                                                        +0    1018               
  g10/z               (u)  unmapped_complex2       1  4.2    0  +174    1192 R             
  fifo_inst/rd_en 
    read_pointer_inst/rd_en 
      g40/in_0                                                    +0    1192               
      g40/z           (u)  unmapped_complex2       5 25.2    0  +408    1600 R             
    read_pointer_inst/can_read 
    memory_inst/can_read 
      pow_opt_RC_CG_HIER_INST1/enable 
        g2/in_0                                                   +0    1600               
        g2/z          (u)  unmapped_or2            1  4.2    0  +174    1774 R             
        enl_reg/d          unmapped_latch                         +0    1774               
- - - - - - - - - - - - - - - - - - - - - - - - - - - - - - - - - - - - - - - - - - - - - -
(clock sys_clk)            open                                        41665 F             
                           uncertainty                         -2000   39665 F             
        enl_reg/ena        borrowed                               +0   39665               
-------------------------------------------------------------------------------------------
Cost Group   : 'cg_enable_group_sys_clk' (path_group 'cg_enable_group_sys_clk')
Timing slack :   37891ps 
Start-point  : tx_inst/fifo_inst/state_inst/f_empty_reg/clk
End-point    : tx_inst/fifo_inst/memory_inst/pow_opt_RC_CG_HIER_INST1/enl_reg/d

(u) : Net has unmapped pin(s).

path  38:

        Pin                    Type          Fanout Load Slew Delay Arrival   Location    
                              (Domain)              (fF) (ps)  (ps)   (ps)       (x,   y) 
------------------------------------------------------------------------------------------
(clock sys_clk)           launch                                          0 R             
rx_inst
  fifo_inst
    state_inst
      f_full_reg/clk                                        0    +0       0 R             
      f_full_reg/q   (u)  unmapped_d_flop         3 26.2    0 +1080    1080 F             
    state_inst/f_full 
    write_pointer_inst/f_full 
      g40/in_1                                                   +0    1080               
      g40/z          (u)  unmapped_complex2       5 25.2    0  +408    1488 R             
      pow_opt_RC_CG_HIER_INST19/enable 
        g2/in_0                                                  +0    1488               
        g2/z         (u)  unmapped_or2            1  4.2    0  +174    1662 R             
        enl_reg/d         unmapped_latch                         +0    1662               
- - - - - - - - - - - - - - - - - - - - - - - - - - - - - - - - - - - - - - - - - - - - - 
(clock sys_clk)           open                                        41665 F             
                          uncertainty                         -2000   39665 F             
        enl_reg/ena       borrowed                               +0   39665               
------------------------------------------------------------------------------------------
Cost Group   : 'cg_enable_group_sys_clk' (path_group 'cg_enable_group_sys_clk')
Timing slack :   38003ps 
Start-point  : rx_inst/fifo_inst/state_inst/f_full_reg/clk
End-point    : rx_inst/fifo_inst/write_pointer_inst/pow_opt_RC_CG_HIER_INST19/enl_reg/d

(u) : Net has unmapped pin(s).

path  39:

        Pin                     Type          Fanout Load Slew Delay Arrival   Location    
                               (Domain)              (fF) (ps)  (ps)   (ps)       (x,   y) 
-------------------------------------------------------------------------------------------
(clock sys_clk)            launch                                          0 R             
rx_inst
  uart_rx_inst
    rx_done_o_reg/clk                                        0    +0       0 R             
    rx_done_o_reg/q   (u)  unmapped_d_flop         2  8.4    0  +971     971 R             
    g913/in_0                                                     +0     971               
    g913/z            (u)  unmapped_complex2       1  4.2    0  +174    1144 R             
    pow_opt_RC_CG_HIER_INST20/enable 
      g2/in_0                                                     +0    1144               
      g2/z            (u)  unmapped_or2            1  4.2    0  +174    1318 R             
      enl_reg/d            unmapped_latch                         +0    1318               
- - - - - - - - - - - - - - - - - - - - - - - - - - - - - - - - - - - - - - - - - - - - - -
(clock sys_clk)            open                                        41665 F             
                           uncertainty                         -2000   39665 F             
      enl_reg/ena          borrowed                               +0   39665               
-------------------------------------------------------------------------------------------
Cost Group   : 'cg_enable_group_sys_clk' (path_group 'cg_enable_group_sys_clk')
Timing slack :   38347ps 
Start-point  : rx_inst/uart_rx_inst/rx_done_o_reg/clk
End-point    : rx_inst/uart_rx_inst/pow_opt_RC_CG_HIER_INST20/enl_reg/d

(u) : Net has unmapped pin(s).

path  40:

        Pin                    Type        Fanout Load Slew Delay Arrival   Location    
                              (Domain)            (fF) (ps)  (ps)   (ps)       (x,   y) 
----------------------------------------------------------------------------------------
(clock sys_clk)            launch                                   41665 F             
rx_inst
  uart_rx_inst
    pow_opt_RC_CG_HIER_INST20
      enl_reg/ena                                         0    +0   41665 R             
      enl_reg/q       (u)  unmapped_latch       1  4.2    0 +1044   42709 R             
      g9/in_1         (b)  unmapped_and2                       +0   42709 R             
(clk_gating_check_59)      ext delay                           +0   42709 R             
- - - - - - - - - - - - - - - - - - - - - - - - - - - - - - - - - - - - - - - - - - - - 
(clock sys_clk)            capture                                  83330 R             
                           uncertainty                      -2000   81330 R             
----------------------------------------------------------------------------------------
Cost Group   : 'sys_clk' (path_group 'sys_clk')
Timing slack :   38621ps 
Start-point  : rx_inst/uart_rx_inst/pow_opt_RC_CG_HIER_INST20/enl_reg/ena
End-point    : rx_inst/uart_rx_inst/pow_opt_RC_CG_HIER_INST20/g9/in_1

(u) : Net has unmapped pin(s).
(b) : Timing paths are broken.

path  41:

        Pin                    Type        Fanout Load Slew Delay Arrival   Location    
                              (Domain)            (fF) (ps)  (ps)   (ps)       (x,   y) 
----------------------------------------------------------------------------------------
(clock sys_clk)            launch                                   41665 F             
rx_inst
  fifo_inst
    write_pointer_inst
      pow_opt_RC_CG_HIER_INST19
        enl_reg/ena                                       0    +0   41665 R             
        enl_reg/q     (u)  unmapped_latch       1  4.2    0 +1044   42709 R             
        g9/in_1       (b)  unmapped_and2                       +0   42709 R             
(clk_gating_check_63)      ext delay                           +0   42709 R             
- - - - - - - - - - - - - - - - - - - - - - - - - - - - - - - - - - - - - - - - - - - - 
(clock sys_clk)            capture                                  83330 R             
                           uncertainty                      -2000   81330 R             
----------------------------------------------------------------------------------------
Cost Group   : 'sys_clk' (path_group 'sys_clk')
Timing slack :   38621ps 
Start-point  : rx_inst/fifo_inst/write_pointer_inst/pow_opt_RC_CG_HIER_INST19/enl_reg/ena
End-point    : rx_inst/fifo_inst/write_pointer_inst/pow_opt_RC_CG_HIER_INST19/g9/in_1

(u) : Net has unmapped pin(s).
(b) : Timing paths are broken.

path  42:

        Pin                    Type        Fanout Load Slew Delay Arrival   Location    
                              (Domain)            (fF) (ps)  (ps)   (ps)       (x,   y) 
----------------------------------------------------------------------------------------
(clock sys_clk)            launch                                   41665 F             
tx_inst
  fifo_inst
    write_pointer_inst
      pow_opt_RC_CG_HIER_INST19
        enl_reg/ena                                       0    +0   41665 R             
        enl_reg/q     (u)  unmapped_latch       1  4.2    0 +1044   42709 R             
        g9/in_1       (b)  unmapped_and2                       +0   42709 R             
(clk_gating_check_85)      ext delay                           +0   42709 R             
- - - - - - - - - - - - - - - - - - - - - - - - - - - - - - - - - - - - - - - - - - - - 
(clock sys_clk)            capture                                  83330 R             
                           uncertainty                      -2000   81330 R             
----------------------------------------------------------------------------------------
Cost Group   : 'sys_clk' (path_group 'sys_clk')
Timing slack :   38621ps 
Start-point  : tx_inst/fifo_inst/write_pointer_inst/pow_opt_RC_CG_HIER_INST19/enl_reg/ena
End-point    : tx_inst/fifo_inst/write_pointer_inst/pow_opt_RC_CG_HIER_INST19/g9/in_1

(u) : Net has unmapped pin(s).
(b) : Timing paths are broken.

path  43:

        Pin                    Type        Fanout Load Slew Delay Arrival   Location    
                              (Domain)            (fF) (ps)  (ps)   (ps)       (x,   y) 
----------------------------------------------------------------------------------------
(clock sys_clk)            launch                                   41665 F             
rx_inst
  fifo_inst
    read_pointer_inst
      pow_opt_RC_CG_HIER_INST18
        enl_reg/ena                                       0    +0   41665 R             
        enl_reg/q     (u)  unmapped_latch       1  4.2    0 +1044   42709 R             
        g9/in_1       (b)  unmapped_and2                       +0   42709 R             
(clk_gating_check_73)      ext delay                           +0   42709 R             
- - - - - - - - - - - - - - - - - - - - - - - - - - - - - - - - - - - - - - - - - - - - 
(clock sys_clk)            capture                                  83330 R             
                           uncertainty                      -2000   81330 R             
----------------------------------------------------------------------------------------
Cost Group   : 'sys_clk' (path_group 'sys_clk')
Timing slack :   38621ps 
Start-point  : rx_inst/fifo_inst/read_pointer_inst/pow_opt_RC_CG_HIER_INST18/enl_reg/ena
End-point    : rx_inst/fifo_inst/read_pointer_inst/pow_opt_RC_CG_HIER_INST18/g9/in_1

(u) : Net has unmapped pin(s).
(b) : Timing paths are broken.

path  44:

        Pin                    Type        Fanout Load Slew Delay Arrival   Location    
                              (Domain)            (fF) (ps)  (ps)   (ps)       (x,   y) 
----------------------------------------------------------------------------------------
(clock sys_clk)            launch                                   41665 F             
tx_inst
  fifo_inst
    read_pointer_inst
      pow_opt_RC_CG_HIER_INST18
        enl_reg/ena                                       0    +0   41665 R             
        enl_reg/q     (u)  unmapped_latch       1  4.2    0 +1044   42709 R             
        g9/in_1       (b)  unmapped_and2                       +0   42709 R             
(clk_gating_check_92)      ext delay                           +0   42709 R             
- - - - - - - - - - - - - - - - - - - - - - - - - - - - - - - - - - - - - - - - - - - - 
(clock sys_clk)            capture                                  83330 R             
                           uncertainty                      -2000   81330 R             
----------------------------------------------------------------------------------------
Cost Group   : 'sys_clk' (path_group 'sys_clk')
Timing slack :   38621ps 
Start-point  : tx_inst/fifo_inst/read_pointer_inst/pow_opt_RC_CG_HIER_INST18/enl_reg/ena
End-point    : tx_inst/fifo_inst/read_pointer_inst/pow_opt_RC_CG_HIER_INST18/g9/in_1

(u) : Net has unmapped pin(s).
(b) : Timing paths are broken.

path  45:

        Pin                    Type        Fanout Load Slew Delay Arrival   Location    
                              (Domain)            (fF) (ps)  (ps)   (ps)       (x,   y) 
----------------------------------------------------------------------------------------
(clock sys_clk)            launch                                   41665 F             
rx_inst
  fifo_inst
    memory_inst
      pow_opt_RC_CG_HIER_INST17
        enl_reg/ena                                       0    +0   41665 R             
        enl_reg/q     (u)  unmapped_latch       1  4.2    0 +1044   42709 R             
        g9/in_1       (b)  unmapped_and2                       +0   42709 R             
(clk_gating_check_75)      ext delay                           +0   42709 R             
- - - - - - - - - - - - - - - - - - - - - - - - - - - - - - - - - - - - - - - - - - - - 
(clock sys_clk)            capture                                  83330 R             
                           uncertainty                      -2000   81330 R             
----------------------------------------------------------------------------------------
Cost Group   : 'sys_clk' (path_group 'sys_clk')
Timing slack :   38621ps 
Start-point  : rx_inst/fifo_inst/memory_inst/pow_opt_RC_CG_HIER_INST17/enl_reg/ena
End-point    : rx_inst/fifo_inst/memory_inst/pow_opt_RC_CG_HIER_INST17/g9/in_1

(u) : Net has unmapped pin(s).
(b) : Timing paths are broken.

path  46:

        Pin                    Type        Fanout Load Slew Delay Arrival   Location    
                              (Domain)            (fF) (ps)  (ps)   (ps)       (x,   y) 
----------------------------------------------------------------------------------------
(clock sys_clk)            launch                                   41665 F             
tx_inst
  fifo_inst
    memory_inst
      pow_opt_RC_CG_HIER_INST17
        enl_reg/ena                                       0    +0   41665 R             
        enl_reg/q     (u)  unmapped_latch       1  4.2    0 +1044   42709 R             
        g9/in_1       (b)  unmapped_and2                       +0   42709 R             
(clk_gating_check_91)      ext delay                           +0   42709 R             
- - - - - - - - - - - - - - - - - - - - - - - - - - - - - - - - - - - - - - - - - - - - 
(clock sys_clk)            capture                                  83330 R             
                           uncertainty                      -2000   81330 R             
----------------------------------------------------------------------------------------
Cost Group   : 'sys_clk' (path_group 'sys_clk')
Timing slack :   38621ps 
Start-point  : tx_inst/fifo_inst/memory_inst/pow_opt_RC_CG_HIER_INST17/enl_reg/ena
End-point    : tx_inst/fifo_inst/memory_inst/pow_opt_RC_CG_HIER_INST17/g9/in_1

(u) : Net has unmapped pin(s).
(b) : Timing paths are broken.

path  47:

        Pin                    Type        Fanout Load Slew Delay Arrival   Location    
                              (Domain)            (fF) (ps)  (ps)   (ps)       (x,   y) 
----------------------------------------------------------------------------------------
(clock sys_clk)            launch                                   41665 F             
rx_inst
  fifo_inst
    memory_inst
      pow_opt_RC_CG_HIER_INST16
        enl_reg/ena                                       0    +0   41665 R             
        enl_reg/q     (u)  unmapped_latch       1  4.2    0 +1044   42709 R             
        g9/in_1       (b)  unmapped_and2                       +0   42709 R             
(clk_gating_check_88)      ext delay                           +0   42709 R             
- - - - - - - - - - - - - - - - - - - - - - - - - - - - - - - - - - - - - - - - - - - - 
(clock sys_clk)            capture                                  83330 R             
                           uncertainty                      -2000   81330 R             
----------------------------------------------------------------------------------------
Cost Group   : 'sys_clk' (path_group 'sys_clk')
Timing slack :   38621ps 
Start-point  : rx_inst/fifo_inst/memory_inst/pow_opt_RC_CG_HIER_INST16/enl_reg/ena
End-point    : rx_inst/fifo_inst/memory_inst/pow_opt_RC_CG_HIER_INST16/g9/in_1

(u) : Net has unmapped pin(s).
(b) : Timing paths are broken.

path  48:

        Pin                    Type        Fanout Load Slew Delay Arrival   Location    
                              (Domain)            (fF) (ps)  (ps)   (ps)       (x,   y) 
----------------------------------------------------------------------------------------
(clock sys_clk)            launch                                   41665 F             
tx_inst
  fifo_inst
    memory_inst
      pow_opt_RC_CG_HIER_INST16
        enl_reg/ena                                       0    +0   41665 R             
        enl_reg/q     (u)  unmapped_latch       1  4.2    0 +1044   42709 R             
        g9/in_1       (b)  unmapped_and2                       +0   42709 R             
(clk_gating_check_96)      ext delay                           +0   42709 R             
- - - - - - - - - - - - - - - - - - - - - - - - - - - - - - - - - - - - - - - - - - - - 
(clock sys_clk)            capture                                  83330 R             
                           uncertainty                      -2000   81330 R             
----------------------------------------------------------------------------------------
Cost Group   : 'sys_clk' (path_group 'sys_clk')
Timing slack :   38621ps 
Start-point  : tx_inst/fifo_inst/memory_inst/pow_opt_RC_CG_HIER_INST16/enl_reg/ena
End-point    : tx_inst/fifo_inst/memory_inst/pow_opt_RC_CG_HIER_INST16/g9/in_1

(u) : Net has unmapped pin(s).
(b) : Timing paths are broken.

path  49:

        Pin                    Type        Fanout Load Slew Delay Arrival   Location    
                              (Domain)            (fF) (ps)  (ps)   (ps)       (x,   y) 
----------------------------------------------------------------------------------------
(clock sys_clk)            launch                                   41665 F             
rx_inst
  fifo_inst
    memory_inst
      pow_opt_RC_CG_HIER_INST15
        enl_reg/ena                                       0    +0   41665 R             
        enl_reg/q     (u)  unmapped_latch       1  4.2    0 +1044   42709 R             
        g9/in_1       (b)  unmapped_and2                       +0   42709 R             
(clk_gating_check_74)      ext delay                           +0   42709 R             
- - - - - - - - - - - - - - - - - - - - - - - - - - - - - - - - - - - - - - - - - - - - 
(clock sys_clk)            capture                                  83330 R             
                           uncertainty                      -2000   81330 R             
----------------------------------------------------------------------------------------
Cost Group   : 'sys_clk' (path_group 'sys_clk')
Timing slack :   38621ps 
Start-point  : rx_inst/fifo_inst/memory_inst/pow_opt_RC_CG_HIER_INST15/enl_reg/ena
End-point    : rx_inst/fifo_inst/memory_inst/pow_opt_RC_CG_HIER_INST15/g9/in_1

(u) : Net has unmapped pin(s).
(b) : Timing paths are broken.

path  50:

        Pin                    Type        Fanout Load Slew Delay Arrival   Location    
                              (Domain)            (fF) (ps)  (ps)   (ps)       (x,   y) 
----------------------------------------------------------------------------------------
(clock sys_clk)            launch                                   41665 F             
tx_inst
  fifo_inst
    memory_inst
      pow_opt_RC_CG_HIER_INST15
        enl_reg/ena                                       0    +0   41665 R             
        enl_reg/q     (u)  unmapped_latch       1  4.2    0 +1044   42709 R             
        g9/in_1       (b)  unmapped_and2                       +0   42709 R             
(clk_gating_check_89)      ext delay                           +0   42709 R             
- - - - - - - - - - - - - - - - - - - - - - - - - - - - - - - - - - - - - - - - - - - - 
(clock sys_clk)            capture                                  83330 R             
                           uncertainty                      -2000   81330 R             
----------------------------------------------------------------------------------------
Cost Group   : 'sys_clk' (path_group 'sys_clk')
Timing slack :   38621ps 
Start-point  : tx_inst/fifo_inst/memory_inst/pow_opt_RC_CG_HIER_INST15/enl_reg/ena
End-point    : tx_inst/fifo_inst/memory_inst/pow_opt_RC_CG_HIER_INST15/g9/in_1

(u) : Net has unmapped pin(s).
(b) : Timing paths are broken.

