============================================================
  Generated by:           Genus(TM) Synthesis Solution 23.10-p004_1
  Generated on:           May 13 2026  04:15:07 pm
  Module:                 uart_top
  Library domain:         slow
    Domain index:         0
    Technology libraries: sky130_ss_1.62_125_LP 1.0
                          physical_cells 
  Library domain:         fast
    Domain index:         1
    Technology libraries: sky130_ff_1.98_0_LP 1.0
                          physical_cells 
  Library domain:         typ
    Domain index:         2
    Technology libraries: sky130_tt_1.8_25 1.0
                          physical_cells 
  Operating conditions:   ss_1.62_125 
  Operating conditions:   ff_1.98_0 
  Operating conditions:   tt_1.8_25 
  Interconnect mode:      global
  Area mode:              physical library
============================================================

path   1:

            Pin                     Type          Fanout Load Slew  Delay Arrival   Location    
                                   (Domain)              (fF) (ps)  (ps)    (ps)       (x,   y) 
------------------------------------------------------------------------------------------------
(clock sys_clk)                launch                                           0 R             
(constraint.sdc_line_15_3_1)   ext delay                           +33000   33000 R             
tx_wr_en                       in port                 1  9.6  147    +95   33095 R             
tx_inst/wr_en 
  fifo_inst/wr_en 
    write_pointer_inst/wr_en 
      g58/A                                                            +0   33096               
      g58/Y                    INVX1_LP(slow)          1 11.2  152   +199   33294 F             
      g64__8428/B                                                      +0   33294               
      g64__8428/Y              NOR2X2_LP(slow)         7 48.3 1291  +1050   34345 R             
    write_pointer_inst/can_write 
    memory_inst/can_write 
      g1027__3680/B                                                    +0   34345               
      g1027__3680/Y            NAND2X2_LP(slow)        5 40.3  626   +837   35181 F             
      g1026/A                                                          +0   35181               
      g1026/Y                  CLKINVX1_LP(slow)       1  9.7  229   +348   35529 R             
      g1025__6783/B                                                    +0   35530               
      g1025__6783/Y            NAND2X1_LP(slow)        4 33.2  791   +718   36248 F             
      g2866__4733/C                                                    +0   36248               
      g2866__4733/Y            NOR3X2_LP(slow)         1  9.5  565   +727   36975 R             
      pow_opt_RC_CG_HIER_INST16/enable 
        g11__1881/B                                                    +0   36975               
        g11__1881/Y            OR2X1_LP(slow)          1  9.4  273   +457   37432 R             
        enl_reg/D              TLATX1_LP(slow)                         +0   37432               
- - - - - - - - - - - - - - - - - - - - - - - - - - - - - - - - - - - - - - - - - - - - - - - - 
(clock sys_clk)                open                                         41665 F             
                               uncertainty                          -2000   39665 F             
        enl_reg/G              borrowed                                +0   39665               
------------------------------------------------------------------------------------------------
Cost Group   : 'cg_enable_group_sys_clk' (path_group 'cg_enable_group_sys_clk')
Timing slack :    2233ps 
Start-point  : tx_wr_en
End-point    : tx_inst/fifo_inst/memory_inst/pow_opt_RC_CG_HIER_INST16/enl_reg/D

path   2:

            Pin                     Type          Fanout Load Slew  Delay Arrival   Location    
                                   (Domain)              (fF) (ps)  (ps)    (ps)       (x,   y) 
------------------------------------------------------------------------------------------------
(clock sys_clk)                launch                                           0 R             
(constraint.sdc_line_15_3_1)   ext delay                           +33000   33000 R             
tx_wr_en                       in port                 1  9.6  147    +95   33095 R             
tx_inst/wr_en 
  fifo_inst/wr_en 
    write_pointer_inst/wr_en 
      g58/A                                                            +0   33096               
      g58/Y                    INVX1_LP(slow)          1 11.2  152   +199   33294 F             
      g64__8428/B                                                      +0   33294               
      g64__8428/Y              NOR2X2_LP(slow)         7 48.3 1291  +1050   34345 R             
    write_pointer_inst/can_write 
    memory_inst/can_write 
      g1027__3680/B                                                    +0   34345               
      g1027__3680/Y            NAND2X2_LP(slow)        5 40.3  626   +837   35181 F             
      g1026/A                                                          +0   35181               
      g1026/Y                  CLKINVX1_LP(slow)       1  9.7  229   +348   35529 R             
      g1025__6783/B                                                    +0   35530               
      g1025__6783/Y            NAND2X1_LP(slow)        4 33.2  791   +718   36248 F             
      g2863__5115/C                                                    +0   36248               
      g2863__5115/Y            NOR3X2_LP(slow)         1  9.5  565   +727   36975 R             
      pow_opt_RC_CG_HIER_INST14/enable 
        g11__5122/B                                                    +0   36975               
        g11__5122/Y            OR2X1_LP(slow)          1  9.4  273   +457   37432 R             
        enl_reg/D              TLATX1_LP(slow)                         +0   37432               
- - - - - - - - - - - - - - - - - - - - - - - - - - - - - - - - - - - - - - - - - - - - - - - - 
(clock sys_clk)                open                                         41665 F             
                               uncertainty                          -2000   39665 F             
        enl_reg/G              borrowed                                +0   39665               
------------------------------------------------------------------------------------------------
Cost Group   : 'cg_enable_group_sys_clk' (path_group 'cg_enable_group_sys_clk')
Timing slack :    2233ps 
Start-point  : tx_wr_en
End-point    : tx_inst/fifo_inst/memory_inst/pow_opt_RC_CG_HIER_INST14/enl_reg/D

path   3:

            Pin                     Type          Fanout Load Slew  Delay Arrival   Location    
                                   (Domain)              (fF) (ps)  (ps)    (ps)       (x,   y) 
------------------------------------------------------------------------------------------------
(clock sys_clk)                launch                                           0 R             
(constraint.sdc_line_15_3_1)   ext delay                           +33000   33000 R             
tx_wr_en                       in port                 1  9.6  147    +95   33095 R             
tx_inst/wr_en 
  fifo_inst/wr_en 
    write_pointer_inst/wr_en 
      g58/A                                                            +0   33096               
      g58/Y                    INVX1_LP(slow)          1 11.2  152   +199   33294 F             
      g64__8428/B                                                      +0   33294               
      g64__8428/Y              NOR2X2_LP(slow)         7 48.3 1291  +1050   34345 R             
    write_pointer_inst/can_write 
    memory_inst/can_write 
      g1027__3680/B                                                    +0   34345               
      g1027__3680/Y            NAND2X2_LP(slow)        5 40.3  626   +837   35181 F             
      g1026/A                                                          +0   35181               
      g1026/Y                  CLKINVX1_LP(slow)       1  9.7  229   +348   35529 R             
      g1025__6783/B                                                    +0   35530               
      g1025__6783/Y            NAND2X1_LP(slow)        4 33.2  791   +718   36248 F             
      g2860__6131/C                                                    +0   36248               
      g2860__6131/Y            NOR3X2_LP(slow)         1  9.5  565   +727   36975 R             
      pow_opt_RC_CG_HIER_INST12/enable 
        g11__3680/B                                                    +0   36975               
        g11__3680/Y            OR2X1_LP(slow)          1  9.4  273   +457   37432 R             
        enl_reg/D              TLATX1_LP(slow)                         +0   37432               
- - - - - - - - - - - - - - - - - - - - - - - - - - - - - - - - - - - - - - - - - - - - - - - - 
(clock sys_clk)                open                                         41665 F             
                               uncertainty                          -2000   39665 F             
        enl_reg/G              borrowed                                +0   39665               
------------------------------------------------------------------------------------------------
Cost Group   : 'cg_enable_group_sys_clk' (path_group 'cg_enable_group_sys_clk')
Timing slack :    2233ps 
Start-point  : tx_wr_en
End-point    : tx_inst/fifo_inst/memory_inst/pow_opt_RC_CG_HIER_INST12/enl_reg/D

path   4:

            Pin                     Type          Fanout Load Slew  Delay Arrival   Location    
                                   (Domain)              (fF) (ps)  (ps)    (ps)       (x,   y) 
------------------------------------------------------------------------------------------------
(clock sys_clk)                launch                                           0 R             
(constraint.sdc_line_15_3_1)   ext delay                           +33000   33000 R             
tx_wr_en                       in port                 1  9.6  147    +95   33095 R             
tx_inst/wr_en 
  fifo_inst/wr_en 
    write_pointer_inst/wr_en 
      g58/A                                                            +0   33096               
      g58/Y                    INVX1_LP(slow)          1 11.2  152   +199   33294 F             
      g64__8428/B                                                      +0   33294               
      g64__8428/Y              NOR2X2_LP(slow)         7 48.3 1291  +1050   34345 R             
    write_pointer_inst/can_write 
    memory_inst/can_write 
      g1027__3680/B                                                    +0   34345               
      g1027__3680/Y            NAND2X2_LP(slow)        5 40.3  626   +837   35181 F             
      g1026/A                                                          +0   35181               
      g1026/Y                  CLKINVX1_LP(slow)       1  9.7  229   +348   35529 R             
      g1025__6783/B                                                    +0   35530               
      g1025__6783/Y            NAND2X1_LP(slow)        4 33.2  791   +718   36248 F             
      g1024__5526/B                                                    +0   36248               
      g1024__5526/Y            NOR2X2_LP(slow)         1  9.5  422   +601   36849 R             
      pow_opt_RC_CG_HIER_INST10/enable 
        g11__4319/B                                                    +0   36849               
        g11__4319/Y            OR2X1_LP(slow)          1  9.4  272   +425   37274 R             
        enl_reg/D              TLATX1_LP(slow)                         +0   37274               
- - - - - - - - - - - - - - - - - - - - - - - - - - - - - - - - - - - - - - - - - - - - - - - - 
(clock sys_clk)                open                                         41665 F             
                               uncertainty                          -2000   39665 F             
        enl_reg/G              borrowed                                +0   39665               
------------------------------------------------------------------------------------------------
Cost Group   : 'cg_enable_group_sys_clk' (path_group 'cg_enable_group_sys_clk')
Timing slack :    2391ps 
Start-point  : tx_wr_en
End-point    : tx_inst/fifo_inst/memory_inst/pow_opt_RC_CG_HIER_INST10/enl_reg/D

path   5:

            Pin                     Type         Fanout Load Slew  Delay Arrival   Location    
                                   (Domain)             (fF) (ps)  (ps)    (ps)       (x,   y) 
-----------------------------------------------------------------------------------------------
(clock sys_clk)                launch                                          0 R             
(constraint.sdc_line_15_3_1)   ext delay                          +33000   33000 R             
tx_wr_en                       in port                1  9.6  147    +95   33095 R             
tx_inst/wr_en 
  fifo_inst/wr_en 
    write_pointer_inst/wr_en 
      g58/A                                                           +0   33096               
      g58/Y                    INVX1_LP(slow)         1 11.2  152   +199   33294 F             
      g64__8428/B                                                     +0   33294               
      g64__8428/Y              NOR2X2_LP(slow)        7 48.3 1291  +1050   34345 R             
    write_pointer_inst/can_write 
    memory_inst/can_write 
      g1031__7410/C                                                   +0   34345               
      g1031__7410/Y            NAND3X1_LP(slow)       4 32.9 1264  +1492   35836 F             
      g1039__8428/B                                                   +0   35836               
      g1039__8428/Y            NOR2X2_LP(slow)        1  9.5  514   +740   36577 R             
      pow_opt_RC_CG_HIER_INST9/enable 
        g11__5107/B                                                   +0   36577               
        g11__5107/Y            OR2X1_LP(slow)         1  9.4  272   +446   37022 R             
        enl_reg/D              TLATX1_LP(slow)                        +0   37023               
- - - - - - - - - - - - - - - - - - - - - - - - - - - - - - - - - - - - - - - - - - - - - - - -
(clock sys_clk)                open                                        41665 F             
                               uncertainty                         -2000   39665 F             
        enl_reg/G              borrowed                               +0   39665               
-----------------------------------------------------------------------------------------------
Cost Group   : 'cg_enable_group_sys_clk' (path_group 'cg_enable_group_sys_clk')
Timing slack :    2642ps 
Start-point  : tx_wr_en
End-point    : tx_inst/fifo_inst/memory_inst/pow_opt_RC_CG_HIER_INST9/enl_reg/D

path   6:

            Pin                     Type         Fanout Load Slew  Delay Arrival   Location    
                                   (Domain)             (fF) (ps)  (ps)    (ps)       (x,   y) 
-----------------------------------------------------------------------------------------------
(clock sys_clk)                launch                                          0 R             
(constraint.sdc_line_15_3_1)   ext delay                          +33000   33000 R             
tx_wr_en                       in port                1  9.6  147    +95   33095 R             
tx_inst/wr_en 
  fifo_inst/wr_en 
    write_pointer_inst/wr_en 
      g58/A                                                           +0   33096               
      g58/Y                    INVX1_LP(slow)         1 11.2  152   +199   33294 F             
      g64__8428/B                                                     +0   33294               
      g64__8428/Y              NOR2X2_LP(slow)        7 48.3 1291  +1050   34345 R             
    write_pointer_inst/can_write 
    memory_inst/can_write 
      g1031__7410/C                                                   +0   34345               
      g1031__7410/Y            NAND3X1_LP(slow)       4 32.9 1264  +1492   35836 F             
      g1038__4319/B                                                   +0   35836               
      g1038__4319/Y            NOR2X2_LP(slow)        1  9.5  514   +740   36577 R             
      pow_opt_RC_CG_HIER_INST8/enable 
        g11__5477/B                                                   +0   36577               
        g11__5477/Y            OR2X1_LP(slow)         1  9.4  272   +446   37022 R             
        enl_reg/D              TLATX1_LP(slow)                        +0   37023               
- - - - - - - - - - - - - - - - - - - - - - - - - - - - - - - - - - - - - - - - - - - - - - - -
(clock sys_clk)                open                                        41665 F             
                               uncertainty                         -2000   39665 F             
        enl_reg/G              borrowed                               +0   39665               
-----------------------------------------------------------------------------------------------
Cost Group   : 'cg_enable_group_sys_clk' (path_group 'cg_enable_group_sys_clk')
Timing slack :    2642ps 
Start-point  : tx_wr_en
End-point    : tx_inst/fifo_inst/memory_inst/pow_opt_RC_CG_HIER_INST8/enl_reg/D

path   7:

            Pin                     Type         Fanout Load Slew  Delay Arrival   Location    
                                   (Domain)             (fF) (ps)  (ps)    (ps)       (x,   y) 
-----------------------------------------------------------------------------------------------
(clock sys_clk)                launch                                          0 R             
(constraint.sdc_line_15_3_1)   ext delay                          +33000   33000 R             
tx_wr_en                       in port                1  9.6  147    +95   33095 R             
tx_inst/wr_en 
  fifo_inst/wr_en 
    write_pointer_inst/wr_en 
      g58/A                                                           +0   33096               
      g58/Y                    INVX1_LP(slow)         1 11.2  152   +199   33294 F             
      g64__8428/B                                                     +0   33294               
      g64__8428/Y              NOR2X2_LP(slow)        7 48.3 1291  +1050   34345 R             
    write_pointer_inst/can_write 
    memory_inst/can_write 
      g1018__9315/C                                                   +0   34345               
      g1018__9315/Y            NAND3X1_LP(slow)       4 32.9 1264  +1492   35836 F             
      g1036__5107/B                                                   +0   35836               
      g1036__5107/Y            NOR2X2_LP(slow)        1  9.5  514   +740   36577 R             
      pow_opt_RC_CG_HIER_INST7/enable 
        g11__7410/B                                                   +0   36577               
        g11__7410/Y            OR2X1_LP(slow)         1  9.4  272   +446   37022 R             
        enl_reg/D              TLATX1_LP(slow)                        +0   37023               
- - - - - - - - - - - - - - - - - - - - - - - - - - - - - - - - - - - - - - - - - - - - - - - -
(clock sys_clk)                open                                        41665 F             
                               uncertainty                         -2000   39665 F             
        enl_reg/G              borrowed                               +0   39665               
-----------------------------------------------------------------------------------------------
Cost Group   : 'cg_enable_group_sys_clk' (path_group 'cg_enable_group_sys_clk')
Timing slack :    2642ps 
Start-point  : tx_wr_en
End-point    : tx_inst/fifo_inst/memory_inst/pow_opt_RC_CG_HIER_INST7/enl_reg/D

path   8:

            Pin                     Type         Fanout Load Slew  Delay Arrival   Location    
                                   (Domain)             (fF) (ps)  (ps)    (ps)       (x,   y) 
-----------------------------------------------------------------------------------------------
(clock sys_clk)                launch                                          0 R             
(constraint.sdc_line_15_3_1)   ext delay                          +33000   33000 R             
tx_wr_en                       in port                1  9.6  147    +95   33095 R             
tx_inst/wr_en 
  fifo_inst/wr_en 
    write_pointer_inst/wr_en 
      g58/A                                                           +0   33096               
      g58/Y                    INVX1_LP(slow)         1 11.2  152   +199   33294 F             
      g64__8428/B                                                     +0   33294               
      g64__8428/Y              NOR2X2_LP(slow)        7 48.3 1291  +1050   34345 R             
    write_pointer_inst/can_write 
    memory_inst/can_write 
      g1018__9315/C                                                   +0   34345               
      g1018__9315/Y            NAND3X1_LP(slow)       4 32.9 1264  +1492   35836 F             
      g1016__5477/B                                                   +0   35836               
      g1016__5477/Y            NOR2X2_LP(slow)        1  9.5  514   +740   36577 R             
      pow_opt_RC_CG_HIER_INST6/enable 
        g11__2346/B                                                   +0   36577               
        g11__2346/Y            OR2X1_LP(slow)         1  9.4  272   +446   37022 R             
        enl_reg/D              TLATX1_LP(slow)                        +0   37023               
- - - - - - - - - - - - - - - - - - - - - - - - - - - - - - - - - - - - - - - - - - - - - - - -
(clock sys_clk)                open                                        41665 F             
                               uncertainty                         -2000   39665 F             
        enl_reg/G              borrowed                               +0   39665               
-----------------------------------------------------------------------------------------------
Cost Group   : 'cg_enable_group_sys_clk' (path_group 'cg_enable_group_sys_clk')
Timing slack :    2642ps 
Start-point  : tx_wr_en
End-point    : tx_inst/fifo_inst/memory_inst/pow_opt_RC_CG_HIER_INST6/enl_reg/D

path   9:

            Pin                     Type         Fanout Load Slew  Delay Arrival   Location    
                                   (Domain)             (fF) (ps)  (ps)    (ps)       (x,   y) 
-----------------------------------------------------------------------------------------------
(clock sys_clk)                launch                                          0 R             
(constraint.sdc_line_15_3_1)   ext delay                          +33000   33000 R             
tx_wr_en                       in port                1  9.6  147    +95   33095 R             
tx_inst/wr_en 
  fifo_inst/wr_en 
    write_pointer_inst/wr_en 
      g58/A                                                           +0   33096               
      g58/Y                    INVX1_LP(slow)         1 11.2  152   +199   33294 F             
      g64__8428/B                                                     +0   33294               
      g64__8428/Y              NOR2X2_LP(slow)        7 48.3 1291  +1050   34345 R             
    write_pointer_inst/can_write 
    memory_inst/can_write 
      g1031__7410/C                                                   +0   34345               
      g1031__7410/Y            NAND3X1_LP(slow)       4 32.9 1264  +1492   35836 F             
      g1033__6417/B                                                   +0   35836               
      g1033__6417/Y            NOR2X2_LP(slow)        1  9.5  514   +740   36577 R             
      pow_opt_RC_CG_HIER_INST5/enable 
        g11__9945/B                                                   +0   36577               
        g11__9945/Y            OR2X1_LP(slow)         1  9.4  272   +446   37022 R             
        enl_reg/D              TLATX1_LP(slow)                        +0   37023               
- - - - - - - - - - - - - - - - - - - - - - - - - - - - - - - - - - - - - - - - - - - - - - - -
(clock sys_clk)                open                                        41665 F             
                               uncertainty                         -2000   39665 F             
        enl_reg/G              borrowed                               +0   39665               
-----------------------------------------------------------------------------------------------
Cost Group   : 'cg_enable_group_sys_clk' (path_group 'cg_enable_group_sys_clk')
Timing slack :    2642ps 
Start-point  : tx_wr_en
End-point    : tx_inst/fifo_inst/memory_inst/pow_opt_RC_CG_HIER_INST5/enl_reg/D

path  10:

            Pin                     Type         Fanout Load Slew  Delay Arrival   Location    
                                   (Domain)             (fF) (ps)  (ps)    (ps)       (x,   y) 
-----------------------------------------------------------------------------------------------
(clock sys_clk)                launch                                          0 R             
(constraint.sdc_line_15_3_1)   ext delay                          +33000   33000 R             
tx_wr_en                       in port                1  9.6  147    +95   33095 R             
tx_inst/wr_en 
  fifo_inst/wr_en 
    write_pointer_inst/wr_en 
      g58/A                                                           +0   33096               
      g58/Y                    INVX1_LP(slow)         1 11.2  152   +199   33294 F             
      g64__8428/B                                                     +0   33294               
      g64__8428/Y              NOR2X2_LP(slow)        7 48.3 1291  +1050   34345 R             
    write_pointer_inst/can_write 
    memory_inst/can_write 
      g1031__7410/C                                                   +0   34345               
      g1031__7410/Y            NAND3X1_LP(slow)       4 32.9 1264  +1492   35836 F             
      g1030__1666/B                                                   +0   35836               
      g1030__1666/Y            NOR2X2_LP(slow)        1  9.5  514   +740   36577 R             
      pow_opt_RC_CG_HIER_INST4/enable 
        g11__6161/B                                                   +0   36577               
        g11__6161/Y            OR2X1_LP(slow)         1  9.4  272   +446   37022 R             
        enl_reg/D              TLATX1_LP(slow)                        +0   37023               
- - - - - - - - - - - - - - - - - - - - - - - - - - - - - - - - - - - - - - - - - - - - - - - -
(clock sys_clk)                open                                        41665 F             
                               uncertainty                         -2000   39665 F             
        enl_reg/G              borrowed                               +0   39665               
-----------------------------------------------------------------------------------------------
Cost Group   : 'cg_enable_group_sys_clk' (path_group 'cg_enable_group_sys_clk')
Timing slack :    2642ps 
Start-point  : tx_wr_en
End-point    : tx_inst/fifo_inst/memory_inst/pow_opt_RC_CG_HIER_INST4/enl_reg/D

path  11:

            Pin                     Type         Fanout Load Slew  Delay Arrival   Location    
                                   (Domain)             (fF) (ps)  (ps)    (ps)       (x,   y) 
-----------------------------------------------------------------------------------------------
(clock sys_clk)                launch                                          0 R             
(constraint.sdc_line_15_3_1)   ext delay                          +33000   33000 R             
tx_wr_en                       in port                1  9.6  147    +95   33095 R             
tx_inst/wr_en 
  fifo_inst/wr_en 
    write_pointer_inst/wr_en 
      g58/A                                                           +0   33096               
      g58/Y                    INVX1_LP(slow)         1 11.2  152   +199   33294 F             
      g64__8428/B                                                     +0   33294               
      g64__8428/Y              NOR2X2_LP(slow)        7 48.3 1291  +1050   34345 R             
    write_pointer_inst/can_write 
    memory_inst/can_write 
      g1018__9315/C                                                   +0   34345               
      g1018__9315/Y            NAND3X1_LP(slow)       4 32.9 1264  +1492   35836 F             
      g1013__2883/B                                                   +0   35836               
      g1013__2883/Y            NOR2X2_LP(slow)        1  9.5  514   +740   36577 R             
      pow_opt_RC_CG_HIER_INST3/enable 
        g11__7482/B                                                   +0   36577               
        g11__7482/Y            OR2X1_LP(slow)         1  9.4  272   +446   37022 R             
        enl_reg/D              TLATX1_LP(slow)                        +0   37023               
- - - - - - - - - - - - - - - - - - - - - - - - - - - - - - - - - - - - - - - - - - - - - - - -
(clock sys_clk)                open                                        41665 F             
                               uncertainty                         -2000   39665 F             
        enl_reg/G              borrowed                               +0   39665               
-----------------------------------------------------------------------------------------------
Cost Group   : 'cg_enable_group_sys_clk' (path_group 'cg_enable_group_sys_clk')
Timing slack :    2642ps 
Start-point  : tx_wr_en
End-point    : tx_inst/fifo_inst/memory_inst/pow_opt_RC_CG_HIER_INST3/enl_reg/D

path  12:

            Pin                     Type         Fanout Load Slew  Delay Arrival   Location    
                                   (Domain)             (fF) (ps)  (ps)    (ps)       (x,   y) 
-----------------------------------------------------------------------------------------------
(clock sys_clk)                launch                                          0 R             
(constraint.sdc_line_15_3_1)   ext delay                          +33000   33000 R             
tx_wr_en                       in port                1  9.6  147    +95   33095 R             
tx_inst/wr_en 
  fifo_inst/wr_en 
    write_pointer_inst/wr_en 
      g58/A                                                           +0   33096               
      g58/Y                    INVX1_LP(slow)         1 11.2  152   +199   33294 F             
      g64__8428/B                                                     +0   33294               
      g64__8428/Y              NOR2X2_LP(slow)        7 48.3 1291  +1050   34345 R             
    write_pointer_inst/can_write 
    memory_inst/can_write 
      g1018__9315/C                                                   +0   34345               
      g1018__9315/Y            NAND3X1_LP(slow)       4 32.9 1264  +1492   35836 F             
      g1017__6161/B                                                   +0   35836               
      g1017__6161/Y            NOR2X2_LP(slow)        1  9.5  514   +740   36577 R             
      pow_opt_RC_CG_HIER_INST2/enable 
        g11__1881/B                                                   +0   36577               
        g11__1881/Y            OR2X1_LP(slow)         1  9.4  272   +446   37022 R             
        enl_reg/D              TLATX1_LP(slow)                        +0   37023               
- - - - - - - - - - - - - - - - - - - - - - - - - - - - - - - - - - - - - - - - - - - - - - - -
(clock sys_clk)                open                                        41665 F             
                               uncertainty                         -2000   39665 F             
        enl_reg/G              borrowed                               +0   39665               
-----------------------------------------------------------------------------------------------
Cost Group   : 'cg_enable_group_sys_clk' (path_group 'cg_enable_group_sys_clk')
Timing slack :    2642ps 
Start-point  : tx_wr_en
End-point    : tx_inst/fifo_inst/memory_inst/pow_opt_RC_CG_HIER_INST2/enl_reg/D

path  13:

            Pin                     Type         Fanout Load Slew  Delay Arrival   Location    
                                   (Domain)             (fF) (ps)  (ps)    (ps)       (x,   y) 
-----------------------------------------------------------------------------------------------
(clock sys_clk)                launch                                          0 R             
(constraint.sdc_line_15_3_1)   ext delay                          +33000   33000 R             
tx_wr_en                       in port                1  9.6  147    +95   33095 R             
tx_inst/wr_en 
  fifo_inst/wr_en 
    write_pointer_inst/wr_en 
      g58/A                                                           +0   33096               
      g58/Y                    INVX1_LP(slow)         1 11.2  152   +199   33294 F             
      g64__8428/B                                                     +0   33294               
      g64__8428/Y              NOR2X2_LP(slow)        7 48.3 1291  +1050   34345 R             
    write_pointer_inst/can_write 
    memory_inst/can_write 
      g1027__3680/B                                                   +0   34345               
      g1027__3680/Y            NAND2X2_LP(slow)       5 40.3  626   +837   35181 F             
      g2867__6161/C                                                   +0   35181               
      g2867__6161/Y            NOR3X2_LP(slow)        1  9.5  537   +651   35833 R             
      pow_opt_RC_CG_HIER_INST17/enable 
        g11__7482/B                                                   +0   35833               
        g11__7482/Y            OR2X1_LP(slow)         1  9.4  272   +451   36284 R             
        enl_reg/D              TLATX1_LP(slow)                        +0   36284               
- - - - - - - - - - - - - - - - - - - - - - - - - - - - - - - - - - - - - - - - - - - - - - - -
(clock sys_clk)                open                                        41665 F             
                               uncertainty                         -2000   39665 F             
        enl_reg/G              borrowed                               +0   39665               
-----------------------------------------------------------------------------------------------
Cost Group   : 'cg_enable_group_sys_clk' (path_group 'cg_enable_group_sys_clk')
Timing slack :    3381ps 
Start-point  : tx_wr_en
End-point    : tx_inst/fifo_inst/memory_inst/pow_opt_RC_CG_HIER_INST17/enl_reg/D

path  14:

            Pin                     Type         Fanout Load Slew  Delay Arrival   Location    
                                   (Domain)             (fF) (ps)  (ps)    (ps)       (x,   y) 
-----------------------------------------------------------------------------------------------
(clock sys_clk)                launch                                          0 R             
(constraint.sdc_line_15_3_1)   ext delay                          +33000   33000 R             
tx_wr_en                       in port                1  9.6  147    +95   33095 R             
tx_inst/wr_en 
  fifo_inst/wr_en 
    write_pointer_inst/wr_en 
      g58/A                                                           +0   33096               
      g58/Y                    INVX1_LP(slow)         1 11.2  152   +199   33294 F             
      g64__8428/B                                                     +0   33294               
      g64__8428/Y              NOR2X2_LP(slow)        7 48.3 1291  +1050   34345 R             
    write_pointer_inst/can_write 
    memory_inst/can_write 
      g1027__3680/B                                                   +0   34345               
      g1027__3680/Y            NAND2X2_LP(slow)       5 40.3  626   +837   35181 F             
      g2865__7482/C                                                   +0   35181               
      g2865__7482/Y            NOR3X2_LP(slow)        1  9.5  537   +651   35833 R             
      pow_opt_RC_CG_HIER_INST15/enable 
        g11__7098/B                                                   +0   35833               
        g11__7098/Y            OR2X1_LP(slow)         1  9.4  272   +451   36284 R             
        enl_reg/D              TLATX1_LP(slow)                        +0   36284               
- - - - - - - - - - - - - - - - - - - - - - - - - - - - - - - - - - - - - - - - - - - - - - - -
(clock sys_clk)                open                                        41665 F             
                               uncertainty                         -2000   39665 F             
        enl_reg/G              borrowed                               +0   39665               
-----------------------------------------------------------------------------------------------
Cost Group   : 'cg_enable_group_sys_clk' (path_group 'cg_enable_group_sys_clk')
Timing slack :    3381ps 
Start-point  : tx_wr_en
End-point    : tx_inst/fifo_inst/memory_inst/pow_opt_RC_CG_HIER_INST15/enl_reg/D

path  15:

            Pin                     Type         Fanout Load Slew  Delay Arrival   Location    
                                   (Domain)             (fF) (ps)  (ps)    (ps)       (x,   y) 
-----------------------------------------------------------------------------------------------
(clock sys_clk)                launch                                          0 R             
(constraint.sdc_line_15_3_1)   ext delay                          +33000   33000 R             
tx_wr_en                       in port                1  9.6  147    +95   33095 R             
tx_inst/wr_en 
  fifo_inst/wr_en 
    write_pointer_inst/wr_en 
      g58/A                                                           +0   33096               
      g58/Y                    INVX1_LP(slow)         1 11.2  152   +199   33294 F             
      g64__8428/B                                                     +0   33294               
      g64__8428/Y              NOR2X2_LP(slow)        7 48.3 1291  +1050   34345 R             
    write_pointer_inst/can_write 
    memory_inst/can_write 
      g1027__3680/B                                                   +0   34345               
      g1027__3680/Y            NAND2X2_LP(slow)       5 40.3  626   +837   35181 F             
      g2862__1881/C                                                   +0   35181               
      g2862__1881/Y            NOR3X2_LP(slow)        1  9.5  537   +651   35833 R             
      pow_opt_RC_CG_HIER_INST13/enable 
        g11__2802/B                                                   +0   35833               
        g11__2802/Y            OR2X1_LP(slow)         1  9.4  272   +451   36284 R             
        enl_reg/D              TLATX1_LP(slow)                        +0   36284               
- - - - - - - - - - - - - - - - - - - - - - - - - - - - - - - - - - - - - - - - - - - - - - - -
(clock sys_clk)                open                                        41665 F             
                               uncertainty                         -2000   39665 F             
        enl_reg/G              borrowed                               +0   39665               
-----------------------------------------------------------------------------------------------
Cost Group   : 'cg_enable_group_sys_clk' (path_group 'cg_enable_group_sys_clk')
Timing slack :    3381ps 
Start-point  : tx_wr_en
End-point    : tx_inst/fifo_inst/memory_inst/pow_opt_RC_CG_HIER_INST13/enl_reg/D

path  16:

            Pin                     Type         Fanout Load Slew  Delay Arrival   Location    
                                   (Domain)             (fF) (ps)  (ps)    (ps)       (x,   y) 
-----------------------------------------------------------------------------------------------
(clock sys_clk)                launch                                          0 R             
(constraint.sdc_line_15_3_1)   ext delay                          +33000   33000 R             
tx_wr_en                       in port                1  9.6  147    +95   33095 R             
tx_inst/wr_en 
  fifo_inst/wr_en 
    write_pointer_inst/wr_en 
      g58/A                                                           +0   33096               
      g58/Y                    INVX1_LP(slow)         1 11.2  152   +199   33294 F             
      g64__8428/B                                                     +0   33294               
      g64__8428/Y              NOR2X2_LP(slow)        7 48.3 1291  +1050   34345 R             
    write_pointer_inst/can_write 
    memory_inst/can_write 
      g1027__3680/B                                                   +0   34345               
      g1027__3680/Y            NAND2X2_LP(slow)       5 40.3  626   +837   35181 F             
      g1041__2802/C                                                   +0   35181               
      g1041__2802/Y            NOR3X2_LP(slow)        1  9.5  537   +651   35833 R             
      pow_opt_RC_CG_HIER_INST11/enable 
        g11__5526/B                                                   +0   35833               
        g11__5526/Y            OR2X1_LP(slow)         1  9.4  272   +451   36284 R             
        enl_reg/D              TLATX1_LP(slow)                        +0   36284               
- - - - - - - - - - - - - - - - - - - - - - - - - - - - - - - - - - - - - - - - - - - - - - - -
(clock sys_clk)                open                                        41665 F             
                               uncertainty                         -2000   39665 F             
        enl_reg/G              borrowed                               +0   39665               
-----------------------------------------------------------------------------------------------
Cost Group   : 'cg_enable_group_sys_clk' (path_group 'cg_enable_group_sys_clk')
Timing slack :    3381ps 
Start-point  : tx_wr_en
End-point    : tx_inst/fifo_inst/memory_inst/pow_opt_RC_CG_HIER_INST11/enl_reg/D

path  17:

            Pin                    Type         Fanout Load Slew  Delay Arrival   Location    
                                  (Domain)             (fF) (ps)  (ps)    (ps)       (x,   y) 
----------------------------------------------------------------------------------------------
(clock sys_clk)                launch                                         0 R             
(constraint.sdc_line_15_3_1)   ext delay                         +33000   33000 R             
tx_wr_en                       in port               1  9.6  147    +95   33095 R             
tx_inst/wr_en 
  fifo_inst/wr_en 
    write_pointer_inst/wr_en 
      g58/A                                                          +0   33096               
      g58/Y                    INVX1_LP(slow)        1 11.2  152   +199   33294 F             
      g64__8428/B                                                    +0   33294               
      g64__8428/Y              NOR2X2_LP(slow)       7 48.3 1291  +1050   34345 R             
      pow_opt_RC_CG_HIER_INST19/enable 
        g11__6260/B                                                  +0   34345               
        g11__6260/Y            OR2X1_LP(slow)        1  9.4  276   +581   34926 R             
        enl_reg/D              TLATX1_LP(slow)                       +0   34926               
- - - - - - - - - - - - - - - - - - - - - - - - - - - - - - - - - - - - - - - - - - - - - - - 
(clock sys_clk)                open                                       41665 F             
                               uncertainty                        -2000   39665 F             
        enl_reg/G              borrowed                              +0   39665               
----------------------------------------------------------------------------------------------
Cost Group   : 'cg_enable_group_sys_clk' (path_group 'cg_enable_group_sys_clk')
Timing slack :    4739ps 
Start-point  : tx_wr_en
End-point    : tx_inst/fifo_inst/write_pointer_inst/pow_opt_RC_CG_HIER_INST19/enl_reg/D

path  18:

            Pin                    Type         Fanout Load Slew  Delay Arrival   Location    
                                  (Domain)             (fF) (ps)  (ps)    (ps)       (x,   y) 
----------------------------------------------------------------------------------------------
(clock sys_clk)                launch                                         0 R             
(constraint.sdc_line_15_2_1)   ext delay                         +33000   33000 R             
rx_read_en                     in port               1  9.6  147    +95   33095 R             
rx_inst/read_en 
  fifo_inst/rd_en 
    read_pointer_inst/rd_en 
      g58/A                                                          +0   33096               
      g58/Y                    INVX1_LP(slow)        1 11.2  152   +199   33294 F             
      g64__3680/B                                                    +0   33294               
      g64__3680/Y              NOR2X2_LP(slow)       5 35.1  956   +801   34095 R             
      pow_opt_RC_CG_HIER_INST18/enable 
        g11__5526/B                                                  +0   34095               
        g11__5526/Y            OR2X1_LP(slow)        1  9.4  274   +534   34629 R             
        enl_reg/D              TLATX1_LP(slow)                       +0   34629               
- - - - - - - - - - - - - - - - - - - - - - - - - - - - - - - - - - - - - - - - - - - - - - - 
(clock sys_clk)                open                                       41665 F             
                               uncertainty                        -2000   39665 F             
        enl_reg/G              borrowed                              +0   39665               
----------------------------------------------------------------------------------------------
Cost Group   : 'cg_enable_group_sys_clk' (path_group 'cg_enable_group_sys_clk')
Timing slack :    5036ps 
Start-point  : rx_read_en
End-point    : rx_inst/fifo_inst/read_pointer_inst/pow_opt_RC_CG_HIER_INST18/enl_reg/D

path  19:

            Pin                    Type         Fanout Load Slew  Delay Arrival   Location    
                                  (Domain)             (fF) (ps)  (ps)    (ps)       (x,   y) 
----------------------------------------------------------------------------------------------
(clock sys_clk)                launch                                         0 R             
(constraint.sdc_line_15_2_1)   ext delay                         +33000   33000 R             
rx_read_en                     in port               1  9.6  147    +95   33095 R             
rx_inst/read_en 
  fifo_inst/rd_en 
    read_pointer_inst/rd_en 
      g58/A                                                          +0   33096               
      g58/Y                    INVX1_LP(slow)        1 11.2  152   +199   33294 F             
      g64__3680/B                                                    +0   33294               
      g64__3680/Y              NOR2X2_LP(slow)       5 35.1  956   +801   34095 R             
    read_pointer_inst/can_read 
    memory_inst/can_read 
      pow_opt_RC_CG_HIER_INST1/enable 
        g11__2883/B                                                  +0   34095               
        g11__2883/Y            OR2X1_LP(slow)        1  9.4  274   +534   34629 R             
        enl_reg/D              TLATX1_LP(slow)                       +0   34629               
- - - - - - - - - - - - - - - - - - - - - - - - - - - - - - - - - - - - - - - - - - - - - - - 
(clock sys_clk)                open                                       41665 F             
                               uncertainty                        -2000   39665 F             
        enl_reg/G              borrowed                              +0   39665               
----------------------------------------------------------------------------------------------
Cost Group   : 'cg_enable_group_sys_clk' (path_group 'cg_enable_group_sys_clk')
Timing slack :    5036ps 
Start-point  : rx_read_en
End-point    : rx_inst/fifo_inst/memory_inst/pow_opt_RC_CG_HIER_INST1/enl_reg/D

path  20:

       Pin                 Type         Fanout Load Slew Delay Arrival   Location    
                          (Domain)             (fF) (ps)  (ps)   (ps)       (x,   y) 
-------------------------------------------------------------------------------------
(clock sys_clk)       launch                                         0 R             
rx_inst
  fifo_inst
    state_inst
      f_full_reg/CK                                    0    +0       0 R             
      f_full_reg/Q    DFFRX1_LP(slow)        4 37.8  482  +970     970 F             
    state_inst/f_full 
    write_pointer_inst/f_full 
      g64__7482/B                                           +0     970               
      g64__7482/Y     NOR2X2_LP(slow)        7 51.3 1368 +1272    2242 R             
    write_pointer_inst/can_write 
    memory_inst/can_write 
      g1026__4733/B                                         +0    2242               
      g1026__4733/Y   NAND2X2_LP(slow)       3 22.3  479  +633    2875 F             
      g1025__7482/B                                         +0    2875               
      g1025__7482/Y   NOR2X2_LP(slow)        2 16.9  519  +617    3492 R             
      g1024/A                                               +0    3492               
      g1024/Y         INVX1_LP(slow)         1  9.5  217  +336    3828 F             
      g2862__2398/B                                         +0    3828               
      g2862__2398/Y   OR2X1_LP(slow)         2 18.4  268  +575    4403 F             
      g2866__4319/B                                         +0    4403               
      g2866__4319/Y   NOR2X2_LP(slow)        1  9.5  342  +371    4775 R             
      pow_opt_RC_CG_HIER_INST16/enable 
        g11__1666/B                                         +0    4775               
        g11__1666/Y   OR2X1_LP(slow)         1  9.4  272  +407    5182 R             
        enl_reg/D     TLATX1_LP(slow)                       +0    5182               
- - - - - - - - - - - - - - - - - - - - - - - - - - - - - - - - - - - - - - - - - - -
(clock sys_clk)       open                                       41665 F             
                      uncertainty                        -2000   39665 F             
        enl_reg/G     borrowed                              +0   39665               
-------------------------------------------------------------------------------------
Cost Group   : 'cg_enable_group_sys_clk' (path_group 'cg_enable_group_sys_clk')
Timing slack :   34483ps 
Start-point  : rx_inst/fifo_inst/state_inst/f_full_reg/CK
End-point    : rx_inst/fifo_inst/memory_inst/pow_opt_RC_CG_HIER_INST16/enl_reg/D

path  21:

       Pin                 Type         Fanout Load Slew Delay Arrival   Location    
                          (Domain)             (fF) (ps)  (ps)   (ps)       (x,   y) 
-------------------------------------------------------------------------------------
(clock sys_clk)       launch                                         0 R             
rx_inst
  fifo_inst
    state_inst
      f_full_reg/CK                                    0    +0       0 R             
      f_full_reg/Q    DFFRX1_LP(slow)        4 37.8  482  +970     970 F             
    state_inst/f_full 
    write_pointer_inst/f_full 
      g64__7482/B                                           +0     970               
      g64__7482/Y     NOR2X2_LP(slow)        7 51.3 1368 +1272    2242 R             
    write_pointer_inst/can_write 
    memory_inst/can_write 
      g1026__4733/B                                         +0    2242               
      g1026__4733/Y   NAND2X2_LP(slow)       3 22.3  479  +633    2875 F             
      g1025__7482/B                                         +0    2875               
      g1025__7482/Y   NOR2X2_LP(slow)        2 16.9  519  +617    3492 R             
      g1024/A                                               +0    3492               
      g1024/Y         INVX1_LP(slow)         1  9.5  217  +336    3828 F             
      g2862__2398/B                                         +0    3828               
      g2862__2398/Y   OR2X1_LP(slow)         2 18.4  268  +575    4403 F             
      g2861__5477/B                                         +0    4403               
      g2861__5477/Y   NOR2X2_LP(slow)        1  9.5  313  +371    4775 R             
      pow_opt_RC_CG_HIER_INST14/enable 
        g11__9315/B                                         +0    4775               
        g11__9315/Y   OR2X1_LP(slow)         1  9.4  272  +397    5171 R             
        enl_reg/D     TLATX1_LP(slow)                       +0    5171               
- - - - - - - - - - - - - - - - - - - - - - - - - - - - - - - - - - - - - - - - - - -
(clock sys_clk)       open                                       41665 F             
                      uncertainty                        -2000   39665 F             
        enl_reg/G     borrowed                              +0   39665               
-------------------------------------------------------------------------------------
Cost Group   : 'cg_enable_group_sys_clk' (path_group 'cg_enable_group_sys_clk')
Timing slack :   34494ps 
Start-point  : rx_inst/fifo_inst/state_inst/f_full_reg/CK
End-point    : rx_inst/fifo_inst/memory_inst/pow_opt_RC_CG_HIER_INST14/enl_reg/D

path  22:

       Pin                 Type         Fanout Load Slew Delay Arrival   Location    
                          (Domain)             (fF) (ps)  (ps)   (ps)       (x,   y) 
-------------------------------------------------------------------------------------
(clock sys_clk)       launch                                         0 R             
rx_inst
  fifo_inst
    state_inst
      f_full_reg/CK                                    0    +0       0 R             
      f_full_reg/Q    DFFRX1_LP(slow)        4 37.8  482  +970     970 F             
    state_inst/f_full 
    write_pointer_inst/f_full 
      g64__7482/B                                           +0     970               
      g64__7482/Y     NOR2X2_LP(slow)        7 51.3 1368 +1272    2242 R             
    write_pointer_inst/can_write 
    memory_inst/can_write 
      g1018__4319/B                                         +0    2242               
      g1018__4319/Y   NAND2X2_LP(slow)       1 11.2  358  +452    2694 F             
      g1035__1617/B                                         +0    2694               
      g1035__1617/Y   NOR2X2_LP(slow)        2 16.7  511  +553    3247 R             
      g1033__3680/B                                         +0    3247               
      g1033__3680/Y   NAND2X1_LP(slow)       2 18.4  489  +602    3850 F             
      g1041__7098/B                                         +0    3850               
      g1041__7098/Y   NOR2X2_LP(slow)        1  9.5  353  +471    4321 R             
      pow_opt_RC_CG_HIER_INST8/enable 
        g11__1617/B                                         +0    4321               
        g11__1617/Y   OR2X1_LP(slow)         1  9.4  272  +410    4731 R             
        enl_reg/D     TLATX1_LP(slow)                       +0    4731               
- - - - - - - - - - - - - - - - - - - - - - - - - - - - - - - - - - - - - - - - - - -
(clock sys_clk)       open                                       41665 F             
                      uncertainty                        -2000   39665 F             
        enl_reg/G     borrowed                              +0   39665               
-------------------------------------------------------------------------------------
Cost Group   : 'cg_enable_group_sys_clk' (path_group 'cg_enable_group_sys_clk')
Timing slack :   34934ps 
Start-point  : rx_inst/fifo_inst/state_inst/f_full_reg/CK
End-point    : rx_inst/fifo_inst/memory_inst/pow_opt_RC_CG_HIER_INST8/enl_reg/D

path  23:

       Pin                 Type         Fanout Load Slew Delay Arrival   Location    
                          (Domain)             (fF) (ps)  (ps)   (ps)       (x,   y) 
-------------------------------------------------------------------------------------
(clock sys_clk)       launch                                         0 R             
rx_inst
  fifo_inst
    state_inst
      f_full_reg/CK                                    0    +0       0 R             
      f_full_reg/Q    DFFRX1_LP(slow)        4 37.8  482  +970     970 F             
    state_inst/f_full 
    write_pointer_inst/f_full 
      g64__7482/B                                           +0     970               
      g64__7482/Y     NOR2X2_LP(slow)        7 51.3 1368 +1272    2242 R             
    write_pointer_inst/can_write 
    memory_inst/can_write 
      g1018__4319/B                                         +0    2242               
      g1018__4319/Y   NAND2X2_LP(slow)       1 11.2  358  +452    2694 F             
      g1035__1617/B                                         +0    2694               
      g1035__1617/Y   NOR2X2_LP(slow)        2 16.7  511  +553    3247 R             
      g1033__3680/B                                         +0    3247               
      g1033__3680/Y   NAND2X1_LP(slow)       2 18.4  489  +602    3850 F             
      g1032__6783/B                                         +0    3850               
      g1032__6783/Y   NOR2X2_LP(slow)        1  9.5  353  +471    4321 R             
      pow_opt_RC_CG_HIER_INST4/enable 
        g11__2398/B                                         +0    4321               
        g11__2398/Y   OR2X1_LP(slow)         1  9.4  272  +410    4731 R             
        enl_reg/D     TLATX1_LP(slow)                       +0    4731               
- - - - - - - - - - - - - - - - - - - - - - - - - - - - - - - - - - - - - - - - - - -
(clock sys_clk)       open                                       41665 F             
                      uncertainty                        -2000   39665 F             
        enl_reg/G     borrowed                              +0   39665               
-------------------------------------------------------------------------------------
Cost Group   : 'cg_enable_group_sys_clk' (path_group 'cg_enable_group_sys_clk')
Timing slack :   34934ps 
Start-point  : rx_inst/fifo_inst/state_inst/f_full_reg/CK
End-point    : rx_inst/fifo_inst/memory_inst/pow_opt_RC_CG_HIER_INST4/enl_reg/D

path  24:

       Pin                 Type          Fanout Load Slew Delay Arrival   Location    
                          (Domain)              (fF) (ps)  (ps)   (ps)       (x,   y) 
--------------------------------------------------------------------------------------
(clock sys_clk)       launch                                          0 R             
rx_inst
  fifo_inst
    state_inst
      f_full_reg/CK                                     0    +0       0 R             
      f_full_reg/Q    DFFRX1_LP(slow)         4 37.8  482  +970     970 F             
    state_inst/f_full 
    write_pointer_inst/f_full 
      g64__7482/B                                            +0     970               
      g64__7482/Y     NOR2X2_LP(slow)         7 51.3 1368 +1272    2242 R             
    write_pointer_inst/can_write 
    memory_inst/can_write 
      g1017__6260/C                                          +0    2242               
      g1017__6260/Y   NAND3X2_LP(slow)        3 25.5  620  +797    3040 F             
      g1016/A                                                +0    3040               
      g1016/Y         CLKINVX1_LP(slow)       1  9.7  227  +346    3386 R             
      g1015__5107/B                                          +0    3386               
      g1015__5107/Y   NAND2X1_LP(slow)        2 18.4  455  +465    3851 F             
      g1038__1705/B                                          +0    3851               
      g1038__1705/Y   NOR2X2_LP(slow)         1  9.5  346  +457    4308 R             
      pow_opt_RC_CG_HIER_INST6/enable 
        g11__8428/B                                          +0    4308               
        g11__8428/Y   OR2X1_LP(slow)          1  9.4  272  +408    4716 R             
        enl_reg/D     TLATX1_LP(slow)                        +0    4716               
- - - - - - - - - - - - - - - - - - - - - - - - - - - - - - - - - - - - - - - - - - - 
(clock sys_clk)       open                                        41665 F             
                      uncertainty                         -2000   39665 F             
        enl_reg/G     borrowed                               +0   39665               
--------------------------------------------------------------------------------------
Cost Group   : 'cg_enable_group_sys_clk' (path_group 'cg_enable_group_sys_clk')
Timing slack :   34949ps 
Start-point  : rx_inst/fifo_inst/state_inst/f_full_reg/CK
End-point    : rx_inst/fifo_inst/memory_inst/pow_opt_RC_CG_HIER_INST6/enl_reg/D

path  25:

       Pin                 Type          Fanout Load Slew Delay Arrival   Location    
                          (Domain)              (fF) (ps)  (ps)   (ps)       (x,   y) 
--------------------------------------------------------------------------------------
(clock sys_clk)       launch                                          0 R             
rx_inst
  fifo_inst
    state_inst
      f_full_reg/CK                                     0    +0       0 R             
      f_full_reg/Q    DFFRX1_LP(slow)         4 37.8  482  +970     970 F             
    state_inst/f_full 
    write_pointer_inst/f_full 
      g64__7482/B                                            +0     970               
      g64__7482/Y     NOR2X2_LP(slow)         7 51.3 1368 +1272    2242 R             
    write_pointer_inst/can_write 
    memory_inst/can_write 
      g1017__6260/C                                          +0    2242               
      g1017__6260/Y   NAND3X2_LP(slow)        3 25.5  620  +797    3040 F             
      g1016/A                                                +0    3040               
      g1016/Y         CLKINVX1_LP(slow)       1  9.7  227  +346    3386 R             
      g1015__5107/B                                          +0    3386               
      g1015__5107/Y   NAND2X1_LP(slow)        2 18.4  455  +465    3851 F             
      g1014__2398/B                                          +0    3851               
      g1014__2398/Y   NOR2X2_LP(slow)         1  9.5  346  +457    4308 R             
      pow_opt_RC_CG_HIER_INST2/enable 
        g11__1666/B                                          +0    4308               
        g11__1666/Y   OR2X1_LP(slow)          1  9.4  272  +408    4716 R             
        enl_reg/D     TLATX1_LP(slow)                        +0    4716               
- - - - - - - - - - - - - - - - - - - - - - - - - - - - - - - - - - - - - - - - - - - 
(clock sys_clk)       open                                        41665 F             
                      uncertainty                         -2000   39665 F             
        enl_reg/G     borrowed                               +0   39665               
--------------------------------------------------------------------------------------
Cost Group   : 'cg_enable_group_sys_clk' (path_group 'cg_enable_group_sys_clk')
Timing slack :   34949ps 
Start-point  : rx_inst/fifo_inst/state_inst/f_full_reg/CK
End-point    : rx_inst/fifo_inst/memory_inst/pow_opt_RC_CG_HIER_INST2/enl_reg/D

path  26:

       Pin                 Type         Fanout Load Slew Delay Arrival   Location    
                          (Domain)             (fF) (ps)  (ps)   (ps)       (x,   y) 
-------------------------------------------------------------------------------------
(clock sys_clk)       launch                                         0 R             
rx_inst
  fifo_inst
    state_inst
      f_full_reg/CK                                    0    +0       0 R             
      f_full_reg/Q    DFFRX1_LP(slow)        4 37.8  482  +970     970 F             
    state_inst/f_full 
    write_pointer_inst/f_full 
      g64__7482/B                                           +0     970               
      g64__7482/Y     NOR2X2_LP(slow)        7 51.3 1368 +1272    2242 R             
    write_pointer_inst/can_write 
    memory_inst/can_write 
      g1026__4733/B                                         +0    2242               
      g1026__4733/Y   NAND2X2_LP(slow)       3 22.3  479  +633    2875 F             
      g1025__7482/B                                         +0    2875               
      g1025__7482/Y   NOR2X2_LP(slow)        2 16.9  519  +617    3492 R             
      g1023__5115/B                                         +0    3492               
      g1023__5115/Y   NAND2X2_LP(slow)       2 18.4  276  +380    3872 F             
      g1020__7410/B                                         +0    3872               
      g1020__7410/Y   NOR2X2_LP(slow)        1  9.5  342  +376    4247 R             
      pow_opt_RC_CG_HIER_INST12/enable 
        g11__5115/B                                         +0    4247               
        g11__5115/Y   OR2X1_LP(slow)         1  9.4  272  +407    4654 R             
        enl_reg/D     TLATX1_LP(slow)                       +0    4654               
- - - - - - - - - - - - - - - - - - - - - - - - - - - - - - - - - - - - - - - - - - -
(clock sys_clk)       open                                       41665 F             
                      uncertainty                        -2000   39665 F             
        enl_reg/G     borrowed                              +0   39665               
-------------------------------------------------------------------------------------
Cost Group   : 'cg_enable_group_sys_clk' (path_group 'cg_enable_group_sys_clk')
Timing slack :   35011ps 
Start-point  : rx_inst/fifo_inst/state_inst/f_full_reg/CK
End-point    : rx_inst/fifo_inst/memory_inst/pow_opt_RC_CG_HIER_INST12/enl_reg/D

path  27:

       Pin                 Type         Fanout Load Slew Delay Arrival   Location    
                          (Domain)             (fF) (ps)  (ps)   (ps)       (x,   y) 
-------------------------------------------------------------------------------------
(clock sys_clk)       launch                                         0 R             
rx_inst
  fifo_inst
    state_inst
      f_full_reg/CK                                    0    +0       0 R             
      f_full_reg/Q    DFFRX1_LP(slow)        4 37.8  482  +970     970 F             
    state_inst/f_full 
    write_pointer_inst/f_full 
      g64__7482/B                                           +0     970               
      g64__7482/Y     NOR2X2_LP(slow)        7 51.3 1368 +1272    2242 R             
    write_pointer_inst/can_write 
    memory_inst/can_write 
      g1026__4733/B                                         +0    2242               
      g1026__4733/Y   NAND2X2_LP(slow)       3 22.3  479  +633    2875 F             
      g1025__7482/B                                         +0    2875               
      g1025__7482/Y   NOR2X2_LP(slow)        2 16.9  519  +617    3492 R             
      g1023__5115/B                                         +0    3492               
      g1023__5115/Y   NAND2X2_LP(slow)       2 18.4  276  +380    3872 F             
      g1022__1881/B                                         +0    3872               
      g1022__1881/Y   NOR2X2_LP(slow)        1  9.5  314  +376    4247 R             
      pow_opt_RC_CG_HIER_INST10/enable 
        g11__8246/B                                         +0    4247               
        g11__8246/Y   OR2X1_LP(slow)         1  9.4  272  +397    4644 R             
        enl_reg/D     TLATX1_LP(slow)                       +0    4644               
- - - - - - - - - - - - - - - - - - - - - - - - - - - - - - - - - - - - - - - - - - -
(clock sys_clk)       open                                       41665 F             
                      uncertainty                        -2000   39665 F             
        enl_reg/G     borrowed                              +0   39665               
-------------------------------------------------------------------------------------
Cost Group   : 'cg_enable_group_sys_clk' (path_group 'cg_enable_group_sys_clk')
Timing slack :   35021ps 
Start-point  : rx_inst/fifo_inst/state_inst/f_full_reg/CK
End-point    : rx_inst/fifo_inst/memory_inst/pow_opt_RC_CG_HIER_INST10/enl_reg/D

path  28:

       Pin                 Type          Fanout Load Slew Delay Arrival   Location    
                          (Domain)              (fF) (ps)  (ps)   (ps)       (x,   y) 
--------------------------------------------------------------------------------------
(clock sys_clk)       launch                                          0 R             
rx_inst
  fifo_inst
    state_inst
      f_full_reg/CK                                     0    +0       0 R             
      f_full_reg/Q    DFFRX1_LP(slow)         4 37.8  482  +970     970 F             
    state_inst/f_full 
    write_pointer_inst/f_full 
      g64__7482/B                                            +0     970               
      g64__7482/Y     NOR2X2_LP(slow)         7 51.3 1368 +1272    2242 R             
    write_pointer_inst/can_write 
    memory_inst/can_write 
      g1018__4319/B                                          +0    2242               
      g1018__4319/Y   NAND2X2_LP(slow)        1 11.2  358  +452    2694 F             
      g1035__1617/B                                          +0    2694               
      g1035__1617/Y   NOR2X2_LP(slow)         2 16.7  511  +553    3247 R             
      g1034/A                                                +0    3247               
      g1034/Y         CLKINVX1_LP(slow)       2 18.4  303  +456    3704 F             
      g1042__6131/B                                          +0    3704               
      g1042__6131/Y   NOR2X2_LP(slow)         1  9.5  316  +389    4093 R             
      pow_opt_RC_CG_HIER_INST9/enable 
        g11__1705/B                                          +0    4093               
        g11__1705/Y   OR2X1_LP(slow)          1  9.4  272  +398    4491 R             
        enl_reg/D     TLATX1_LP(slow)                        +0    4491               
- - - - - - - - - - - - - - - - - - - - - - - - - - - - - - - - - - - - - - - - - - - 
(clock sys_clk)       open                                        41665 F             
                      uncertainty                         -2000   39665 F             
        enl_reg/G     borrowed                               +0   39665               
--------------------------------------------------------------------------------------
Cost Group   : 'cg_enable_group_sys_clk' (path_group 'cg_enable_group_sys_clk')
Timing slack :   35174ps 
Start-point  : rx_inst/fifo_inst/state_inst/f_full_reg/CK
End-point    : rx_inst/fifo_inst/memory_inst/pow_opt_RC_CG_HIER_INST9/enl_reg/D

path  29:

       Pin                 Type          Fanout Load Slew Delay Arrival   Location    
                          (Domain)              (fF) (ps)  (ps)   (ps)       (x,   y) 
--------------------------------------------------------------------------------------
(clock sys_clk)       launch                                          0 R             
rx_inst
  fifo_inst
    state_inst
      f_full_reg/CK                                     0    +0       0 R             
      f_full_reg/Q    DFFRX1_LP(slow)         4 37.8  482  +970     970 F             
    state_inst/f_full 
    write_pointer_inst/f_full 
      g64__7482/B                                            +0     970               
      g64__7482/Y     NOR2X2_LP(slow)         7 51.3 1368 +1272    2242 R             
    write_pointer_inst/can_write 
    memory_inst/can_write 
      g1018__4319/B                                          +0    2242               
      g1018__4319/Y   NAND2X2_LP(slow)        1 11.2  358  +452    2694 F             
      g1035__1617/B                                          +0    2694               
      g1035__1617/Y   NOR2X2_LP(slow)         2 16.7  511  +553    3247 R             
      g1034/A                                                +0    3247               
      g1034/Y         CLKINVX1_LP(slow)       2 18.4  303  +456    3704 F             
      g1037__2802/B                                          +0    3704               
      g1037__2802/Y   NOR2X2_LP(slow)         1  9.5  316  +389    4093 R             
      pow_opt_RC_CG_HIER_INST5/enable 
        g11__6260/B                                          +0    4093               
        g11__6260/Y   OR2X1_LP(slow)          1  9.4  272  +398    4491 R             
        enl_reg/D     TLATX1_LP(slow)                        +0    4491               
- - - - - - - - - - - - - - - - - - - - - - - - - - - - - - - - - - - - - - - - - - - 
(clock sys_clk)       open                                        41665 F             
                      uncertainty                         -2000   39665 F             
        enl_reg/G     borrowed                               +0   39665               
--------------------------------------------------------------------------------------
Cost Group   : 'cg_enable_group_sys_clk' (path_group 'cg_enable_group_sys_clk')
Timing slack :   35174ps 
Start-point  : rx_inst/fifo_inst/state_inst/f_full_reg/CK
End-point    : rx_inst/fifo_inst/memory_inst/pow_opt_RC_CG_HIER_INST5/enl_reg/D

path  30:

       Pin                 Type         Fanout Load Slew Delay Arrival   Location    
                          (Domain)             (fF) (ps)  (ps)   (ps)       (x,   y) 
-------------------------------------------------------------------------------------
(clock sys_clk)       launch                                         0 R             
rx_inst
  fifo_inst
    state_inst
      f_full_reg/CK                                    0    +0       0 R             
      f_full_reg/Q    DFFRX1_LP(slow)        4 37.8  482  +970     970 F             
    state_inst/f_full 
    write_pointer_inst/f_full 
      g64__7482/B                                           +0     970               
      g64__7482/Y     NOR2X2_LP(slow)        7 51.3 1368 +1272    2242 R             
    write_pointer_inst/can_write 
    memory_inst/can_write 
      g1026__4733/B                                         +0    2242               
      g1026__4733/Y   NAND2X2_LP(slow)       3 22.3  479  +633    2875 F             
      g2865__6260/B                                         +0    2875               
      g2865__6260/Y   OR2X1_LP(slow)         2 18.4  267  +696    3571 F             
      g2867__8428/B                                         +0    3571               
      g2867__8428/Y   NOR2X2_LP(slow)        1  9.5  342  +371    3942 R             
      pow_opt_RC_CG_HIER_INST17/enable 
        g11__6417/B                                         +0    3942               
        g11__6417/Y   OR2X1_LP(slow)         1  9.4  272  +407    4349 R             
        enl_reg/D     TLATX1_LP(slow)                       +0    4349               
- - - - - - - - - - - - - - - - - - - - - - - - - - - - - - - - - - - - - - - - - - -
(clock sys_clk)       open                                       41665 F             
                      uncertainty                        -2000   39665 F             
        enl_reg/G     borrowed                              +0   39665               
-------------------------------------------------------------------------------------
Cost Group   : 'cg_enable_group_sys_clk' (path_group 'cg_enable_group_sys_clk')
Timing slack :   35316ps 
Start-point  : rx_inst/fifo_inst/state_inst/f_full_reg/CK
End-point    : rx_inst/fifo_inst/memory_inst/pow_opt_RC_CG_HIER_INST17/enl_reg/D

path  31:

       Pin                 Type         Fanout Load Slew Delay Arrival   Location    
                          (Domain)             (fF) (ps)  (ps)   (ps)       (x,   y) 
-------------------------------------------------------------------------------------
(clock sys_clk)       launch                                         0 R             
rx_inst
  fifo_inst
    state_inst
      f_full_reg/CK                                    0    +0       0 R             
      f_full_reg/Q    DFFRX1_LP(slow)        4 37.8  482  +970     970 F             
    state_inst/f_full 
    write_pointer_inst/f_full 
      g64__7482/B                                           +0     970               
      g64__7482/Y     NOR2X2_LP(slow)        7 51.3 1368 +1272    2242 R             
    write_pointer_inst/can_write 
    memory_inst/can_write 
      g1026__4733/B                                         +0    2242               
      g1026__4733/Y   NAND2X2_LP(slow)       3 22.3  479  +633    2875 F             
      g1044__9315/B                                         +0    2875               
      g1044__9315/Y   OR2X1_LP(slow)         2 18.4  267  +696    3571 F             
      g2860__6417/B                                         +0    3571               
      g2860__6417/Y   NOR2X2_LP(slow)        1  9.5  342  +371    3942 R             
      pow_opt_RC_CG_HIER_INST13/enable 
        g11__4733/B                                         +0    3942               
        g11__4733/Y   OR2X1_LP(slow)         1  9.4  272  +407    4349 R             
        enl_reg/D     TLATX1_LP(slow)                       +0    4349               
- - - - - - - - - - - - - - - - - - - - - - - - - - - - - - - - - - - - - - - - - - -
(clock sys_clk)       open                                       41665 F             
                      uncertainty                        -2000   39665 F             
        enl_reg/G     borrowed                              +0   39665               
-------------------------------------------------------------------------------------
Cost Group   : 'cg_enable_group_sys_clk' (path_group 'cg_enable_group_sys_clk')
Timing slack :   35316ps 
Start-point  : rx_inst/fifo_inst/state_inst/f_full_reg/CK
End-point    : rx_inst/fifo_inst/memory_inst/pow_opt_RC_CG_HIER_INST13/enl_reg/D

path  32:

       Pin                 Type         Fanout Load Slew Delay Arrival   Location    
                          (Domain)             (fF) (ps)  (ps)   (ps)       (x,   y) 
-------------------------------------------------------------------------------------
(clock sys_clk)       launch                                         0 R             
rx_inst
  fifo_inst
    state_inst
      f_full_reg/CK                                    0    +0       0 R             
      f_full_reg/Q    DFFRX1_LP(slow)        4 37.8  482  +970     970 F             
    state_inst/f_full 
    write_pointer_inst/f_full 
      g64__7482/B                                           +0     970               
      g64__7482/Y     NOR2X2_LP(slow)        7 51.3 1368 +1272    2242 R             
    write_pointer_inst/can_write 
    memory_inst/can_write 
      g1026__4733/B                                         +0    2242               
      g1026__4733/Y   NAND2X2_LP(slow)       3 22.3  479  +633    2875 F             
      g2865__6260/B                                         +0    2875               
      g2865__6260/Y   OR2X1_LP(slow)         2 18.4  267  +696    3571 F             
      g2864__5107/B                                         +0    3571               
      g2864__5107/Y   NOR2X2_LP(slow)        1  9.5  313  +371    3942 R             
      pow_opt_RC_CG_HIER_INST15/enable 
        g11__2883/B                                         +0    3942               
        g11__2883/Y   OR2X1_LP(slow)         1  9.4  272  +397    4339 R             
        enl_reg/D     TLATX1_LP(slow)                       +0    4339               
- - - - - - - - - - - - - - - - - - - - - - - - - - - - - - - - - - - - - - - - - - -
(clock sys_clk)       open                                       41665 F             
                      uncertainty                        -2000   39665 F             
        enl_reg/G     borrowed                              +0   39665               
-------------------------------------------------------------------------------------
Cost Group   : 'cg_enable_group_sys_clk' (path_group 'cg_enable_group_sys_clk')
Timing slack :   35326ps 
Start-point  : rx_inst/fifo_inst/state_inst/f_full_reg/CK
End-point    : rx_inst/fifo_inst/memory_inst/pow_opt_RC_CG_HIER_INST15/enl_reg/D

path  33:

       Pin                 Type         Fanout Load Slew Delay Arrival   Location    
                          (Domain)             (fF) (ps)  (ps)   (ps)       (x,   y) 
-------------------------------------------------------------------------------------
(clock sys_clk)       launch                                         0 R             
rx_inst
  fifo_inst
    state_inst
      f_full_reg/CK                                    0    +0       0 R             
      f_full_reg/Q    DFFRX1_LP(slow)        4 37.8  482  +970     970 F             
    state_inst/f_full 
    write_pointer_inst/f_full 
      g64__7482/B                                           +0     970               
      g64__7482/Y     NOR2X2_LP(slow)        7 51.3 1368 +1272    2242 R             
    write_pointer_inst/can_write 
    memory_inst/can_write 
      g1026__4733/B                                         +0    2242               
      g1026__4733/Y   NAND2X2_LP(slow)       3 22.3  479  +633    2875 F             
      g1044__9315/B                                         +0    2875               
      g1044__9315/Y   OR2X1_LP(slow)         2 18.4  267  +696    3571 F             
      g1021__6161/B                                         +0    3571               
      g1021__6161/Y   NOR2X2_LP(slow)        1  9.5  313  +371    3942 R             
      pow_opt_RC_CG_HIER_INST11/enable 
        g11__6131/B                                         +0    3942               
        g11__6131/Y   OR2X1_LP(slow)         1  9.4  272  +397    4339 R             
        enl_reg/D     TLATX1_LP(slow)                       +0    4339               
- - - - - - - - - - - - - - - - - - - - - - - - - - - - - - - - - - - - - - - - - - -
(clock sys_clk)       open                                       41665 F             
                      uncertainty                        -2000   39665 F             
        enl_reg/G     borrowed                              +0   39665               
-------------------------------------------------------------------------------------
Cost Group   : 'cg_enable_group_sys_clk' (path_group 'cg_enable_group_sys_clk')
Timing slack :   35326ps 
Start-point  : rx_inst/fifo_inst/state_inst/f_full_reg/CK
End-point    : rx_inst/fifo_inst/memory_inst/pow_opt_RC_CG_HIER_INST11/enl_reg/D

path  34:

       Pin                 Type         Fanout Load Slew Delay Arrival   Location    
                          (Domain)             (fF) (ps)  (ps)   (ps)       (x,   y) 
-------------------------------------------------------------------------------------
(clock sys_clk)       launch                                         0 R             
rx_inst
  fifo_inst
    state_inst
      f_full_reg/CK                                    0    +0       0 R             
      f_full_reg/Q    DFFRX1_LP(slow)        4 37.8  482  +970     970 F             
    state_inst/f_full 
    write_pointer_inst/f_full 
      g64__7482/B                                           +0     970               
      g64__7482/Y     NOR2X2_LP(slow)        7 51.3 1368 +1272    2242 R             
    write_pointer_inst/can_write 
    memory_inst/can_write 
      g1017__6260/C                                         +0    2242               
      g1017__6260/Y   NAND3X2_LP(slow)       3 25.5  620  +797    3040 F             
      g1039__5122/B                                         +0    3040               
      g1039__5122/Y   NOR2X2_LP(slow)        1  9.5  383  +527    3567 R             
      pow_opt_RC_CG_HIER_INST7/enable 
        g11__6783/B                                         +0    3567               
        g11__6783/Y   OR2X1_LP(slow)         1  9.4  272  +416    3983 R             
        enl_reg/D     TLATX1_LP(slow)                       +0    3983               
- - - - - - - - - - - - - - - - - - - - - - - - - - - - - - - - - - - - - - - - - - -
(clock sys_clk)       open                                       41665 F             
                      uncertainty                        -2000   39665 F             
        enl_reg/G     borrowed                              +0   39665               
-------------------------------------------------------------------------------------
Cost Group   : 'cg_enable_group_sys_clk' (path_group 'cg_enable_group_sys_clk')
Timing slack :   35682ps 
Start-point  : rx_inst/fifo_inst/state_inst/f_full_reg/CK
End-point    : rx_inst/fifo_inst/memory_inst/pow_opt_RC_CG_HIER_INST7/enl_reg/D

path  35:

       Pin                 Type         Fanout Load Slew Delay Arrival   Location    
                          (Domain)             (fF) (ps)  (ps)   (ps)       (x,   y) 
-------------------------------------------------------------------------------------
(clock sys_clk)       launch                                         0 R             
rx_inst
  fifo_inst
    state_inst
      f_full_reg/CK                                    0    +0       0 R             
      f_full_reg/Q    DFFRX1_LP(slow)        4 37.8  482  +970     970 F             
    state_inst/f_full 
    write_pointer_inst/f_full 
      g64__7482/B                                           +0     970               
      g64__7482/Y     NOR2X2_LP(slow)        7 51.3 1368 +1272    2242 R             
    write_pointer_inst/can_write 
    memory_inst/can_write 
      g1017__6260/C                                         +0    2242               
      g1017__6260/Y   NAND3X2_LP(slow)       3 25.5  620  +797    3040 F             
      g1013__8428/B                                         +0    3040               
      g1013__8428/Y   NOR2X2_LP(slow)        1  9.5  383  +527    3567 R             
      pow_opt_RC_CG_HIER_INST3/enable 
        g11__6417/B                                         +0    3567               
        g11__6417/Y   OR2X1_LP(slow)         1  9.4  272  +416    3983 R             
        enl_reg/D     TLATX1_LP(slow)                       +0    3983               
- - - - - - - - - - - - - - - - - - - - - - - - - - - - - - - - - - - - - - - - - - -
(clock sys_clk)       open                                       41665 F             
                      uncertainty                        -2000   39665 F             
        enl_reg/G     borrowed                              +0   39665               
-------------------------------------------------------------------------------------
Cost Group   : 'cg_enable_group_sys_clk' (path_group 'cg_enable_group_sys_clk')
Timing slack :   35682ps 
Start-point  : rx_inst/fifo_inst/state_inst/f_full_reg/CK
End-point    : rx_inst/fifo_inst/memory_inst/pow_opt_RC_CG_HIER_INST3/enl_reg/D

path  36:

        Pin                 Type         Fanout Load Slew Delay Arrival   Location    
                           (Domain)             (fF) (ps)  (ps)   (ps)       (x,   y) 
--------------------------------------------------------------------------------------
(clock sys_clk)        launch                                         0 R             
tx_inst
  fifo_inst
    state_inst
      f_empty_reg/CK                                    0    +0       0 R             
      f_empty_reg/Q    SDFFSX1_LP(slow)       4 31.0  404  +923     923 F             
    state_inst/f_empty 
  fifo_inst/f_empty 
  g19__4733/B                                                +0     923               
  g19__4733/Y          NOR2X2_LP(slow)        1  9.6  336  +437    1360 R             
  fifo_inst/rd_en 
    read_pointer_inst/rd_en 
      g58/A                                                  +0    1360               
      g58/Y            INVX1_LP(slow)         1 11.2  191  +296    1657 F             
      g64__2883/B                                            +0    1657               
      g64__2883/Y      NOR2X2_LP(slow)        5 34.9  951  +816    2473 R             
      pow_opt_RC_CG_HIER_INST18/enable 
        g11__9315/B                                          +0    2473               
        g11__9315/Y    OR2X1_LP(slow)         1  9.4  274  +534    3006 R             
        enl_reg/D      TLATX1_LP(slow)                       +0    3007               
- - - - - - - - - - - - - - - - - - - - - - - - - - - - - - - - - - - - - - - - - - - 
(clock sys_clk)        open                                       41665 F             
                       uncertainty                        -2000   39665 F             
        enl_reg/G      borrowed                              +0   39665               
--------------------------------------------------------------------------------------
Cost Group   : 'cg_enable_group_sys_clk' (path_group 'cg_enable_group_sys_clk')
Timing slack :   36658ps 
Start-point  : tx_inst/fifo_inst/state_inst/f_empty_reg/CK
End-point    : tx_inst/fifo_inst/read_pointer_inst/pow_opt_RC_CG_HIER_INST18/enl_reg/D

path  37:

        Pin                 Type         Fanout Load Slew Delay Arrival   Location    
                           (Domain)             (fF) (ps)  (ps)   (ps)       (x,   y) 
--------------------------------------------------------------------------------------
(clock sys_clk)        launch                                         0 R             
tx_inst
  fifo_inst
    state_inst
      f_empty_reg/CK                                    0    +0       0 R             
      f_empty_reg/Q    SDFFSX1_LP(slow)       4 31.0  404  +923     923 F             
    state_inst/f_empty 
  fifo_inst/f_empty 
  g19__4733/B                                                +0     923               
  g19__4733/Y          NOR2X2_LP(slow)        1  9.6  336  +437    1360 R             
  fifo_inst/rd_en 
    read_pointer_inst/rd_en 
      g58/A                                                  +0    1360               
      g58/Y            INVX1_LP(slow)         1 11.2  191  +296    1657 F             
      g64__2883/B                                            +0    1657               
      g64__2883/Y      NOR2X2_LP(slow)        5 34.9  951  +816    2473 R             
    read_pointer_inst/can_read 
    memory_inst/can_read 
      pow_opt_RC_CG_HIER_INST1/enable 
        g11__7098/B                                          +0    2473               
        g11__7098/Y    OR2X1_LP(slow)         1  9.4  274  +534    3006 R             
        enl_reg/D      TLATX1_LP(slow)                       +0    3007               
- - - - - - - - - - - - - - - - - - - - - - - - - - - - - - - - - - - - - - - - - - - 
(clock sys_clk)        open                                       41665 F             
                       uncertainty                        -2000   39665 F             
        enl_reg/G      borrowed                              +0   39665               
--------------------------------------------------------------------------------------
Cost Group   : 'cg_enable_group_sys_clk' (path_group 'cg_enable_group_sys_clk')
Timing slack :   36658ps 
Start-point  : tx_inst/fifo_inst/state_inst/f_empty_reg/CK
End-point    : tx_inst/fifo_inst/memory_inst/pow_opt_RC_CG_HIER_INST1/enl_reg/D

path  38:

       Pin                Type         Fanout Load Slew Delay Arrival   Location    
                         (Domain)             (fF) (ps)  (ps)   (ps)       (x,   y) 
------------------------------------------------------------------------------------
(clock sys_clk)       launch                                        0 R             
rx_inst
  fifo_inst
    state_inst
      f_full_reg/CK                                   0    +0       0 R             
      f_full_reg/Q    DFFRX1_LP(slow)       4 37.8  482  +970     970 F             
    state_inst/f_full 
    write_pointer_inst/f_full 
      g64__7482/B                                          +0     970               
      g64__7482/Y     NOR2X2_LP(slow)       7 51.3 1368 +1272    2242 R             
      pow_opt_RC_CG_HIER_INST19/enable 
        g11__1881/B                                        +0    2242               
        g11__1881/Y   OR2X1_LP(slow)        1  9.4  276  +592    2834 R             
        enl_reg/D     TLATX1_LP(slow)                      +0    2834               
- - - - - - - - - - - - - - - - - - - - - - - - - - - - - - - - - - - - - - - - - - 
(clock sys_clk)       open                                      41665 F             
                      uncertainty                       -2000   39665 F             
        enl_reg/G     borrowed                             +0   39665               
------------------------------------------------------------------------------------
Cost Group   : 'cg_enable_group_sys_clk' (path_group 'cg_enable_group_sys_clk')
Timing slack :   36831ps 
Start-point  : rx_inst/fifo_inst/state_inst/f_full_reg/CK
End-point    : rx_inst/fifo_inst/write_pointer_inst/pow_opt_RC_CG_HIER_INST19/enl_reg/D

path  39:

        Pin                 Type         Fanout Load Slew Delay Arrival   Location    
                           (Domain)             (fF) (ps)  (ps)   (ps)       (x,   y) 
--------------------------------------------------------------------------------------
(clock sys_clk)        launch                                         0 R             
rx_inst
  uart_rx_inst
    rx_done_o_reg/CK                                    0    +0       0 R             
    rx_done_o_reg/QN   DFFX1_LP(slow)         1 11.2  313  +803     803 R             
    g1252__3680/A                                            +0     803               
    g1252__3680/Y      NAND2X2_LP(slow)       1  9.5  142  +220    1023 F             
    pow_opt_RC_CG_HIER_INST20/enable 
      g11__7410/B                                            +0    1023               
      g11__7410/Y      OR2X1_LP(slow)         1  9.4  163  +446    1469 F             
      enl_reg/D        TLATX1_LP(slow)                       +0    1469               
- - - - - - - - - - - - - - - - - - - - - - - - - - - - - - - - - - - - - - - - - - - 
(clock sys_clk)        open                                       41665 F             
                       uncertainty                        -2000   39665 F             
      enl_reg/G        borrowed                              +0   39665               
--------------------------------------------------------------------------------------
Cost Group   : 'cg_enable_group_sys_clk' (path_group 'cg_enable_group_sys_clk')
Timing slack :   38196ps 
Start-point  : rx_inst/uart_rx_inst/rx_done_o_reg/CK
End-point    : rx_inst/uart_rx_inst/pow_opt_RC_CG_HIER_INST20/enl_reg/D

path  40:

         Pin                      Type          Fanout Load Slew Delay Arrival   Location    
                                 (Domain)              (fF) (ps)  (ps)   (ps)       (x,   y) 
---------------------------------------------------------------------------------------------
(clock sys_clk)             launch                                       41665 F             
rx_inst
  uart_rx_inst
    pow_opt_RC_CG_HIER_INST20
      enl_reg/G                                                0    +0   41665 R             
      enl_reg/Q             TLATX1_LP(slow)          1  9.6  280  +778   42443 R             
      g17__6417/B      (b)  CLKAND2X2_LP(slow)                      +0   42443 R             
(clk_gating_check_137)      ext delay                               +0   42443 R             
- - - - - - - - - - - - - - - - - - - - - - - - - - - - - - - - - - - - - - - - - - - - - - -
(clock sys_clk)             capture                                      83330 R             
                            uncertainty                          -2000   81330 R             
---------------------------------------------------------------------------------------------
Cost Group   : 'sys_clk' (path_group 'sys_clk')
Timing slack :   38887ps 
Start-point  : rx_inst/uart_rx_inst/pow_opt_RC_CG_HIER_INST20/enl_reg/G
End-point    : rx_inst/uart_rx_inst/pow_opt_RC_CG_HIER_INST20/g17__6417/B

(b) : Timing paths are broken.

path  41:

         Pin                      Type          Fanout Load Slew Delay Arrival   Location    
                                 (Domain)              (fF) (ps)  (ps)   (ps)       (x,   y) 
---------------------------------------------------------------------------------------------
(clock sys_clk)             launch                                       41665 F             
rx_inst
  fifo_inst
    write_pointer_inst
      pow_opt_RC_CG_HIER_INST19
        enl_reg/G                                              0    +0   41665 R             
        enl_reg/Q           TLATX1_LP(slow)          1  9.6  280  +778   42443 R             
        g17__5115/B    (b)  CLKAND2X2_LP(slow)                      +0   42443 R             
(clk_gating_check_148)      ext delay                               +0   42443 R             
- - - - - - - - - - - - - - - - - - - - - - - - - - - - - - - - - - - - - - - - - - - - - - -
(clock sys_clk)             capture                                      83330 R             
                            uncertainty                          -2000   81330 R             
---------------------------------------------------------------------------------------------
Cost Group   : 'sys_clk' (path_group 'sys_clk')
Timing slack :   38887ps 
Start-point  : rx_inst/fifo_inst/write_pointer_inst/pow_opt_RC_CG_HIER_INST19/enl_reg/G
End-point    : rx_inst/fifo_inst/write_pointer_inst/pow_opt_RC_CG_HIER_INST19/g17__5115/B

(b) : Timing paths are broken.

path  42:

         Pin                      Type          Fanout Load Slew Delay Arrival   Location    
                                 (Domain)              (fF) (ps)  (ps)   (ps)       (x,   y) 
---------------------------------------------------------------------------------------------
(clock sys_clk)             launch                                       41665 F             
tx_inst
  fifo_inst
    write_pointer_inst
      pow_opt_RC_CG_HIER_INST19
        enl_reg/G                                              0    +0   41665 R             
        enl_reg/Q           TLATX1_LP(slow)          1  9.6  280  +778   42443 R             
        g17__4319/B    (b)  CLKAND2X2_LP(slow)                      +0   42443 R             
(clk_gating_check_146)      ext delay                               +0   42443 R             
- - - - - - - - - - - - - - - - - - - - - - - - - - - - - - - - - - - - - - - - - - - - - - -
(clock sys_clk)             capture                                      83330 R             
                            uncertainty                          -2000   81330 R             
---------------------------------------------------------------------------------------------
Cost Group   : 'sys_clk' (path_group 'sys_clk')
Timing slack :   38887ps 
Start-point  : tx_inst/fifo_inst/write_pointer_inst/pow_opt_RC_CG_HIER_INST19/enl_reg/G
End-point    : tx_inst/fifo_inst/write_pointer_inst/pow_opt_RC_CG_HIER_INST19/g17__4319/B

(b) : Timing paths are broken.

path  43:

         Pin                      Type          Fanout Load Slew Delay Arrival   Location    
                                 (Domain)              (fF) (ps)  (ps)   (ps)       (x,   y) 
---------------------------------------------------------------------------------------------
(clock sys_clk)             launch                                       41665 F             
rx_inst
  fifo_inst
    read_pointer_inst
      pow_opt_RC_CG_HIER_INST18
        enl_reg/G                                              0    +0   41665 R             
        enl_reg/Q           TLATX1_LP(slow)          1  9.6  280  +778   42443 R             
        g17__6783/B    (b)  CLKAND2X2_LP(slow)                      +0   42443 R             
(clk_gating_check_154)      ext delay                               +0   42443 R             
- - - - - - - - - - - - - - - - - - - - - - - - - - - - - - - - - - - - - - - - - - - - - - -
(clock sys_clk)             capture                                      83330 R             
                            uncertainty                          -2000   81330 R             
---------------------------------------------------------------------------------------------
Cost Group   : 'sys_clk' (path_group 'sys_clk')
Timing slack :   38887ps 
Start-point  : rx_inst/fifo_inst/read_pointer_inst/pow_opt_RC_CG_HIER_INST18/enl_reg/G
End-point    : rx_inst/fifo_inst/read_pointer_inst/pow_opt_RC_CG_HIER_INST18/g17__6783/B

(b) : Timing paths are broken.

path  44:

         Pin                      Type          Fanout Load Slew Delay Arrival   Location    
                                 (Domain)              (fF) (ps)  (ps)   (ps)       (x,   y) 
---------------------------------------------------------------------------------------------
(clock sys_clk)             launch                                       41665 F             
tx_inst
  fifo_inst
    read_pointer_inst
      pow_opt_RC_CG_HIER_INST18
        enl_reg/G                                              0    +0   41665 R             
        enl_reg/Q           TLATX1_LP(slow)          1  9.6  280  +778   42443 R             
        g17__9945/B    (b)  CLKAND2X2_LP(slow)                      +0   42443 R             
(clk_gating_check_149)      ext delay                               +0   42443 R             
- - - - - - - - - - - - - - - - - - - - - - - - - - - - - - - - - - - - - - - - - - - - - - -
(clock sys_clk)             capture                                      83330 R             
                            uncertainty                          -2000   81330 R             
---------------------------------------------------------------------------------------------
Cost Group   : 'sys_clk' (path_group 'sys_clk')
Timing slack :   38887ps 
Start-point  : tx_inst/fifo_inst/read_pointer_inst/pow_opt_RC_CG_HIER_INST18/enl_reg/G
End-point    : tx_inst/fifo_inst/read_pointer_inst/pow_opt_RC_CG_HIER_INST18/g17__9945/B

(b) : Timing paths are broken.

path  45:

         Pin                      Type          Fanout Load Slew Delay Arrival   Location    
                                 (Domain)              (fF) (ps)  (ps)   (ps)       (x,   y) 
---------------------------------------------------------------------------------------------
(clock sys_clk)             launch                                       41665 F             
rx_inst
  fifo_inst
    memory_inst
      pow_opt_RC_CG_HIER_INST17
        enl_reg/G                                              0    +0   41665 R             
        enl_reg/Q           TLATX1_LP(slow)          1  9.6  280  +778   42443 R             
        g17__5477/B    (b)  CLKAND2X2_LP(slow)                      +0   42443 R             
(clk_gating_check_163)      ext delay                               +0   42443 R             
- - - - - - - - - - - - - - - - - - - - - - - - - - - - - - - - - - - - - - - - - - - - - - -
(clock sys_clk)             capture                                      83330 R             
                            uncertainty                          -2000   81330 R             
---------------------------------------------------------------------------------------------
Cost Group   : 'sys_clk' (path_group 'sys_clk')
Timing slack :   38887ps 
Start-point  : rx_inst/fifo_inst/memory_inst/pow_opt_RC_CG_HIER_INST17/enl_reg/G
End-point    : rx_inst/fifo_inst/memory_inst/pow_opt_RC_CG_HIER_INST17/g17__5477/B

(b) : Timing paths are broken.

path  46:

         Pin                      Type          Fanout Load Slew Delay Arrival   Location    
                                 (Domain)              (fF) (ps)  (ps)   (ps)       (x,   y) 
---------------------------------------------------------------------------------------------
(clock sys_clk)             launch                                       41665 F             
tx_inst
  fifo_inst
    memory_inst
      pow_opt_RC_CG_HIER_INST17
        enl_reg/G                                              0    +0   41665 R             
        enl_reg/Q           TLATX1_LP(slow)          1  9.6  280  +778   42443 R             
        g17__4733/B    (b)  CLKAND2X2_LP(slow)                      +0   42443 R             
(clk_gating_check_151)      ext delay                               +0   42443 R             
- - - - - - - - - - - - - - - - - - - - - - - - - - - - - - - - - - - - - - - - - - - - - - -
(clock sys_clk)             capture                                      83330 R             
                            uncertainty                          -2000   81330 R             
---------------------------------------------------------------------------------------------
Cost Group   : 'sys_clk' (path_group 'sys_clk')
Timing slack :   38887ps 
Start-point  : tx_inst/fifo_inst/memory_inst/pow_opt_RC_CG_HIER_INST17/enl_reg/G
End-point    : tx_inst/fifo_inst/memory_inst/pow_opt_RC_CG_HIER_INST17/g17__4733/B

(b) : Timing paths are broken.

path  47:

         Pin                      Type          Fanout Load Slew Delay Arrival   Location    
                                 (Domain)              (fF) (ps)  (ps)   (ps)       (x,   y) 
---------------------------------------------------------------------------------------------
(clock sys_clk)             launch                                       41665 F             
rx_inst
  fifo_inst
    memory_inst
      pow_opt_RC_CG_HIER_INST16
        enl_reg/G                                              0    +0   41665 R             
        enl_reg/Q           TLATX1_LP(slow)          1  9.6  280  +778   42443 R             
        g17__7410/B    (b)  CLKAND2X2_LP(slow)                      +0   42443 R             
(clk_gating_check_167)      ext delay                               +0   42443 R             
- - - - - - - - - - - - - - - - - - - - - - - - - - - - - - - - - - - - - - - - - - - - - - -
(clock sys_clk)             capture                                      83330 R             
                            uncertainty                          -2000   81330 R             
---------------------------------------------------------------------------------------------
Cost Group   : 'sys_clk' (path_group 'sys_clk')
Timing slack :   38887ps 
Start-point  : rx_inst/fifo_inst/memory_inst/pow_opt_RC_CG_HIER_INST16/enl_reg/G
End-point    : rx_inst/fifo_inst/memory_inst/pow_opt_RC_CG_HIER_INST16/g17__7410/B

(b) : Timing paths are broken.

path  48:

         Pin                      Type          Fanout Load Slew Delay Arrival   Location    
                                 (Domain)              (fF) (ps)  (ps)   (ps)       (x,   y) 
---------------------------------------------------------------------------------------------
(clock sys_clk)             launch                                       41665 F             
tx_inst
  fifo_inst
    memory_inst
      pow_opt_RC_CG_HIER_INST16
        enl_reg/G                                              0    +0   41665 R             
        enl_reg/Q           TLATX1_LP(slow)          1  9.6  280  +778   42443 R             
        g17__5115/B    (b)  CLKAND2X2_LP(slow)                      +0   42443 R             
(clk_gating_check_152)      ext delay                               +0   42443 R             
- - - - - - - - - - - - - - - - - - - - - - - - - - - - - - - - - - - - - - - - - - - - - - -
(clock sys_clk)             capture                                      83330 R             
                            uncertainty                          -2000   81330 R             
---------------------------------------------------------------------------------------------
Cost Group   : 'sys_clk' (path_group 'sys_clk')
Timing slack :   38887ps 
Start-point  : tx_inst/fifo_inst/memory_inst/pow_opt_RC_CG_HIER_INST16/enl_reg/G
End-point    : tx_inst/fifo_inst/memory_inst/pow_opt_RC_CG_HIER_INST16/g17__5115/B

(b) : Timing paths are broken.

path  49:

         Pin                      Type          Fanout Load Slew Delay Arrival   Location    
                                 (Domain)              (fF) (ps)  (ps)   (ps)       (x,   y) 
---------------------------------------------------------------------------------------------
(clock sys_clk)             launch                                       41665 F             
rx_inst
  fifo_inst
    memory_inst
      pow_opt_RC_CG_HIER_INST15
        enl_reg/G                                              0    +0   41665 R             
        enl_reg/Q           TLATX1_LP(slow)          1  9.6  280  +778   42443 R             
        g17__2346/B    (b)  CLKAND2X2_LP(slow)                      +0   42443 R             
(clk_gating_check_170)      ext delay                               +0   42443 R             
- - - - - - - - - - - - - - - - - - - - - - - - - - - - - - - - - - - - - - - - - - - - - - -
(clock sys_clk)             capture                                      83330 R             
                            uncertainty                          -2000   81330 R             
---------------------------------------------------------------------------------------------
Cost Group   : 'sys_clk' (path_group 'sys_clk')
Timing slack :   38887ps 
Start-point  : rx_inst/fifo_inst/memory_inst/pow_opt_RC_CG_HIER_INST15/enl_reg/G
End-point    : rx_inst/fifo_inst/memory_inst/pow_opt_RC_CG_HIER_INST15/g17__2346/B

(b) : Timing paths are broken.

path  50:

         Pin                      Type          Fanout Load Slew Delay Arrival   Location    
                                 (Domain)              (fF) (ps)  (ps)   (ps)       (x,   y) 
---------------------------------------------------------------------------------------------
(clock sys_clk)             launch                                       41665 F             
tx_inst
  fifo_inst
    memory_inst
      pow_opt_RC_CG_HIER_INST15
        enl_reg/G                                              0    +0   41665 R             
        enl_reg/Q           TLATX1_LP(slow)          1  9.6  280  +778   42443 R             
        g17__6131/B    (b)  CLKAND2X2_LP(slow)                      +0   42443 R             
(clk_gating_check_153)      ext delay                               +0   42443 R             
- - - - - - - - - - - - - - - - - - - - - - - - - - - - - - - - - - - - - - - - - - - - - - -
(clock sys_clk)             capture                                      83330 R             
                            uncertainty                          -2000   81330 R             
---------------------------------------------------------------------------------------------
Cost Group   : 'sys_clk' (path_group 'sys_clk')
Timing slack :   38887ps 
Start-point  : tx_inst/fifo_inst/memory_inst/pow_opt_RC_CG_HIER_INST15/enl_reg/G
End-point    : tx_inst/fifo_inst/memory_inst/pow_opt_RC_CG_HIER_INST15/g17__6131/B

(b) : Timing paths are broken.

